ISO-10303-21;
HEADER;
/* Generated by software containing ST-Developer
 * from STEP Tools, Inc. (www.steptools.com) 
 */
/* OPTION: using custom schema-name function */

FILE_DESCRIPTION(
/* description */ (''),
/* implementation_level */ '2;1');

FILE_NAME(
/* name */ 'Owner-Occupier1_LOD3.0_STEP',
/* time_stamp */ '2026-04-09T15:52:59+02:00',
/* author */ (''),
/* organization */ (''),
/* preprocessor_version */ 'ST-DEVELOPER v19.2',
/* originating_system */ 'Rhino 8.29',
/* authorisation */ '');

FILE_SCHEMA (('CONFIG_CONTROL_DESIGN'));
ENDSEC;

DATA;
#10=SHAPE_REPRESENTATION_RELATIONSHIP('','',#1660,#84);
#11=FACE_BOUND('',#302,.T.);
#12=FACE_BOUND('',#303,.T.);
#13=FACE_BOUND('',#304,.T.);
#14=FACE_BOUND('',#305,.T.);
#15=FACE_BOUND('',#306,.T.);
#16=FACE_BOUND('',#307,.T.);
#17=FACE_BOUND('',#324,.T.);
#18=FACE_BOUND('',#325,.T.);
#19=FACE_BOUND('',#328,.T.);
#20=FACE_BOUND('',#329,.T.);
#21=FACE_BOUND('',#330,.T.);
#22=FACE_BOUND('',#331,.T.);
#23=FACE_BOUND('',#336,.T.);
#24=SHELL_BASED_SURFACE_MODEL(
'SolarPanelSurface_31|parent=RoofSurface_02',(#85));
#25=SHELL_BASED_SURFACE_MODEL(
'SolarPanelSurface_32|parent=RoofSurface_02',(#86));
#26=SHELL_BASED_SURFACE_MODEL(
'SolarPanelSurface_33|parent=RoofSurface_02',(#87));
#27=SHELL_BASED_SURFACE_MODEL(
'SolarPanelSurface_34|parent=RoofSurface_02',(#88));
#28=SHELL_BASED_SURFACE_MODEL(
'SolarPanelSurface_35|parent=RoofSurface_02',(#89));
#29=SHELL_BASED_SURFACE_MODEL(
'SolarPanelSurface_36|parent=RoofSurface_02',(#90));
#30=SHELL_BASED_SURFACE_MODEL(
'SolarPanelSurface_25|parent=RoofSurface_02',(#91));
#31=SHELL_BASED_SURFACE_MODEL(
'SolarPanelSurface_26|parent=RoofSurface_02',(#92));
#32=SHELL_BASED_SURFACE_MODEL(
'SolarPanelSurface_27|parent=RoofSurface_02',(#93));
#33=SHELL_BASED_SURFACE_MODEL(
'SolarPanelSurface_28|parent=RoofSurface_02',(#94));
#34=SHELL_BASED_SURFACE_MODEL(
'SolarPanelSurface_29|parent=RoofSurface_02',(#95));
#35=SHELL_BASED_SURFACE_MODEL(
'SolarPanelSurface_30|parent=RoofSurface_02',(#96));
#36=SHELL_BASED_SURFACE_MODEL(
'SolarPanelSurface_19|parent=RoofSurface_02',(#97));
#37=SHELL_BASED_SURFACE_MODEL(
'SolarPanelSurface_20|parent=RoofSurface_02',(#98));
#38=SHELL_BASED_SURFACE_MODEL(
'SolarPanelSurface_21|parent=RoofSurface_02',(#99));
#39=SHELL_BASED_SURFACE_MODEL(
'SolarPanelSurface_22|parent=RoofSurface_02',(#100));
#40=SHELL_BASED_SURFACE_MODEL(
'SolarPanelSurface_23|parent=RoofSurface_02',(#101));
#41=SHELL_BASED_SURFACE_MODEL(
'SolarPanelSurface_24|parent=RoofSurface_02',(#102));
#42=SHELL_BASED_SURFACE_MODEL(
'SolarPanelSurface_13|parent=RoofSurface_02',(#103));
#43=SHELL_BASED_SURFACE_MODEL(
'SolarPanelSurface_14|parent=RoofSurface_02',(#104));
#44=SHELL_BASED_SURFACE_MODEL(
'SolarPanelSurface_15|parent=RoofSurface_02',(#105));
#45=SHELL_BASED_SURFACE_MODEL(
'SolarPanelSurface_16|parent=RoofSurface_02',(#106));
#46=SHELL_BASED_SURFACE_MODEL(
'SolarPanelSurface_17|parent=RoofSurface_02',(#107));
#47=SHELL_BASED_SURFACE_MODEL(
'SolarPanelSurface_18|parent=RoofSurface_02',(#108));
#48=SHELL_BASED_SURFACE_MODEL(
'SolarPanelSurface_07|parent=RoofSurface_02',(#109));
#49=SHELL_BASED_SURFACE_MODEL(
'SolarPanelSurface_08|parent=RoofSurface_02',(#110));
#50=SHELL_BASED_SURFACE_MODEL(
'SolarPanelSurface_09|parent=RoofSurface_02',(#111));
#51=SHELL_BASED_SURFACE_MODEL(
'SolarPanelSurface_10|parent=RoofSurface_02',(#112));
#52=SHELL_BASED_SURFACE_MODEL(
'SolarPanelSurface_11|parent=RoofSurface_02',(#113));
#53=SHELL_BASED_SURFACE_MODEL(
'SolarPanelSurface_12|parent=RoofSurface_02',(#114));
#54=SHELL_BASED_SURFACE_MODEL(
'SolarPanelSurface_01|parent=RoofSurface_02',(#115));
#55=SHELL_BASED_SURFACE_MODEL(
'SolarPanelSurface_02|parent=RoofSurface_02',(#116));
#56=SHELL_BASED_SURFACE_MODEL(
'SolarPanelSurface_03|parent=RoofSurface_02',(#117));
#57=SHELL_BASED_SURFACE_MODEL(
'SolarPanelSurface_04|parent=RoofSurface_02',(#118));
#58=SHELL_BASED_SURFACE_MODEL(
'SolarPanelSurface_05|parent=RoofSurface_02',(#119));
#59=SHELL_BASED_SURFACE_MODEL(
'SolarPanelSurface_06|parent=RoofSurface_02',(#120));
#60=SHELL_BASED_SURFACE_MODEL('WallSurface_04',(#121));
#61=SHELL_BASED_SURFACE_MODEL('GroundSurface_01',(#122));
#62=SHELL_BASED_SURFACE_MODEL('Window_05|parent=WallSurface_04',(#123));
#63=SHELL_BASED_SURFACE_MODEL('Window_04|parent=WallSurface_04',(#124));
#64=SHELL_BASED_SURFACE_MODEL('Window_03|parent=WallSurface_04',(#125));
#65=SHELL_BASED_SURFACE_MODEL('Window_02|parent=WallSurface_04',(#126));
#66=SHELL_BASED_SURFACE_MODEL('Window_06|parent=WallSurface_04',(#127));
#67=SHELL_BASED_SURFACE_MODEL('Window_01|parent=WallSurface_04',(#128));
#68=SHELL_BASED_SURFACE_MODEL('Window_08|parent=WallSurface_02',(#129));
#69=SHELL_BASED_SURFACE_MODEL('Window_07|parent=WallSurface_02',(#130));
#70=SHELL_BASED_SURFACE_MODEL('Door_04|parent=WallSurface_02',(#131));
#71=SHELL_BASED_SURFACE_MODEL('Door_05|parent=WallSurface_02',(#132));
#72=SHELL_BASED_SURFACE_MODEL('WallSurface_06',(#133));
#73=SHELL_BASED_SURFACE_MODEL('RoofSurface_01',(#134));
#74=SHELL_BASED_SURFACE_MODEL('Door_03|parent=WallSurface_03',(#135));
#75=SHELL_BASED_SURFACE_MODEL('Door_02|parent=WallSurface_03',(#136));
#76=SHELL_BASED_SURFACE_MODEL('WallSurface_03',(#137));
#77=SHELL_BASED_SURFACE_MODEL('WallSurface_05',(#138));
#78=SHELL_BASED_SURFACE_MODEL('WallSurface_02',(#139));
#79=SHELL_BASED_SURFACE_MODEL('WallSurface_08',(#140));
#80=SHELL_BASED_SURFACE_MODEL('WallSurface_07',(#141));
#81=SHELL_BASED_SURFACE_MODEL('RoofSurface_02',(#142));
#82=SHELL_BASED_SURFACE_MODEL('WallSurface_01',(#143));
#83=SHELL_BASED_SURFACE_MODEL('Door_01|parent=WallSurface_01',(#144));
#84=MANIFOLD_SURFACE_SHAPE_REPRESENTATION('shell_rep_0',(#24,#25,#26,#27,
#28,#29,#30,#31,#32,#33,#34,#35,#36,#37,#38,#39,#40,#41,#42,#43,#44,#45,
#46,#47,#48,#49,#50,#51,#52,#53,#54,#55,#56,#57,#58,#59,#60,#61,#62,#63,
#64,#65,#66,#67,#68,#69,#70,#71,#72,#73,#74,#75,#76,#77,#78,#79,#80,#81,
#82,#83,#1722),#1659);
#85=OPEN_SHELL('',(#145));
#86=OPEN_SHELL('',(#146));
#87=OPEN_SHELL('',(#147));
#88=OPEN_SHELL('',(#148));
#89=OPEN_SHELL('',(#149));
#90=OPEN_SHELL('',(#150));
#91=OPEN_SHELL('',(#151));
#92=OPEN_SHELL('',(#152));
#93=OPEN_SHELL('',(#153));
#94=OPEN_SHELL('',(#154));
#95=OPEN_SHELL('',(#155));
#96=OPEN_SHELL('',(#156));
#97=OPEN_SHELL('',(#157));
#98=OPEN_SHELL('',(#158));
#99=OPEN_SHELL('',(#159));
#100=OPEN_SHELL('',(#160));
#101=OPEN_SHELL('',(#161));
#102=OPEN_SHELL('',(#162));
#103=OPEN_SHELL('',(#163));
#104=OPEN_SHELL('',(#164));
#105=OPEN_SHELL('',(#165));
#106=OPEN_SHELL('',(#166));
#107=OPEN_SHELL('',(#167));
#108=OPEN_SHELL('',(#168));
#109=OPEN_SHELL('',(#169));
#110=OPEN_SHELL('',(#170));
#111=OPEN_SHELL('',(#171));
#112=OPEN_SHELL('',(#172));
#113=OPEN_SHELL('',(#173));
#114=OPEN_SHELL('',(#174));
#115=OPEN_SHELL('',(#175));
#116=OPEN_SHELL('',(#176));
#117=OPEN_SHELL('',(#177));
#118=OPEN_SHELL('',(#178));
#119=OPEN_SHELL('',(#179));
#120=OPEN_SHELL('',(#180));
#121=OPEN_SHELL('',(#181));
#122=OPEN_SHELL('',(#182));
#123=OPEN_SHELL('',(#183));
#124=OPEN_SHELL('',(#184));
#125=OPEN_SHELL('',(#185));
#126=OPEN_SHELL('',(#186));
#127=OPEN_SHELL('',(#187));
#128=OPEN_SHELL('',(#188));
#129=OPEN_SHELL('',(#189));
#130=OPEN_SHELL('',(#190));
#131=OPEN_SHELL('',(#191));
#132=OPEN_SHELL('',(#192));
#133=OPEN_SHELL('',(#193));
#134=OPEN_SHELL('',(#194));
#135=OPEN_SHELL('',(#195));
#136=OPEN_SHELL('',(#196));
#137=OPEN_SHELL('',(#197));
#138=OPEN_SHELL('',(#198));
#139=OPEN_SHELL('',(#199));
#140=OPEN_SHELL('',(#200));
#141=OPEN_SHELL('',(#201));
#142=OPEN_SHELL('',(#202));
#143=OPEN_SHELL('',(#203));
#144=OPEN_SHELL('',(#204));
#145=ADVANCED_FACE('',(#205),#1514,.T.);
#146=ADVANCED_FACE('',(#206),#1515,.T.);
#147=ADVANCED_FACE('',(#207),#1516,.T.);
#148=ADVANCED_FACE('',(#208),#1517,.T.);
#149=ADVANCED_FACE('',(#209),#1518,.T.);
#150=ADVANCED_FACE('',(#210),#1519,.T.);
#151=ADVANCED_FACE('',(#211),#1520,.T.);
#152=ADVANCED_FACE('',(#212),#1521,.T.);
#153=ADVANCED_FACE('',(#213),#1522,.T.);
#154=ADVANCED_FACE('',(#214),#1523,.T.);
#155=ADVANCED_FACE('',(#215),#1524,.T.);
#156=ADVANCED_FACE('',(#216),#1525,.T.);
#157=ADVANCED_FACE('',(#217),#1526,.T.);
#158=ADVANCED_FACE('',(#218),#1527,.T.);
#159=ADVANCED_FACE('',(#219),#1528,.T.);
#160=ADVANCED_FACE('',(#220),#1529,.T.);
#161=ADVANCED_FACE('',(#221),#1530,.T.);
#162=ADVANCED_FACE('',(#222),#1531,.T.);
#163=ADVANCED_FACE('',(#223),#1532,.T.);
#164=ADVANCED_FACE('',(#224),#1533,.T.);
#165=ADVANCED_FACE('',(#225),#1534,.T.);
#166=ADVANCED_FACE('',(#226),#1535,.T.);
#167=ADVANCED_FACE('',(#227),#1536,.T.);
#168=ADVANCED_FACE('',(#228),#1537,.T.);
#169=ADVANCED_FACE('',(#229),#1538,.T.);
#170=ADVANCED_FACE('',(#230),#1539,.T.);
#171=ADVANCED_FACE('',(#231),#1540,.T.);
#172=ADVANCED_FACE('',(#232),#1541,.T.);
#173=ADVANCED_FACE('',(#233),#1542,.T.);
#174=ADVANCED_FACE('',(#234),#1543,.T.);
#175=ADVANCED_FACE('',(#235),#1544,.T.);
#176=ADVANCED_FACE('',(#236),#1545,.T.);
#177=ADVANCED_FACE('',(#237),#1546,.T.);
#178=ADVANCED_FACE('',(#238),#1547,.T.);
#179=ADVANCED_FACE('',(#239),#1548,.T.);
#180=ADVANCED_FACE('',(#240),#1549,.T.);
#181=ADVANCED_FACE('',(#241,#11,#12,#13,#14,#15,#16),#1550,.T.);
#182=ADVANCED_FACE('',(#242),#1551,.T.);
#183=ADVANCED_FACE('',(#243),#1552,.T.);
#184=ADVANCED_FACE('',(#244),#1553,.T.);
#185=ADVANCED_FACE('',(#245),#1554,.T.);
#186=ADVANCED_FACE('',(#246),#1555,.T.);
#187=ADVANCED_FACE('',(#247),#1556,.T.);
#188=ADVANCED_FACE('',(#248),#1557,.T.);
#189=ADVANCED_FACE('',(#249),#1558,.T.);
#190=ADVANCED_FACE('',(#250),#1559,.T.);
#191=ADVANCED_FACE('',(#251),#1560,.T.);
#192=ADVANCED_FACE('',(#252),#1561,.T.);
#193=ADVANCED_FACE('',(#253),#1562,.T.);
#194=ADVANCED_FACE('',(#254),#1563,.T.);
#195=ADVANCED_FACE('',(#255),#1564,.T.);
#196=ADVANCED_FACE('',(#256),#1565,.T.);
#197=ADVANCED_FACE('',(#257,#17,#18),#1566,.T.);
#198=ADVANCED_FACE('',(#258),#1567,.T.);
#199=ADVANCED_FACE('',(#259,#19,#20,#21,#22),#1568,.T.);
#200=ADVANCED_FACE('',(#260),#1569,.T.);
#201=ADVANCED_FACE('',(#261),#1570,.T.);
#202=ADVANCED_FACE('',(#262),#1571,.T.);
#203=ADVANCED_FACE('',(#263,#23),#1572,.T.);
#204=ADVANCED_FACE('',(#264),#1573,.T.);
#205=FACE_OUTER_BOUND('',#265,.T.);
#206=FACE_OUTER_BOUND('',#266,.T.);
#207=FACE_OUTER_BOUND('',#267,.T.);
#208=FACE_OUTER_BOUND('',#268,.T.);
#209=FACE_OUTER_BOUND('',#269,.T.);
#210=FACE_OUTER_BOUND('',#270,.T.);
#211=FACE_OUTER_BOUND('',#271,.T.);
#212=FACE_OUTER_BOUND('',#272,.T.);
#213=FACE_OUTER_BOUND('',#273,.T.);
#214=FACE_OUTER_BOUND('',#274,.T.);
#215=FACE_OUTER_BOUND('',#275,.T.);
#216=FACE_OUTER_BOUND('',#276,.T.);
#217=FACE_OUTER_BOUND('',#277,.T.);
#218=FACE_OUTER_BOUND('',#278,.T.);
#219=FACE_OUTER_BOUND('',#279,.T.);
#220=FACE_OUTER_BOUND('',#280,.T.);
#221=FACE_OUTER_BOUND('',#281,.T.);
#222=FACE_OUTER_BOUND('',#282,.T.);
#223=FACE_OUTER_BOUND('',#283,.T.);
#224=FACE_OUTER_BOUND('',#284,.T.);
#225=FACE_OUTER_BOUND('',#285,.T.);
#226=FACE_OUTER_BOUND('',#286,.T.);
#227=FACE_OUTER_BOUND('',#287,.T.);
#228=FACE_OUTER_BOUND('',#288,.T.);
#229=FACE_OUTER_BOUND('',#289,.T.);
#230=FACE_OUTER_BOUND('',#290,.T.);
#231=FACE_OUTER_BOUND('',#291,.T.);
#232=FACE_OUTER_BOUND('',#292,.T.);
#233=FACE_OUTER_BOUND('',#293,.T.);
#234=FACE_OUTER_BOUND('',#294,.T.);
#235=FACE_OUTER_BOUND('',#295,.T.);
#236=FACE_OUTER_BOUND('',#296,.T.);
#237=FACE_OUTER_BOUND('',#297,.T.);
#238=FACE_OUTER_BOUND('',#298,.T.);
#239=FACE_OUTER_BOUND('',#299,.T.);
#240=FACE_OUTER_BOUND('',#300,.T.);
#241=FACE_OUTER_BOUND('',#301,.T.);
#242=FACE_OUTER_BOUND('',#308,.T.);
#243=FACE_OUTER_BOUND('',#309,.T.);
#244=FACE_OUTER_BOUND('',#310,.T.);
#245=FACE_OUTER_BOUND('',#311,.T.);
#246=FACE_OUTER_BOUND('',#312,.T.);
#247=FACE_OUTER_BOUND('',#313,.T.);
#248=FACE_OUTER_BOUND('',#314,.T.);
#249=FACE_OUTER_BOUND('',#315,.T.);
#250=FACE_OUTER_BOUND('',#316,.T.);
#251=FACE_OUTER_BOUND('',#317,.T.);
#252=FACE_OUTER_BOUND('',#318,.T.);
#253=FACE_OUTER_BOUND('',#319,.T.);
#254=FACE_OUTER_BOUND('',#320,.T.);
#255=FACE_OUTER_BOUND('',#321,.T.);
#256=FACE_OUTER_BOUND('',#322,.T.);
#257=FACE_OUTER_BOUND('',#323,.T.);
#258=FACE_OUTER_BOUND('',#326,.T.);
#259=FACE_OUTER_BOUND('',#327,.T.);
#260=FACE_OUTER_BOUND('',#332,.T.);
#261=FACE_OUTER_BOUND('',#333,.T.);
#262=FACE_OUTER_BOUND('',#334,.T.);
#263=FACE_OUTER_BOUND('',#335,.T.);
#264=FACE_OUTER_BOUND('',#337,.T.);
#265=EDGE_LOOP('',(#338,#339,#340,#341));
#266=EDGE_LOOP('',(#342,#343,#344,#345));
#267=EDGE_LOOP('',(#346,#347,#348,#349));
#268=EDGE_LOOP('',(#350,#351,#352,#353));
#269=EDGE_LOOP('',(#354,#355,#356,#357));
#270=EDGE_LOOP('',(#358,#359,#360,#361));
#271=EDGE_LOOP('',(#362,#363,#364,#365));
#272=EDGE_LOOP('',(#366,#367,#368,#369));
#273=EDGE_LOOP('',(#370,#371,#372,#373));
#274=EDGE_LOOP('',(#374,#375,#376,#377));
#275=EDGE_LOOP('',(#378,#379,#380,#381));
#276=EDGE_LOOP('',(#382,#383,#384,#385));
#277=EDGE_LOOP('',(#386,#387,#388,#389));
#278=EDGE_LOOP('',(#390,#391,#392,#393));
#279=EDGE_LOOP('',(#394,#395,#396,#397));
#280=EDGE_LOOP('',(#398,#399,#400,#401));
#281=EDGE_LOOP('',(#402,#403,#404,#405));
#282=EDGE_LOOP('',(#406,#407,#408,#409));
#283=EDGE_LOOP('',(#410,#411,#412,#413));
#284=EDGE_LOOP('',(#414,#415,#416,#417));
#285=EDGE_LOOP('',(#418,#419,#420,#421));
#286=EDGE_LOOP('',(#422,#423,#424,#425));
#287=EDGE_LOOP('',(#426,#427,#428,#429));
#288=EDGE_LOOP('',(#430,#431,#432,#433));
#289=EDGE_LOOP('',(#434,#435,#436,#437));
#290=EDGE_LOOP('',(#438,#439,#440,#441));
#291=EDGE_LOOP('',(#442,#443,#444,#445));
#292=EDGE_LOOP('',(#446,#447,#448,#449));
#293=EDGE_LOOP('',(#450,#451,#452,#453));
#294=EDGE_LOOP('',(#454,#455,#456,#457));
#295=EDGE_LOOP('',(#458,#459,#460,#461));
#296=EDGE_LOOP('',(#462,#463,#464,#465));
#297=EDGE_LOOP('',(#466,#467,#468,#469));
#298=EDGE_LOOP('',(#470,#471,#472,#473));
#299=EDGE_LOOP('',(#474,#475,#476,#477));
#300=EDGE_LOOP('',(#478,#479,#480,#481));
#301=EDGE_LOOP('',(#482,#483,#484,#485,#486));
#302=EDGE_LOOP('',(#487,#488,#489,#490));
#303=EDGE_LOOP('',(#491,#492,#493,#494));
#304=EDGE_LOOP('',(#495,#496,#497,#498));
#305=EDGE_LOOP('',(#499,#500,#501,#502));
#306=EDGE_LOOP('',(#503,#504,#505,#506));
#307=EDGE_LOOP('',(#507,#508,#509,#510));
#308=EDGE_LOOP('',(#511,#512,#513,#514));
#309=EDGE_LOOP('',(#515,#516,#517,#518));
#310=EDGE_LOOP('',(#519,#520,#521,#522));
#311=EDGE_LOOP('',(#523,#524,#525,#526));
#312=EDGE_LOOP('',(#527,#528,#529,#530));
#313=EDGE_LOOP('',(#531,#532,#533,#534));
#314=EDGE_LOOP('',(#535,#536,#537,#538));
#315=EDGE_LOOP('',(#539,#540,#541,#542));
#316=EDGE_LOOP('',(#543,#544,#545,#546));
#317=EDGE_LOOP('',(#547,#548,#549,#550));
#318=EDGE_LOOP('',(#551,#552,#553,#554));
#319=EDGE_LOOP('',(#555,#556,#557,#558));
#320=EDGE_LOOP('',(#559,#560,#561,#562));
#321=EDGE_LOOP('',(#563,#564,#565,#566));
#322=EDGE_LOOP('',(#567,#568,#569,#570));
#323=EDGE_LOOP('',(#571,#572,#573,#574));
#324=EDGE_LOOP('',(#575,#576,#577,#578));
#325=EDGE_LOOP('',(#579,#580,#581,#582));
#326=EDGE_LOOP('',(#583,#584,#585,#586));
#327=EDGE_LOOP('',(#587,#588,#589,#590,#591));
#328=EDGE_LOOP('',(#592,#593,#594,#595));
#329=EDGE_LOOP('',(#596,#597,#598,#599));
#330=EDGE_LOOP('',(#600,#601,#602,#603));
#331=EDGE_LOOP('',(#604,#605,#606,#607));
#332=EDGE_LOOP('',(#608,#609,#610,#611));
#333=EDGE_LOOP('',(#612,#613,#614,#615));
#334=EDGE_LOOP('',(#616,#617,#618,#619));
#335=EDGE_LOOP('',(#620,#621,#622,#623));
#336=EDGE_LOOP('',(#624,#625,#626,#627));
#337=EDGE_LOOP('',(#628,#629,#630,#631));
#338=ORIENTED_EDGE('',*,*,#635,.F.);
#339=ORIENTED_EDGE('',*,*,#634,.F.);
#340=ORIENTED_EDGE('',*,*,#633,.F.);
#341=ORIENTED_EDGE('',*,*,#632,.F.);
#342=ORIENTED_EDGE('',*,*,#639,.F.);
#343=ORIENTED_EDGE('',*,*,#638,.F.);
#344=ORIENTED_EDGE('',*,*,#637,.F.);
#345=ORIENTED_EDGE('',*,*,#636,.F.);
#346=ORIENTED_EDGE('',*,*,#643,.F.);
#347=ORIENTED_EDGE('',*,*,#642,.F.);
#348=ORIENTED_EDGE('',*,*,#641,.F.);
#349=ORIENTED_EDGE('',*,*,#640,.F.);
#350=ORIENTED_EDGE('',*,*,#647,.F.);
#351=ORIENTED_EDGE('',*,*,#646,.F.);
#352=ORIENTED_EDGE('',*,*,#645,.F.);
#353=ORIENTED_EDGE('',*,*,#644,.F.);
#354=ORIENTED_EDGE('',*,*,#651,.F.);
#355=ORIENTED_EDGE('',*,*,#650,.F.);
#356=ORIENTED_EDGE('',*,*,#649,.F.);
#357=ORIENTED_EDGE('',*,*,#648,.F.);
#358=ORIENTED_EDGE('',*,*,#655,.F.);
#359=ORIENTED_EDGE('',*,*,#654,.F.);
#360=ORIENTED_EDGE('',*,*,#653,.F.);
#361=ORIENTED_EDGE('',*,*,#652,.F.);
#362=ORIENTED_EDGE('',*,*,#659,.F.);
#363=ORIENTED_EDGE('',*,*,#658,.F.);
#364=ORIENTED_EDGE('',*,*,#657,.F.);
#365=ORIENTED_EDGE('',*,*,#656,.F.);
#366=ORIENTED_EDGE('',*,*,#663,.F.);
#367=ORIENTED_EDGE('',*,*,#662,.F.);
#368=ORIENTED_EDGE('',*,*,#661,.F.);
#369=ORIENTED_EDGE('',*,*,#660,.F.);
#370=ORIENTED_EDGE('',*,*,#667,.F.);
#371=ORIENTED_EDGE('',*,*,#666,.F.);
#372=ORIENTED_EDGE('',*,*,#665,.F.);
#373=ORIENTED_EDGE('',*,*,#664,.F.);
#374=ORIENTED_EDGE('',*,*,#671,.F.);
#375=ORIENTED_EDGE('',*,*,#670,.F.);
#376=ORIENTED_EDGE('',*,*,#669,.F.);
#377=ORIENTED_EDGE('',*,*,#668,.F.);
#378=ORIENTED_EDGE('',*,*,#675,.F.);
#379=ORIENTED_EDGE('',*,*,#674,.F.);
#380=ORIENTED_EDGE('',*,*,#673,.F.);
#381=ORIENTED_EDGE('',*,*,#672,.F.);
#382=ORIENTED_EDGE('',*,*,#679,.F.);
#383=ORIENTED_EDGE('',*,*,#678,.F.);
#384=ORIENTED_EDGE('',*,*,#677,.F.);
#385=ORIENTED_EDGE('',*,*,#676,.F.);
#386=ORIENTED_EDGE('',*,*,#683,.F.);
#387=ORIENTED_EDGE('',*,*,#682,.F.);
#388=ORIENTED_EDGE('',*,*,#681,.F.);
#389=ORIENTED_EDGE('',*,*,#680,.F.);
#390=ORIENTED_EDGE('',*,*,#687,.F.);
#391=ORIENTED_EDGE('',*,*,#686,.F.);
#392=ORIENTED_EDGE('',*,*,#685,.F.);
#393=ORIENTED_EDGE('',*,*,#684,.F.);
#394=ORIENTED_EDGE('',*,*,#691,.F.);
#395=ORIENTED_EDGE('',*,*,#690,.F.);
#396=ORIENTED_EDGE('',*,*,#689,.F.);
#397=ORIENTED_EDGE('',*,*,#688,.F.);
#398=ORIENTED_EDGE('',*,*,#695,.F.);
#399=ORIENTED_EDGE('',*,*,#694,.F.);
#400=ORIENTED_EDGE('',*,*,#693,.F.);
#401=ORIENTED_EDGE('',*,*,#692,.F.);
#402=ORIENTED_EDGE('',*,*,#699,.F.);
#403=ORIENTED_EDGE('',*,*,#698,.F.);
#404=ORIENTED_EDGE('',*,*,#697,.F.);
#405=ORIENTED_EDGE('',*,*,#696,.F.);
#406=ORIENTED_EDGE('',*,*,#703,.F.);
#407=ORIENTED_EDGE('',*,*,#702,.F.);
#408=ORIENTED_EDGE('',*,*,#701,.F.);
#409=ORIENTED_EDGE('',*,*,#700,.F.);
#410=ORIENTED_EDGE('',*,*,#707,.F.);
#411=ORIENTED_EDGE('',*,*,#706,.F.);
#412=ORIENTED_EDGE('',*,*,#705,.F.);
#413=ORIENTED_EDGE('',*,*,#704,.F.);
#414=ORIENTED_EDGE('',*,*,#711,.F.);
#415=ORIENTED_EDGE('',*,*,#710,.F.);
#416=ORIENTED_EDGE('',*,*,#709,.F.);
#417=ORIENTED_EDGE('',*,*,#708,.F.);
#418=ORIENTED_EDGE('',*,*,#715,.F.);
#419=ORIENTED_EDGE('',*,*,#714,.F.);
#420=ORIENTED_EDGE('',*,*,#713,.F.);
#421=ORIENTED_EDGE('',*,*,#712,.F.);
#422=ORIENTED_EDGE('',*,*,#719,.F.);
#423=ORIENTED_EDGE('',*,*,#718,.F.);
#424=ORIENTED_EDGE('',*,*,#717,.F.);
#425=ORIENTED_EDGE('',*,*,#716,.F.);
#426=ORIENTED_EDGE('',*,*,#723,.F.);
#427=ORIENTED_EDGE('',*,*,#722,.F.);
#428=ORIENTED_EDGE('',*,*,#721,.F.);
#429=ORIENTED_EDGE('',*,*,#720,.F.);
#430=ORIENTED_EDGE('',*,*,#727,.F.);
#431=ORIENTED_EDGE('',*,*,#726,.F.);
#432=ORIENTED_EDGE('',*,*,#725,.F.);
#433=ORIENTED_EDGE('',*,*,#724,.F.);
#434=ORIENTED_EDGE('',*,*,#731,.F.);
#435=ORIENTED_EDGE('',*,*,#730,.F.);
#436=ORIENTED_EDGE('',*,*,#729,.F.);
#437=ORIENTED_EDGE('',*,*,#728,.F.);
#438=ORIENTED_EDGE('',*,*,#735,.F.);
#439=ORIENTED_EDGE('',*,*,#734,.F.);
#440=ORIENTED_EDGE('',*,*,#733,.F.);
#441=ORIENTED_EDGE('',*,*,#732,.F.);
#442=ORIENTED_EDGE('',*,*,#739,.F.);
#443=ORIENTED_EDGE('',*,*,#738,.F.);
#444=ORIENTED_EDGE('',*,*,#737,.F.);
#445=ORIENTED_EDGE('',*,*,#736,.F.);
#446=ORIENTED_EDGE('',*,*,#743,.F.);
#447=ORIENTED_EDGE('',*,*,#742,.F.);
#448=ORIENTED_EDGE('',*,*,#741,.F.);
#449=ORIENTED_EDGE('',*,*,#740,.F.);
#450=ORIENTED_EDGE('',*,*,#747,.F.);
#451=ORIENTED_EDGE('',*,*,#746,.F.);
#452=ORIENTED_EDGE('',*,*,#745,.F.);
#453=ORIENTED_EDGE('',*,*,#744,.F.);
#454=ORIENTED_EDGE('',*,*,#751,.F.);
#455=ORIENTED_EDGE('',*,*,#750,.F.);
#456=ORIENTED_EDGE('',*,*,#749,.F.);
#457=ORIENTED_EDGE('',*,*,#748,.F.);
#458=ORIENTED_EDGE('',*,*,#755,.F.);
#459=ORIENTED_EDGE('',*,*,#754,.F.);
#460=ORIENTED_EDGE('',*,*,#753,.F.);
#461=ORIENTED_EDGE('',*,*,#752,.F.);
#462=ORIENTED_EDGE('',*,*,#759,.F.);
#463=ORIENTED_EDGE('',*,*,#758,.F.);
#464=ORIENTED_EDGE('',*,*,#757,.F.);
#465=ORIENTED_EDGE('',*,*,#756,.F.);
#466=ORIENTED_EDGE('',*,*,#763,.F.);
#467=ORIENTED_EDGE('',*,*,#762,.F.);
#468=ORIENTED_EDGE('',*,*,#761,.F.);
#469=ORIENTED_EDGE('',*,*,#760,.F.);
#470=ORIENTED_EDGE('',*,*,#767,.F.);
#471=ORIENTED_EDGE('',*,*,#766,.F.);
#472=ORIENTED_EDGE('',*,*,#765,.F.);
#473=ORIENTED_EDGE('',*,*,#764,.F.);
#474=ORIENTED_EDGE('',*,*,#771,.F.);
#475=ORIENTED_EDGE('',*,*,#770,.F.);
#476=ORIENTED_EDGE('',*,*,#769,.F.);
#477=ORIENTED_EDGE('',*,*,#768,.F.);
#478=ORIENTED_EDGE('',*,*,#775,.F.);
#479=ORIENTED_EDGE('',*,*,#774,.F.);
#480=ORIENTED_EDGE('',*,*,#773,.F.);
#481=ORIENTED_EDGE('',*,*,#772,.F.);
#482=ORIENTED_EDGE('',*,*,#777,.F.);
#483=ORIENTED_EDGE('',*,*,#776,.F.);
#484=ORIENTED_EDGE('',*,*,#778,.F.);
#485=ORIENTED_EDGE('',*,*,#804,.F.);
#486=ORIENTED_EDGE('',*,*,#803,.F.);
#487=ORIENTED_EDGE('',*,*,#779,.T.);
#488=ORIENTED_EDGE('',*,*,#787,.T.);
#489=ORIENTED_EDGE('',*,*,#786,.T.);
#490=ORIENTED_EDGE('',*,*,#785,.T.);
#491=ORIENTED_EDGE('',*,*,#780,.T.);
#492=ORIENTED_EDGE('',*,*,#790,.T.);
#493=ORIENTED_EDGE('',*,*,#789,.T.);
#494=ORIENTED_EDGE('',*,*,#788,.T.);
#495=ORIENTED_EDGE('',*,*,#781,.T.);
#496=ORIENTED_EDGE('',*,*,#793,.T.);
#497=ORIENTED_EDGE('',*,*,#792,.T.);
#498=ORIENTED_EDGE('',*,*,#791,.T.);
#499=ORIENTED_EDGE('',*,*,#782,.T.);
#500=ORIENTED_EDGE('',*,*,#796,.T.);
#501=ORIENTED_EDGE('',*,*,#795,.T.);
#502=ORIENTED_EDGE('',*,*,#794,.T.);
#503=ORIENTED_EDGE('',*,*,#783,.T.);
#504=ORIENTED_EDGE('',*,*,#799,.T.);
#505=ORIENTED_EDGE('',*,*,#798,.T.);
#506=ORIENTED_EDGE('',*,*,#797,.T.);
#507=ORIENTED_EDGE('',*,*,#784,.T.);
#508=ORIENTED_EDGE('',*,*,#802,.T.);
#509=ORIENTED_EDGE('',*,*,#801,.T.);
#510=ORIENTED_EDGE('',*,*,#800,.T.);
#511=ORIENTED_EDGE('',*,*,#808,.F.);
#512=ORIENTED_EDGE('',*,*,#807,.F.);
#513=ORIENTED_EDGE('',*,*,#806,.F.);
#514=ORIENTED_EDGE('',*,*,#805,.F.);
#515=ORIENTED_EDGE('',*,*,#809,.T.);
#516=ORIENTED_EDGE('',*,*,#810,.T.);
#517=ORIENTED_EDGE('',*,*,#811,.T.);
#518=ORIENTED_EDGE('',*,*,#812,.T.);
#519=ORIENTED_EDGE('',*,*,#813,.T.);
#520=ORIENTED_EDGE('',*,*,#814,.T.);
#521=ORIENTED_EDGE('',*,*,#815,.T.);
#522=ORIENTED_EDGE('',*,*,#816,.T.);
#523=ORIENTED_EDGE('',*,*,#817,.T.);
#524=ORIENTED_EDGE('',*,*,#818,.T.);
#525=ORIENTED_EDGE('',*,*,#819,.T.);
#526=ORIENTED_EDGE('',*,*,#820,.T.);
#527=ORIENTED_EDGE('',*,*,#821,.T.);
#528=ORIENTED_EDGE('',*,*,#822,.T.);
#529=ORIENTED_EDGE('',*,*,#823,.T.);
#530=ORIENTED_EDGE('',*,*,#824,.T.);
#531=ORIENTED_EDGE('',*,*,#825,.T.);
#532=ORIENTED_EDGE('',*,*,#826,.T.);
#533=ORIENTED_EDGE('',*,*,#827,.T.);
#534=ORIENTED_EDGE('',*,*,#828,.T.);
#535=ORIENTED_EDGE('',*,*,#829,.T.);
#536=ORIENTED_EDGE('',*,*,#830,.T.);
#537=ORIENTED_EDGE('',*,*,#831,.T.);
#538=ORIENTED_EDGE('',*,*,#832,.T.);
#539=ORIENTED_EDGE('',*,*,#833,.T.);
#540=ORIENTED_EDGE('',*,*,#834,.T.);
#541=ORIENTED_EDGE('',*,*,#835,.T.);
#542=ORIENTED_EDGE('',*,*,#836,.T.);
#543=ORIENTED_EDGE('',*,*,#837,.T.);
#544=ORIENTED_EDGE('',*,*,#838,.T.);
#545=ORIENTED_EDGE('',*,*,#839,.T.);
#546=ORIENTED_EDGE('',*,*,#840,.T.);
#547=ORIENTED_EDGE('',*,*,#841,.T.);
#548=ORIENTED_EDGE('',*,*,#842,.T.);
#549=ORIENTED_EDGE('',*,*,#843,.T.);
#550=ORIENTED_EDGE('',*,*,#844,.T.);
#551=ORIENTED_EDGE('',*,*,#845,.T.);
#552=ORIENTED_EDGE('',*,*,#846,.T.);
#553=ORIENTED_EDGE('',*,*,#847,.T.);
#554=ORIENTED_EDGE('',*,*,#848,.T.);
#555=ORIENTED_EDGE('',*,*,#852,.T.);
#556=ORIENTED_EDGE('',*,*,#849,.T.);
#557=ORIENTED_EDGE('',*,*,#850,.T.);
#558=ORIENTED_EDGE('',*,*,#851,.F.);
#559=ORIENTED_EDGE('',*,*,#855,.T.);
#560=ORIENTED_EDGE('',*,*,#853,.T.);
#561=ORIENTED_EDGE('',*,*,#856,.F.);
#562=ORIENTED_EDGE('',*,*,#854,.F.);
#563=ORIENTED_EDGE('',*,*,#857,.T.);
#564=ORIENTED_EDGE('',*,*,#858,.T.);
#565=ORIENTED_EDGE('',*,*,#859,.T.);
#566=ORIENTED_EDGE('',*,*,#860,.T.);
#567=ORIENTED_EDGE('',*,*,#861,.T.);
#568=ORIENTED_EDGE('',*,*,#862,.T.);
#569=ORIENTED_EDGE('',*,*,#863,.T.);
#570=ORIENTED_EDGE('',*,*,#864,.T.);
#571=ORIENTED_EDGE('',*,*,#875,.T.);
#572=ORIENTED_EDGE('',*,*,#876,.T.);
#573=ORIENTED_EDGE('',*,*,#865,.T.);
#574=ORIENTED_EDGE('',*,*,#866,.T.);
#575=ORIENTED_EDGE('',*,*,#869,.F.);
#576=ORIENTED_EDGE('',*,*,#870,.F.);
#577=ORIENTED_EDGE('',*,*,#871,.F.);
#578=ORIENTED_EDGE('',*,*,#867,.F.);
#579=ORIENTED_EDGE('',*,*,#872,.F.);
#580=ORIENTED_EDGE('',*,*,#873,.F.);
#581=ORIENTED_EDGE('',*,*,#874,.F.);
#582=ORIENTED_EDGE('',*,*,#868,.F.);
#583=ORIENTED_EDGE('',*,*,#880,.T.);
#584=ORIENTED_EDGE('',*,*,#877,.T.);
#585=ORIENTED_EDGE('',*,*,#878,.T.);
#586=ORIENTED_EDGE('',*,*,#879,.F.);
#587=ORIENTED_EDGE('',*,*,#900,.T.);
#588=ORIENTED_EDGE('',*,*,#901,.T.);
#589=ORIENTED_EDGE('',*,*,#883,.T.);
#590=ORIENTED_EDGE('',*,*,#881,.T.);
#591=ORIENTED_EDGE('',*,*,#882,.T.);
#592=ORIENTED_EDGE('',*,*,#884,.T.);
#593=ORIENTED_EDGE('',*,*,#890,.T.);
#594=ORIENTED_EDGE('',*,*,#889,.T.);
#595=ORIENTED_EDGE('',*,*,#888,.T.);
#596=ORIENTED_EDGE('',*,*,#885,.T.);
#597=ORIENTED_EDGE('',*,*,#893,.T.);
#598=ORIENTED_EDGE('',*,*,#892,.T.);
#599=ORIENTED_EDGE('',*,*,#891,.T.);
#600=ORIENTED_EDGE('',*,*,#886,.T.);
#601=ORIENTED_EDGE('',*,*,#896,.T.);
#602=ORIENTED_EDGE('',*,*,#895,.T.);
#603=ORIENTED_EDGE('',*,*,#894,.T.);
#604=ORIENTED_EDGE('',*,*,#887,.T.);
#605=ORIENTED_EDGE('',*,*,#899,.T.);
#606=ORIENTED_EDGE('',*,*,#898,.T.);
#607=ORIENTED_EDGE('',*,*,#897,.T.);
#608=ORIENTED_EDGE('',*,*,#905,.T.);
#609=ORIENTED_EDGE('',*,*,#902,.T.);
#610=ORIENTED_EDGE('',*,*,#903,.T.);
#611=ORIENTED_EDGE('',*,*,#904,.F.);
#612=ORIENTED_EDGE('',*,*,#909,.T.);
#613=ORIENTED_EDGE('',*,*,#906,.T.);
#614=ORIENTED_EDGE('',*,*,#907,.T.);
#615=ORIENTED_EDGE('',*,*,#908,.F.);
#616=ORIENTED_EDGE('',*,*,#912,.T.);
#617=ORIENTED_EDGE('',*,*,#910,.T.);
#618=ORIENTED_EDGE('',*,*,#913,.F.);
#619=ORIENTED_EDGE('',*,*,#911,.F.);
#620=ORIENTED_EDGE('',*,*,#914,.T.);
#621=ORIENTED_EDGE('',*,*,#915,.T.);
#622=ORIENTED_EDGE('',*,*,#916,.T.);
#623=ORIENTED_EDGE('',*,*,#917,.T.);
#624=ORIENTED_EDGE('',*,*,#921,.F.);
#625=ORIENTED_EDGE('',*,*,#920,.F.);
#626=ORIENTED_EDGE('',*,*,#919,.F.);
#627=ORIENTED_EDGE('',*,*,#918,.F.);
#628=ORIENTED_EDGE('',*,*,#922,.T.);
#629=ORIENTED_EDGE('',*,*,#923,.T.);
#630=ORIENTED_EDGE('',*,*,#924,.T.);
#631=ORIENTED_EDGE('',*,*,#925,.T.);
#632=EDGE_CURVE('',#1220,#1221,#926,.T.);
#633=EDGE_CURVE('',#1221,#1222,#927,.T.);
#634=EDGE_CURVE('',#1222,#1223,#928,.T.);
#635=EDGE_CURVE('',#1223,#1220,#929,.T.);
#636=EDGE_CURVE('',#1224,#1225,#930,.T.);
#637=EDGE_CURVE('',#1225,#1226,#931,.T.);
#638=EDGE_CURVE('',#1226,#1227,#932,.T.);
#639=EDGE_CURVE('',#1227,#1224,#933,.T.);
#640=EDGE_CURVE('',#1228,#1229,#934,.T.);
#641=EDGE_CURVE('',#1229,#1230,#935,.T.);
#642=EDGE_CURVE('',#1230,#1231,#936,.T.);
#643=EDGE_CURVE('',#1231,#1228,#937,.T.);
#644=EDGE_CURVE('',#1232,#1233,#938,.T.);
#645=EDGE_CURVE('',#1233,#1234,#939,.T.);
#646=EDGE_CURVE('',#1234,#1235,#940,.T.);
#647=EDGE_CURVE('',#1235,#1232,#941,.T.);
#648=EDGE_CURVE('',#1236,#1237,#942,.T.);
#649=EDGE_CURVE('',#1237,#1238,#943,.T.);
#650=EDGE_CURVE('',#1238,#1239,#944,.T.);
#651=EDGE_CURVE('',#1239,#1236,#945,.T.);
#652=EDGE_CURVE('',#1240,#1241,#946,.T.);
#653=EDGE_CURVE('',#1241,#1242,#947,.T.);
#654=EDGE_CURVE('',#1242,#1243,#948,.T.);
#655=EDGE_CURVE('',#1243,#1240,#949,.T.);
#656=EDGE_CURVE('',#1244,#1245,#950,.T.);
#657=EDGE_CURVE('',#1245,#1246,#951,.T.);
#658=EDGE_CURVE('',#1246,#1247,#952,.T.);
#659=EDGE_CURVE('',#1247,#1244,#953,.T.);
#660=EDGE_CURVE('',#1248,#1249,#954,.T.);
#661=EDGE_CURVE('',#1249,#1250,#955,.T.);
#662=EDGE_CURVE('',#1250,#1251,#956,.T.);
#663=EDGE_CURVE('',#1251,#1248,#957,.T.);
#664=EDGE_CURVE('',#1252,#1253,#958,.T.);
#665=EDGE_CURVE('',#1253,#1254,#959,.T.);
#666=EDGE_CURVE('',#1254,#1255,#960,.T.);
#667=EDGE_CURVE('',#1255,#1252,#961,.T.);
#668=EDGE_CURVE('',#1256,#1257,#962,.T.);
#669=EDGE_CURVE('',#1257,#1258,#963,.T.);
#670=EDGE_CURVE('',#1258,#1259,#964,.T.);
#671=EDGE_CURVE('',#1259,#1256,#965,.T.);
#672=EDGE_CURVE('',#1260,#1261,#966,.T.);
#673=EDGE_CURVE('',#1261,#1262,#967,.T.);
#674=EDGE_CURVE('',#1262,#1263,#968,.T.);
#675=EDGE_CURVE('',#1263,#1260,#969,.T.);
#676=EDGE_CURVE('',#1264,#1265,#970,.T.);
#677=EDGE_CURVE('',#1265,#1266,#971,.T.);
#678=EDGE_CURVE('',#1266,#1267,#972,.T.);
#679=EDGE_CURVE('',#1267,#1264,#973,.T.);
#680=EDGE_CURVE('',#1268,#1269,#974,.T.);
#681=EDGE_CURVE('',#1269,#1270,#975,.T.);
#682=EDGE_CURVE('',#1270,#1271,#976,.T.);
#683=EDGE_CURVE('',#1271,#1268,#977,.T.);
#684=EDGE_CURVE('',#1272,#1273,#978,.T.);
#685=EDGE_CURVE('',#1273,#1274,#979,.T.);
#686=EDGE_CURVE('',#1274,#1275,#980,.T.);
#687=EDGE_CURVE('',#1275,#1272,#981,.T.);
#688=EDGE_CURVE('',#1276,#1277,#982,.T.);
#689=EDGE_CURVE('',#1277,#1278,#983,.T.);
#690=EDGE_CURVE('',#1278,#1279,#984,.T.);
#691=EDGE_CURVE('',#1279,#1276,#985,.T.);
#692=EDGE_CURVE('',#1280,#1281,#986,.T.);
#693=EDGE_CURVE('',#1281,#1282,#987,.T.);
#694=EDGE_CURVE('',#1282,#1283,#988,.T.);
#695=EDGE_CURVE('',#1283,#1280,#989,.T.);
#696=EDGE_CURVE('',#1284,#1285,#990,.T.);
#697=EDGE_CURVE('',#1285,#1286,#991,.T.);
#698=EDGE_CURVE('',#1286,#1287,#992,.T.);
#699=EDGE_CURVE('',#1287,#1284,#993,.T.);
#700=EDGE_CURVE('',#1288,#1289,#994,.T.);
#701=EDGE_CURVE('',#1289,#1290,#995,.T.);
#702=EDGE_CURVE('',#1290,#1291,#996,.T.);
#703=EDGE_CURVE('',#1291,#1288,#997,.T.);
#704=EDGE_CURVE('',#1292,#1293,#998,.T.);
#705=EDGE_CURVE('',#1293,#1294,#999,.T.);
#706=EDGE_CURVE('',#1294,#1295,#1000,.T.);
#707=EDGE_CURVE('',#1295,#1292,#1001,.T.);
#708=EDGE_CURVE('',#1296,#1297,#1002,.T.);
#709=EDGE_CURVE('',#1297,#1298,#1003,.T.);
#710=EDGE_CURVE('',#1298,#1299,#1004,.T.);
#711=EDGE_CURVE('',#1299,#1296,#1005,.T.);
#712=EDGE_CURVE('',#1300,#1301,#1006,.T.);
#713=EDGE_CURVE('',#1301,#1302,#1007,.T.);
#714=EDGE_CURVE('',#1302,#1303,#1008,.T.);
#715=EDGE_CURVE('',#1303,#1300,#1009,.T.);
#716=EDGE_CURVE('',#1304,#1305,#1010,.T.);
#717=EDGE_CURVE('',#1305,#1306,#1011,.T.);
#718=EDGE_CURVE('',#1306,#1307,#1012,.T.);
#719=EDGE_CURVE('',#1307,#1304,#1013,.T.);
#720=EDGE_CURVE('',#1308,#1309,#1014,.T.);
#721=EDGE_CURVE('',#1309,#1310,#1015,.T.);
#722=EDGE_CURVE('',#1310,#1311,#1016,.T.);
#723=EDGE_CURVE('',#1311,#1308,#1017,.T.);
#724=EDGE_CURVE('',#1312,#1313,#1018,.T.);
#725=EDGE_CURVE('',#1313,#1314,#1019,.T.);
#726=EDGE_CURVE('',#1314,#1315,#1020,.T.);
#727=EDGE_CURVE('',#1315,#1312,#1021,.T.);
#728=EDGE_CURVE('',#1316,#1317,#1022,.T.);
#729=EDGE_CURVE('',#1317,#1318,#1023,.T.);
#730=EDGE_CURVE('',#1318,#1319,#1024,.T.);
#731=EDGE_CURVE('',#1319,#1316,#1025,.T.);
#732=EDGE_CURVE('',#1320,#1321,#1026,.T.);
#733=EDGE_CURVE('',#1321,#1322,#1027,.T.);
#734=EDGE_CURVE('',#1322,#1323,#1028,.T.);
#735=EDGE_CURVE('',#1323,#1320,#1029,.T.);
#736=EDGE_CURVE('',#1324,#1325,#1030,.T.);
#737=EDGE_CURVE('',#1325,#1326,#1031,.T.);
#738=EDGE_CURVE('',#1326,#1327,#1032,.T.);
#739=EDGE_CURVE('',#1327,#1324,#1033,.T.);
#740=EDGE_CURVE('',#1328,#1329,#1034,.T.);
#741=EDGE_CURVE('',#1329,#1330,#1035,.T.);
#742=EDGE_CURVE('',#1330,#1331,#1036,.T.);
#743=EDGE_CURVE('',#1331,#1328,#1037,.T.);
#744=EDGE_CURVE('',#1332,#1333,#1038,.T.);
#745=EDGE_CURVE('',#1333,#1334,#1039,.T.);
#746=EDGE_CURVE('',#1334,#1335,#1040,.T.);
#747=EDGE_CURVE('',#1335,#1332,#1041,.T.);
#748=EDGE_CURVE('',#1336,#1337,#1042,.T.);
#749=EDGE_CURVE('',#1337,#1338,#1043,.T.);
#750=EDGE_CURVE('',#1338,#1339,#1044,.T.);
#751=EDGE_CURVE('',#1339,#1336,#1045,.T.);
#752=EDGE_CURVE('',#1340,#1341,#1046,.T.);
#753=EDGE_CURVE('',#1341,#1342,#1047,.T.);
#754=EDGE_CURVE('',#1342,#1343,#1048,.T.);
#755=EDGE_CURVE('',#1343,#1340,#1049,.T.);
#756=EDGE_CURVE('',#1344,#1345,#1050,.T.);
#757=EDGE_CURVE('',#1345,#1346,#1051,.T.);
#758=EDGE_CURVE('',#1346,#1347,#1052,.T.);
#759=EDGE_CURVE('',#1347,#1344,#1053,.T.);
#760=EDGE_CURVE('',#1348,#1349,#1054,.T.);
#761=EDGE_CURVE('',#1349,#1350,#1055,.T.);
#762=EDGE_CURVE('',#1350,#1351,#1056,.T.);
#763=EDGE_CURVE('',#1351,#1348,#1057,.T.);
#764=EDGE_CURVE('',#1352,#1353,#1058,.T.);
#765=EDGE_CURVE('',#1353,#1354,#1059,.T.);
#766=EDGE_CURVE('',#1354,#1355,#1060,.T.);
#767=EDGE_CURVE('',#1355,#1352,#1061,.T.);
#768=EDGE_CURVE('',#1356,#1357,#1062,.T.);
#769=EDGE_CURVE('',#1357,#1358,#1063,.T.);
#770=EDGE_CURVE('',#1358,#1359,#1064,.T.);
#771=EDGE_CURVE('',#1359,#1356,#1065,.T.);
#772=EDGE_CURVE('',#1360,#1361,#1066,.T.);
#773=EDGE_CURVE('',#1361,#1362,#1067,.T.);
#774=EDGE_CURVE('',#1362,#1363,#1068,.T.);
#775=EDGE_CURVE('',#1363,#1360,#1069,.T.);
#776=EDGE_CURVE('',#1364,#1365,#1070,.T.);
#777=EDGE_CURVE('',#1365,#1391,#1071,.T.);
#778=EDGE_CURVE('',#1366,#1364,#1072,.T.);
#779=EDGE_CURVE('',#1367,#1375,#1073,.T.);
#780=EDGE_CURVE('',#1368,#1378,#1074,.T.);
#781=EDGE_CURVE('',#1369,#1381,#1075,.T.);
#782=EDGE_CURVE('',#1370,#1384,#1076,.T.);
#783=EDGE_CURVE('',#1371,#1387,#1077,.T.);
#784=EDGE_CURVE('',#1372,#1390,#1078,.T.);
#785=EDGE_CURVE('',#1373,#1367,#1079,.T.);
#786=EDGE_CURVE('',#1374,#1373,#1080,.T.);
#787=EDGE_CURVE('',#1375,#1374,#1081,.T.);
#788=EDGE_CURVE('',#1376,#1368,#1082,.T.);
#789=EDGE_CURVE('',#1377,#1376,#1083,.T.);
#790=EDGE_CURVE('',#1378,#1377,#1084,.T.);
#791=EDGE_CURVE('',#1379,#1369,#1085,.T.);
#792=EDGE_CURVE('',#1380,#1379,#1086,.T.);
#793=EDGE_CURVE('',#1381,#1380,#1087,.T.);
#794=EDGE_CURVE('',#1382,#1370,#1088,.T.);
#795=EDGE_CURVE('',#1383,#1382,#1089,.T.);
#796=EDGE_CURVE('',#1384,#1383,#1090,.T.);
#797=EDGE_CURVE('',#1385,#1371,#1091,.T.);
#798=EDGE_CURVE('',#1386,#1385,#1092,.T.);
#799=EDGE_CURVE('',#1387,#1386,#1093,.T.);
#800=EDGE_CURVE('',#1388,#1372,#1094,.T.);
#801=EDGE_CURVE('',#1389,#1388,#1095,.T.);
#802=EDGE_CURVE('',#1390,#1389,#1096,.T.);
#803=EDGE_CURVE('',#1391,#1392,#1097,.T.);
#804=EDGE_CURVE('',#1392,#1366,#1098,.T.);
#805=EDGE_CURVE('',#1393,#1394,#1099,.T.);
#806=EDGE_CURVE('',#1394,#1395,#1100,.T.);
#807=EDGE_CURVE('',#1395,#1396,#1101,.T.);
#808=EDGE_CURVE('',#1396,#1393,#1102,.T.);
#809=EDGE_CURVE('',#1397,#1398,#1103,.T.);
#810=EDGE_CURVE('',#1398,#1399,#1104,.T.);
#811=EDGE_CURVE('',#1399,#1400,#1105,.T.);
#812=EDGE_CURVE('',#1400,#1397,#1106,.T.);
#813=EDGE_CURVE('',#1401,#1402,#1107,.T.);
#814=EDGE_CURVE('',#1402,#1403,#1108,.T.);
#815=EDGE_CURVE('',#1403,#1404,#1109,.T.);
#816=EDGE_CURVE('',#1404,#1401,#1110,.T.);
#817=EDGE_CURVE('',#1405,#1406,#1111,.T.);
#818=EDGE_CURVE('',#1406,#1407,#1112,.T.);
#819=EDGE_CURVE('',#1407,#1408,#1113,.T.);
#820=EDGE_CURVE('',#1408,#1405,#1114,.T.);
#821=EDGE_CURVE('',#1409,#1410,#1115,.T.);
#822=EDGE_CURVE('',#1410,#1411,#1116,.T.);
#823=EDGE_CURVE('',#1411,#1412,#1117,.T.);
#824=EDGE_CURVE('',#1412,#1409,#1118,.T.);
#825=EDGE_CURVE('',#1413,#1414,#1119,.T.);
#826=EDGE_CURVE('',#1414,#1415,#1120,.T.);
#827=EDGE_CURVE('',#1415,#1416,#1121,.T.);
#828=EDGE_CURVE('',#1416,#1413,#1122,.T.);
#829=EDGE_CURVE('',#1417,#1418,#1123,.T.);
#830=EDGE_CURVE('',#1418,#1419,#1124,.T.);
#831=EDGE_CURVE('',#1419,#1420,#1125,.T.);
#832=EDGE_CURVE('',#1420,#1417,#1126,.T.);
#833=EDGE_CURVE('',#1421,#1422,#1127,.T.);
#834=EDGE_CURVE('',#1422,#1423,#1128,.T.);
#835=EDGE_CURVE('',#1423,#1424,#1129,.T.);
#836=EDGE_CURVE('',#1424,#1421,#1130,.T.);
#837=EDGE_CURVE('',#1425,#1426,#1131,.T.);
#838=EDGE_CURVE('',#1426,#1427,#1132,.T.);
#839=EDGE_CURVE('',#1427,#1428,#1133,.T.);
#840=EDGE_CURVE('',#1428,#1425,#1134,.T.);
#841=EDGE_CURVE('',#1429,#1430,#1135,.T.);
#842=EDGE_CURVE('',#1430,#1431,#1136,.T.);
#843=EDGE_CURVE('',#1431,#1432,#1137,.T.);
#844=EDGE_CURVE('',#1432,#1429,#1138,.T.);
#845=EDGE_CURVE('',#1433,#1434,#1139,.T.);
#846=EDGE_CURVE('',#1434,#1435,#1140,.T.);
#847=EDGE_CURVE('',#1435,#1436,#1141,.T.);
#848=EDGE_CURVE('',#1436,#1433,#1142,.T.);
#849=EDGE_CURVE('',#1437,#1438,#1143,.T.);
#850=EDGE_CURVE('',#1438,#1440,#1144,.T.);
#851=EDGE_CURVE('',#1439,#1440,#1145,.T.);
#852=EDGE_CURVE('',#1439,#1437,#1146,.T.);
#853=EDGE_CURVE('',#1441,#1442,#1147,.T.);
#854=EDGE_CURVE('',#1443,#1444,#1148,.T.);
#855=EDGE_CURVE('',#1443,#1441,#1149,.T.);
#856=EDGE_CURVE('',#1444,#1442,#1150,.T.);
#857=EDGE_CURVE('',#1445,#1446,#1151,.T.);
#858=EDGE_CURVE('',#1446,#1447,#1152,.T.);
#859=EDGE_CURVE('',#1447,#1448,#1153,.T.);
#860=EDGE_CURVE('',#1448,#1445,#1154,.T.);
#861=EDGE_CURVE('',#1449,#1450,#1155,.T.);
#862=EDGE_CURVE('',#1450,#1451,#1156,.T.);
#863=EDGE_CURVE('',#1451,#1452,#1157,.T.);
#864=EDGE_CURVE('',#1452,#1449,#1158,.T.);
#865=EDGE_CURVE('',#1453,#1454,#1159,.T.);
#866=EDGE_CURVE('',#1454,#1463,#1160,.T.);
#867=EDGE_CURVE('',#1455,#1459,#1161,.T.);
#868=EDGE_CURVE('',#1456,#1462,#1162,.T.);
#869=EDGE_CURVE('',#1457,#1455,#1163,.T.);
#870=EDGE_CURVE('',#1458,#1457,#1164,.T.);
#871=EDGE_CURVE('',#1459,#1458,#1165,.T.);
#872=EDGE_CURVE('',#1460,#1456,#1166,.T.);
#873=EDGE_CURVE('',#1461,#1460,#1167,.T.);
#874=EDGE_CURVE('',#1462,#1461,#1168,.T.);
#875=EDGE_CURVE('',#1463,#1464,#1169,.T.);
#876=EDGE_CURVE('',#1464,#1453,#1170,.T.);
#877=EDGE_CURVE('',#1465,#1466,#1171,.T.);
#878=EDGE_CURVE('',#1466,#1468,#1172,.T.);
#879=EDGE_CURVE('',#1467,#1468,#1173,.T.);
#880=EDGE_CURVE('',#1467,#1465,#1174,.T.);
#881=EDGE_CURVE('',#1469,#1470,#1175,.T.);
#882=EDGE_CURVE('',#1470,#1488,#1176,.T.);
#883=EDGE_CURVE('',#1471,#1469,#1177,.T.);
#884=EDGE_CURVE('',#1472,#1478,#1178,.T.);
#885=EDGE_CURVE('',#1473,#1481,#1179,.T.);
#886=EDGE_CURVE('',#1474,#1484,#1180,.T.);
#887=EDGE_CURVE('',#1475,#1487,#1181,.T.);
#888=EDGE_CURVE('',#1476,#1472,#1182,.T.);
#889=EDGE_CURVE('',#1477,#1476,#1183,.T.);
#890=EDGE_CURVE('',#1478,#1477,#1184,.T.);
#891=EDGE_CURVE('',#1479,#1473,#1185,.T.);
#892=EDGE_CURVE('',#1480,#1479,#1186,.T.);
#893=EDGE_CURVE('',#1481,#1480,#1187,.T.);
#894=EDGE_CURVE('',#1482,#1474,#1188,.T.);
#895=EDGE_CURVE('',#1483,#1482,#1189,.T.);
#896=EDGE_CURVE('',#1484,#1483,#1190,.T.);
#897=EDGE_CURVE('',#1485,#1475,#1191,.T.);
#898=EDGE_CURVE('',#1486,#1485,#1192,.T.);
#899=EDGE_CURVE('',#1487,#1486,#1193,.T.);
#900=EDGE_CURVE('',#1488,#1489,#1194,.T.);
#901=EDGE_CURVE('',#1489,#1471,#1195,.T.);
#902=EDGE_CURVE('',#1490,#1491,#1196,.T.);
#903=EDGE_CURVE('',#1491,#1493,#1197,.T.);
#904=EDGE_CURVE('',#1492,#1493,#1198,.T.);
#905=EDGE_CURVE('',#1492,#1490,#1199,.T.);
#906=EDGE_CURVE('',#1494,#1495,#1200,.T.);
#907=EDGE_CURVE('',#1495,#1497,#1201,.T.);
#908=EDGE_CURVE('',#1496,#1497,#1202,.T.);
#909=EDGE_CURVE('',#1496,#1494,#1203,.T.);
#910=EDGE_CURVE('',#1498,#1499,#1204,.T.);
#911=EDGE_CURVE('',#1500,#1501,#1205,.T.);
#912=EDGE_CURVE('',#1500,#1498,#1206,.T.);
#913=EDGE_CURVE('',#1501,#1499,#1207,.T.);
#914=EDGE_CURVE('',#1502,#1503,#1208,.T.);
#915=EDGE_CURVE('',#1503,#1504,#1209,.T.);
#916=EDGE_CURVE('',#1504,#1505,#1210,.T.);
#917=EDGE_CURVE('',#1505,#1502,#1211,.T.);
#918=EDGE_CURVE('',#1506,#1507,#1212,.T.);
#919=EDGE_CURVE('',#1507,#1508,#1213,.T.);
#920=EDGE_CURVE('',#1508,#1509,#1214,.T.);
#921=EDGE_CURVE('',#1509,#1506,#1215,.T.);
#922=EDGE_CURVE('',#1510,#1511,#1216,.T.);
#923=EDGE_CURVE('',#1511,#1512,#1217,.T.);
#924=EDGE_CURVE('',#1512,#1513,#1218,.T.);
#925=EDGE_CURVE('',#1513,#1510,#1219,.T.);
#926=B_SPLINE_CURVE_WITH_KNOTS('',1,(#1793,#1794),.UNSPECIFIED.,.F.,.F.,
(2,2),(0.,0.999999999999999),.UNSPECIFIED.);
#927=B_SPLINE_CURVE_WITH_KNOTS('',1,(#1795,#1796),.UNSPECIFIED.,.F.,.F.,
(2,2),(0.,1.65000000000001),.UNSPECIFIED.);
#928=B_SPLINE_CURVE_WITH_KNOTS('',1,(#1797,#1798),.UNSPECIFIED.,.F.,.F.,
(2,2),(0.,0.999999999999999),.UNSPECIFIED.);
#929=B_SPLINE_CURVE_WITH_KNOTS('',1,(#1799,#1800),.UNSPECIFIED.,.F.,.F.,
(2,2),(0.,1.65000000000001),.UNSPECIFIED.);
#930=B_SPLINE_CURVE_WITH_KNOTS('',1,(#1806,#1807),.UNSPECIFIED.,.F.,.F.,
(2,2),(0.,0.999999999999999),.UNSPECIFIED.);
#931=B_SPLINE_CURVE_WITH_KNOTS('',1,(#1808,#1809),.UNSPECIFIED.,.F.,.F.,
(2,2),(0.,1.65000000000001),.UNSPECIFIED.);
#932=B_SPLINE_CURVE_WITH_KNOTS('',1,(#1810,#1811),.UNSPECIFIED.,.F.,.F.,
(2,2),(0.,0.999999999999999),.UNSPECIFIED.);
#933=B_SPLINE_CURVE_WITH_KNOTS('',1,(#1812,#1813),.UNSPECIFIED.,.F.,.F.,
(2,2),(0.,1.65000000000001),.UNSPECIFIED.);
#934=B_SPLINE_CURVE_WITH_KNOTS('',1,(#1819,#1820),.UNSPECIFIED.,.F.,.F.,
(2,2),(0.,0.999999999999999),.UNSPECIFIED.);
#935=B_SPLINE_CURVE_WITH_KNOTS('',1,(#1821,#1822),.UNSPECIFIED.,.F.,.F.,
(2,2),(0.,1.65000000000001),.UNSPECIFIED.);
#936=B_SPLINE_CURVE_WITH_KNOTS('',1,(#1823,#1824),.UNSPECIFIED.,.F.,.F.,
(2,2),(0.,0.999999999999999),.UNSPECIFIED.);
#937=B_SPLINE_CURVE_WITH_KNOTS('',1,(#1825,#1826),.UNSPECIFIED.,.F.,.F.,
(2,2),(0.,1.65000000000001),.UNSPECIFIED.);
#938=B_SPLINE_CURVE_WITH_KNOTS('',1,(#1832,#1833),.UNSPECIFIED.,.F.,.F.,
(2,2),(0.,0.999999999999999),.UNSPECIFIED.);
#939=B_SPLINE_CURVE_WITH_KNOTS('',1,(#1834,#1835),.UNSPECIFIED.,.F.,.F.,
(2,2),(0.,1.65000000000001),.UNSPECIFIED.);
#940=B_SPLINE_CURVE_WITH_KNOTS('',1,(#1836,#1837),.UNSPECIFIED.,.F.,.F.,
(2,2),(0.,0.999999999999999),.UNSPECIFIED.);
#941=B_SPLINE_CURVE_WITH_KNOTS('',1,(#1838,#1839),.UNSPECIFIED.,.F.,.F.,
(2,2),(0.,1.65000000000001),.UNSPECIFIED.);
#942=B_SPLINE_CURVE_WITH_KNOTS('',1,(#1845,#1846),.UNSPECIFIED.,.F.,.F.,
(2,2),(0.,0.999999999999999),.UNSPECIFIED.);
#943=B_SPLINE_CURVE_WITH_KNOTS('',1,(#1847,#1848),.UNSPECIFIED.,.F.,.F.,
(2,2),(0.,1.65000000000001),.UNSPECIFIED.);
#944=B_SPLINE_CURVE_WITH_KNOTS('',1,(#1849,#1850),.UNSPECIFIED.,.F.,.F.,
(2,2),(0.,0.999999999999999),.UNSPECIFIED.);
#945=B_SPLINE_CURVE_WITH_KNOTS('',1,(#1851,#1852),.UNSPECIFIED.,.F.,.F.,
(2,2),(0.,1.65000000000001),.UNSPECIFIED.);
#946=B_SPLINE_CURVE_WITH_KNOTS('',1,(#1858,#1859),.UNSPECIFIED.,.F.,.F.,
(2,2),(0.,0.999999999999999),.UNSPECIFIED.);
#947=B_SPLINE_CURVE_WITH_KNOTS('',1,(#1860,#1861),.UNSPECIFIED.,.F.,.F.,
(2,2),(0.,1.65000000000001),.UNSPECIFIED.);
#948=B_SPLINE_CURVE_WITH_KNOTS('',1,(#1862,#1863),.UNSPECIFIED.,.F.,.F.,
(2,2),(0.,0.999999999999999),.UNSPECIFIED.);
#949=B_SPLINE_CURVE_WITH_KNOTS('',1,(#1864,#1865),.UNSPECIFIED.,.F.,.F.,
(2,2),(0.,1.65000000000001),.UNSPECIFIED.);
#950=B_SPLINE_CURVE_WITH_KNOTS('',1,(#1871,#1872),.UNSPECIFIED.,.F.,.F.,
(2,2),(0.,0.999999999999999),.UNSPECIFIED.);
#951=B_SPLINE_CURVE_WITH_KNOTS('',1,(#1873,#1874),.UNSPECIFIED.,.F.,.F.,
(2,2),(0.,1.65000000000001),.UNSPECIFIED.);
#952=B_SPLINE_CURVE_WITH_KNOTS('',1,(#1875,#1876),.UNSPECIFIED.,.F.,.F.,
(2,2),(0.,0.999999999999999),.UNSPECIFIED.);
#953=B_SPLINE_CURVE_WITH_KNOTS('',1,(#1877,#1878),.UNSPECIFIED.,.F.,.F.,
(2,2),(0.,1.65000000000001),.UNSPECIFIED.);
#954=B_SPLINE_CURVE_WITH_KNOTS('',1,(#1884,#1885),.UNSPECIFIED.,.F.,.F.,
(2,2),(0.,0.999999999999999),.UNSPECIFIED.);
#955=B_SPLINE_CURVE_WITH_KNOTS('',1,(#1886,#1887),.UNSPECIFIED.,.F.,.F.,
(2,2),(0.,1.65000000000001),.UNSPECIFIED.);
#956=B_SPLINE_CURVE_WITH_KNOTS('',1,(#1888,#1889),.UNSPECIFIED.,.F.,.F.,
(2,2),(0.,0.999999999999999),.UNSPECIFIED.);
#957=B_SPLINE_CURVE_WITH_KNOTS('',1,(#1890,#1891),.UNSPECIFIED.,.F.,.F.,
(2,2),(0.,1.65000000000001),.UNSPECIFIED.);
#958=B_SPLINE_CURVE_WITH_KNOTS('',1,(#1897,#1898),.UNSPECIFIED.,.F.,.F.,
(2,2),(0.,0.999999999999999),.UNSPECIFIED.);
#959=B_SPLINE_CURVE_WITH_KNOTS('',1,(#1899,#1900),.UNSPECIFIED.,.F.,.F.,
(2,2),(0.,1.65000000000001),.UNSPECIFIED.);
#960=B_SPLINE_CURVE_WITH_KNOTS('',1,(#1901,#1902),.UNSPECIFIED.,.F.,.F.,
(2,2),(0.,0.999999999999999),.UNSPECIFIED.);
#961=B_SPLINE_CURVE_WITH_KNOTS('',1,(#1903,#1904),.UNSPECIFIED.,.F.,.F.,
(2,2),(0.,1.65000000000001),.UNSPECIFIED.);
#962=B_SPLINE_CURVE_WITH_KNOTS('',1,(#1910,#1911),.UNSPECIFIED.,.F.,.F.,
(2,2),(0.,0.999999999999999),.UNSPECIFIED.);
#963=B_SPLINE_CURVE_WITH_KNOTS('',1,(#1912,#1913),.UNSPECIFIED.,.F.,.F.,
(2,2),(0.,1.65000000000001),.UNSPECIFIED.);
#964=B_SPLINE_CURVE_WITH_KNOTS('',1,(#1914,#1915),.UNSPECIFIED.,.F.,.F.,
(2,2),(0.,0.999999999999999),.UNSPECIFIED.);
#965=B_SPLINE_CURVE_WITH_KNOTS('',1,(#1916,#1917),.UNSPECIFIED.,.F.,.F.,
(2,2),(0.,1.65000000000001),.UNSPECIFIED.);
#966=B_SPLINE_CURVE_WITH_KNOTS('',1,(#1923,#1924),.UNSPECIFIED.,.F.,.F.,
(2,2),(0.,0.999999999999999),.UNSPECIFIED.);
#967=B_SPLINE_CURVE_WITH_KNOTS('',1,(#1925,#1926),.UNSPECIFIED.,.F.,.F.,
(2,2),(0.,1.65000000000001),.UNSPECIFIED.);
#968=B_SPLINE_CURVE_WITH_KNOTS('',1,(#1927,#1928),.UNSPECIFIED.,.F.,.F.,
(2,2),(0.,0.999999999999999),.UNSPECIFIED.);
#969=B_SPLINE_CURVE_WITH_KNOTS('',1,(#1929,#1930),.UNSPECIFIED.,.F.,.F.,
(2,2),(0.,1.65000000000001),.UNSPECIFIED.);
#970=B_SPLINE_CURVE_WITH_KNOTS('',1,(#1936,#1937),.UNSPECIFIED.,.F.,.F.,
(2,2),(0.,0.999999999999999),.UNSPECIFIED.);
#971=B_SPLINE_CURVE_WITH_KNOTS('',1,(#1938,#1939),.UNSPECIFIED.,.F.,.F.,
(2,2),(0.,1.65000000000001),.UNSPECIFIED.);
#972=B_SPLINE_CURVE_WITH_KNOTS('',1,(#1940,#1941),.UNSPECIFIED.,.F.,.F.,
(2,2),(0.,0.999999999999999),.UNSPECIFIED.);
#973=B_SPLINE_CURVE_WITH_KNOTS('',1,(#1942,#1943),.UNSPECIFIED.,.F.,.F.,
(2,2),(0.,1.65000000000001),.UNSPECIFIED.);
#974=B_SPLINE_CURVE_WITH_KNOTS('',1,(#1949,#1950),.UNSPECIFIED.,.F.,.F.,
(2,2),(0.,0.999999999999999),.UNSPECIFIED.);
#975=B_SPLINE_CURVE_WITH_KNOTS('',1,(#1951,#1952),.UNSPECIFIED.,.F.,.F.,
(2,2),(0.,1.65000000000001),.UNSPECIFIED.);
#976=B_SPLINE_CURVE_WITH_KNOTS('',1,(#1953,#1954),.UNSPECIFIED.,.F.,.F.,
(2,2),(0.,0.999999999999999),.UNSPECIFIED.);
#977=B_SPLINE_CURVE_WITH_KNOTS('',1,(#1955,#1956),.UNSPECIFIED.,.F.,.F.,
(2,2),(0.,1.65000000000001),.UNSPECIFIED.);
#978=B_SPLINE_CURVE_WITH_KNOTS('',1,(#1962,#1963),.UNSPECIFIED.,.F.,.F.,
(2,2),(0.,0.999999999999999),.UNSPECIFIED.);
#979=B_SPLINE_CURVE_WITH_KNOTS('',1,(#1964,#1965),.UNSPECIFIED.,.F.,.F.,
(2,2),(0.,1.65000000000001),.UNSPECIFIED.);
#980=B_SPLINE_CURVE_WITH_KNOTS('',1,(#1966,#1967),.UNSPECIFIED.,.F.,.F.,
(2,2),(0.,0.999999999999999),.UNSPECIFIED.);
#981=B_SPLINE_CURVE_WITH_KNOTS('',1,(#1968,#1969),.UNSPECIFIED.,.F.,.F.,
(2,2),(0.,1.65000000000001),.UNSPECIFIED.);
#982=B_SPLINE_CURVE_WITH_KNOTS('',1,(#1975,#1976),.UNSPECIFIED.,.F.,.F.,
(2,2),(0.,0.999999999999999),.UNSPECIFIED.);
#983=B_SPLINE_CURVE_WITH_KNOTS('',1,(#1977,#1978),.UNSPECIFIED.,.F.,.F.,
(2,2),(0.,1.65000000000001),.UNSPECIFIED.);
#984=B_SPLINE_CURVE_WITH_KNOTS('',1,(#1979,#1980),.UNSPECIFIED.,.F.,.F.,
(2,2),(0.,0.999999999999999),.UNSPECIFIED.);
#985=B_SPLINE_CURVE_WITH_KNOTS('',1,(#1981,#1982),.UNSPECIFIED.,.F.,.F.,
(2,2),(0.,1.65000000000001),.UNSPECIFIED.);
#986=B_SPLINE_CURVE_WITH_KNOTS('',1,(#1988,#1989),.UNSPECIFIED.,.F.,.F.,
(2,2),(0.,0.999999999999999),.UNSPECIFIED.);
#987=B_SPLINE_CURVE_WITH_KNOTS('',1,(#1990,#1991),.UNSPECIFIED.,.F.,.F.,
(2,2),(0.,1.65000000000001),.UNSPECIFIED.);
#988=B_SPLINE_CURVE_WITH_KNOTS('',1,(#1992,#1993),.UNSPECIFIED.,.F.,.F.,
(2,2),(0.,0.999999999999999),.UNSPECIFIED.);
#989=B_SPLINE_CURVE_WITH_KNOTS('',1,(#1994,#1995),.UNSPECIFIED.,.F.,.F.,
(2,2),(0.,1.65000000000001),.UNSPECIFIED.);
#990=B_SPLINE_CURVE_WITH_KNOTS('',1,(#2001,#2002),.UNSPECIFIED.,.F.,.F.,
(2,2),(0.,0.999999999999999),.UNSPECIFIED.);
#991=B_SPLINE_CURVE_WITH_KNOTS('',1,(#2003,#2004),.UNSPECIFIED.,.F.,.F.,
(2,2),(0.,1.65000000000001),.UNSPECIFIED.);
#992=B_SPLINE_CURVE_WITH_KNOTS('',1,(#2005,#2006),.UNSPECIFIED.,.F.,.F.,
(2,2),(0.,0.999999999999999),.UNSPECIFIED.);
#993=B_SPLINE_CURVE_WITH_KNOTS('',1,(#2007,#2008),.UNSPECIFIED.,.F.,.F.,
(2,2),(0.,1.65000000000001),.UNSPECIFIED.);
#994=B_SPLINE_CURVE_WITH_KNOTS('',1,(#2014,#2015),.UNSPECIFIED.,.F.,.F.,
(2,2),(0.,0.999999999999999),.UNSPECIFIED.);
#995=B_SPLINE_CURVE_WITH_KNOTS('',1,(#2016,#2017),.UNSPECIFIED.,.F.,.F.,
(2,2),(0.,1.65000000000001),.UNSPECIFIED.);
#996=B_SPLINE_CURVE_WITH_KNOTS('',1,(#2018,#2019),.UNSPECIFIED.,.F.,.F.,
(2,2),(0.,0.999999999999999),.UNSPECIFIED.);
#997=B_SPLINE_CURVE_WITH_KNOTS('',1,(#2020,#2021),.UNSPECIFIED.,.F.,.F.,
(2,2),(0.,1.65000000000001),.UNSPECIFIED.);
#998=B_SPLINE_CURVE_WITH_KNOTS('',1,(#2027,#2028),.UNSPECIFIED.,.F.,.F.,
(2,2),(0.,0.999999999999999),.UNSPECIFIED.);
#999=B_SPLINE_CURVE_WITH_KNOTS('',1,(#2029,#2030),.UNSPECIFIED.,.F.,.F.,
(2,2),(0.,1.65000000000001),.UNSPECIFIED.);
#1000=B_SPLINE_CURVE_WITH_KNOTS('',1,(#2031,#2032),.UNSPECIFIED.,.F.,.F.,
(2,2),(0.,0.999999999999999),.UNSPECIFIED.);
#1001=B_SPLINE_CURVE_WITH_KNOTS('',1,(#2033,#2034),.UNSPECIFIED.,.F.,.F.,
(2,2),(0.,1.65000000000001),.UNSPECIFIED.);
#1002=B_SPLINE_CURVE_WITH_KNOTS('',1,(#2040,#2041),.UNSPECIFIED.,.F.,.F.,
(2,2),(0.,0.999999999999999),.UNSPECIFIED.);
#1003=B_SPLINE_CURVE_WITH_KNOTS('',1,(#2042,#2043),.UNSPECIFIED.,.F.,.F.,
(2,2),(0.,1.65000000000001),.UNSPECIFIED.);
#1004=B_SPLINE_CURVE_WITH_KNOTS('',1,(#2044,#2045),.UNSPECIFIED.,.F.,.F.,
(2,2),(0.,0.999999999999999),.UNSPECIFIED.);
#1005=B_SPLINE_CURVE_WITH_KNOTS('',1,(#2046,#2047),.UNSPECIFIED.,.F.,.F.,
(2,2),(0.,1.65000000000001),.UNSPECIFIED.);
#1006=B_SPLINE_CURVE_WITH_KNOTS('',1,(#2053,#2054),.UNSPECIFIED.,.F.,.F.,
(2,2),(0.,0.999999999999999),.UNSPECIFIED.);
#1007=B_SPLINE_CURVE_WITH_KNOTS('',1,(#2055,#2056),.UNSPECIFIED.,.F.,.F.,
(2,2),(0.,1.65000000000001),.UNSPECIFIED.);
#1008=B_SPLINE_CURVE_WITH_KNOTS('',1,(#2057,#2058),.UNSPECIFIED.,.F.,.F.,
(2,2),(0.,0.999999999999999),.UNSPECIFIED.);
#1009=B_SPLINE_CURVE_WITH_KNOTS('',1,(#2059,#2060),.UNSPECIFIED.,.F.,.F.,
(2,2),(0.,1.65000000000001),.UNSPECIFIED.);
#1010=B_SPLINE_CURVE_WITH_KNOTS('',1,(#2066,#2067),.UNSPECIFIED.,.F.,.F.,
(2,2),(0.,0.999999999999999),.UNSPECIFIED.);
#1011=B_SPLINE_CURVE_WITH_KNOTS('',1,(#2068,#2069),.UNSPECIFIED.,.F.,.F.,
(2,2),(0.,1.65000000000001),.UNSPECIFIED.);
#1012=B_SPLINE_CURVE_WITH_KNOTS('',1,(#2070,#2071),.UNSPECIFIED.,.F.,.F.,
(2,2),(0.,0.999999999999999),.UNSPECIFIED.);
#1013=B_SPLINE_CURVE_WITH_KNOTS('',1,(#2072,#2073),.UNSPECIFIED.,.F.,.F.,
(2,2),(0.,1.65000000000001),.UNSPECIFIED.);
#1014=B_SPLINE_CURVE_WITH_KNOTS('',1,(#2079,#2080),.UNSPECIFIED.,.F.,.F.,
(2,2),(0.,0.999999999999999),.UNSPECIFIED.);
#1015=B_SPLINE_CURVE_WITH_KNOTS('',1,(#2081,#2082),.UNSPECIFIED.,.F.,.F.,
(2,2),(0.,1.65000000000001),.UNSPECIFIED.);
#1016=B_SPLINE_CURVE_WITH_KNOTS('',1,(#2083,#2084),.UNSPECIFIED.,.F.,.F.,
(2,2),(0.,0.999999999999999),.UNSPECIFIED.);
#1017=B_SPLINE_CURVE_WITH_KNOTS('',1,(#2085,#2086),.UNSPECIFIED.,.F.,.F.,
(2,2),(0.,1.65000000000001),.UNSPECIFIED.);
#1018=B_SPLINE_CURVE_WITH_KNOTS('',1,(#2092,#2093),.UNSPECIFIED.,.F.,.F.,
(2,2),(0.,0.999999999999999),.UNSPECIFIED.);
#1019=B_SPLINE_CURVE_WITH_KNOTS('',1,(#2094,#2095),.UNSPECIFIED.,.F.,.F.,
(2,2),(0.,1.65000000000001),.UNSPECIFIED.);
#1020=B_SPLINE_CURVE_WITH_KNOTS('',1,(#2096,#2097),.UNSPECIFIED.,.F.,.F.,
(2,2),(0.,0.999999999999999),.UNSPECIFIED.);
#1021=B_SPLINE_CURVE_WITH_KNOTS('',1,(#2098,#2099),.UNSPECIFIED.,.F.,.F.,
(2,2),(0.,1.65000000000001),.UNSPECIFIED.);
#1022=B_SPLINE_CURVE_WITH_KNOTS('',1,(#2105,#2106),.UNSPECIFIED.,.F.,.F.,
(2,2),(0.,0.999999999999999),.UNSPECIFIED.);
#1023=B_SPLINE_CURVE_WITH_KNOTS('',1,(#2107,#2108),.UNSPECIFIED.,.F.,.F.,
(2,2),(0.,1.65000000000001),.UNSPECIFIED.);
#1024=B_SPLINE_CURVE_WITH_KNOTS('',1,(#2109,#2110),.UNSPECIFIED.,.F.,.F.,
(2,2),(0.,0.999999999999999),.UNSPECIFIED.);
#1025=B_SPLINE_CURVE_WITH_KNOTS('',1,(#2111,#2112),.UNSPECIFIED.,.F.,.F.,
(2,2),(0.,1.65000000000001),.UNSPECIFIED.);
#1026=B_SPLINE_CURVE_WITH_KNOTS('',1,(#2118,#2119),.UNSPECIFIED.,.F.,.F.,
(2,2),(0.,0.999999999999999),.UNSPECIFIED.);
#1027=B_SPLINE_CURVE_WITH_KNOTS('',1,(#2120,#2121),.UNSPECIFIED.,.F.,.F.,
(2,2),(0.,1.65000000000001),.UNSPECIFIED.);
#1028=B_SPLINE_CURVE_WITH_KNOTS('',1,(#2122,#2123),.UNSPECIFIED.,.F.,.F.,
(2,2),(0.,0.999999999999999),.UNSPECIFIED.);
#1029=B_SPLINE_CURVE_WITH_KNOTS('',1,(#2124,#2125),.UNSPECIFIED.,.F.,.F.,
(2,2),(0.,1.65000000000001),.UNSPECIFIED.);
#1030=B_SPLINE_CURVE_WITH_KNOTS('',1,(#2131,#2132),.UNSPECIFIED.,.F.,.F.,
(2,2),(0.,0.999999999999999),.UNSPECIFIED.);
#1031=B_SPLINE_CURVE_WITH_KNOTS('',1,(#2133,#2134),.UNSPECIFIED.,.F.,.F.,
(2,2),(0.,1.65000000000001),.UNSPECIFIED.);
#1032=B_SPLINE_CURVE_WITH_KNOTS('',1,(#2135,#2136),.UNSPECIFIED.,.F.,.F.,
(2,2),(0.,0.999999999999999),.UNSPECIFIED.);
#1033=B_SPLINE_CURVE_WITH_KNOTS('',1,(#2137,#2138),.UNSPECIFIED.,.F.,.F.,
(2,2),(0.,1.65000000000001),.UNSPECIFIED.);
#1034=B_SPLINE_CURVE_WITH_KNOTS('',1,(#2144,#2145),.UNSPECIFIED.,.F.,.F.,
(2,2),(0.,0.999999999999999),.UNSPECIFIED.);
#1035=B_SPLINE_CURVE_WITH_KNOTS('',1,(#2146,#2147),.UNSPECIFIED.,.F.,.F.,
(2,2),(0.,1.65000000000001),.UNSPECIFIED.);
#1036=B_SPLINE_CURVE_WITH_KNOTS('',1,(#2148,#2149),.UNSPECIFIED.,.F.,.F.,
(2,2),(0.,0.999999999999999),.UNSPECIFIED.);
#1037=B_SPLINE_CURVE_WITH_KNOTS('',1,(#2150,#2151),.UNSPECIFIED.,.F.,.F.,
(2,2),(0.,1.65000000000001),.UNSPECIFIED.);
#1038=B_SPLINE_CURVE_WITH_KNOTS('',1,(#2157,#2158),.UNSPECIFIED.,.F.,.F.,
(2,2),(0.,0.999999999999999),.UNSPECIFIED.);
#1039=B_SPLINE_CURVE_WITH_KNOTS('',1,(#2159,#2160),.UNSPECIFIED.,.F.,.F.,
(2,2),(0.,1.65000000000001),.UNSPECIFIED.);
#1040=B_SPLINE_CURVE_WITH_KNOTS('',1,(#2161,#2162),.UNSPECIFIED.,.F.,.F.,
(2,2),(0.,0.999999999999999),.UNSPECIFIED.);
#1041=B_SPLINE_CURVE_WITH_KNOTS('',1,(#2163,#2164),.UNSPECIFIED.,.F.,.F.,
(2,2),(0.,1.65000000000001),.UNSPECIFIED.);
#1042=B_SPLINE_CURVE_WITH_KNOTS('',1,(#2170,#2171),.UNSPECIFIED.,.F.,.F.,
(2,2),(0.,0.999999999999999),.UNSPECIFIED.);
#1043=B_SPLINE_CURVE_WITH_KNOTS('',1,(#2172,#2173),.UNSPECIFIED.,.F.,.F.,
(2,2),(0.,1.65000000000001),.UNSPECIFIED.);
#1044=B_SPLINE_CURVE_WITH_KNOTS('',1,(#2174,#2175),.UNSPECIFIED.,.F.,.F.,
(2,2),(0.,0.999999999999999),.UNSPECIFIED.);
#1045=B_SPLINE_CURVE_WITH_KNOTS('',1,(#2176,#2177),.UNSPECIFIED.,.F.,.F.,
(2,2),(0.,1.65000000000001),.UNSPECIFIED.);
#1046=B_SPLINE_CURVE_WITH_KNOTS('',1,(#2183,#2184),.UNSPECIFIED.,.F.,.F.,
(2,2),(0.,0.999999999999999),.UNSPECIFIED.);
#1047=B_SPLINE_CURVE_WITH_KNOTS('',1,(#2185,#2186),.UNSPECIFIED.,.F.,.F.,
(2,2),(0.,1.65000000000001),.UNSPECIFIED.);
#1048=B_SPLINE_CURVE_WITH_KNOTS('',1,(#2187,#2188),.UNSPECIFIED.,.F.,.F.,
(2,2),(0.,0.999999999999999),.UNSPECIFIED.);
#1049=B_SPLINE_CURVE_WITH_KNOTS('',1,(#2189,#2190),.UNSPECIFIED.,.F.,.F.,
(2,2),(0.,1.65000000000001),.UNSPECIFIED.);
#1050=B_SPLINE_CURVE_WITH_KNOTS('',1,(#2196,#2197),.UNSPECIFIED.,.F.,.F.,
(2,2),(0.,0.999999999999999),.UNSPECIFIED.);
#1051=B_SPLINE_CURVE_WITH_KNOTS('',1,(#2198,#2199),.UNSPECIFIED.,.F.,.F.,
(2,2),(0.,1.65000000000001),.UNSPECIFIED.);
#1052=B_SPLINE_CURVE_WITH_KNOTS('',1,(#2200,#2201),.UNSPECIFIED.,.F.,.F.,
(2,2),(0.,0.999999999999999),.UNSPECIFIED.);
#1053=B_SPLINE_CURVE_WITH_KNOTS('',1,(#2202,#2203),.UNSPECIFIED.,.F.,.F.,
(2,2),(0.,1.65000000000001),.UNSPECIFIED.);
#1054=B_SPLINE_CURVE_WITH_KNOTS('',1,(#2209,#2210),.UNSPECIFIED.,.F.,.F.,
(2,2),(0.,0.999999999999999),.UNSPECIFIED.);
#1055=B_SPLINE_CURVE_WITH_KNOTS('',1,(#2211,#2212),.UNSPECIFIED.,.F.,.F.,
(2,2),(0.,1.65000000000001),.UNSPECIFIED.);
#1056=B_SPLINE_CURVE_WITH_KNOTS('',1,(#2213,#2214),.UNSPECIFIED.,.F.,.F.,
(2,2),(0.,0.999999999999999),.UNSPECIFIED.);
#1057=B_SPLINE_CURVE_WITH_KNOTS('',1,(#2215,#2216),.UNSPECIFIED.,.F.,.F.,
(2,2),(0.,1.65000000000001),.UNSPECIFIED.);
#1058=B_SPLINE_CURVE_WITH_KNOTS('',1,(#2222,#2223),.UNSPECIFIED.,.F.,.F.,
(2,2),(0.,0.999999999999999),.UNSPECIFIED.);
#1059=B_SPLINE_CURVE_WITH_KNOTS('',1,(#2224,#2225),.UNSPECIFIED.,.F.,.F.,
(2,2),(0.,1.65000000000001),.UNSPECIFIED.);
#1060=B_SPLINE_CURVE_WITH_KNOTS('',1,(#2226,#2227),.UNSPECIFIED.,.F.,.F.,
(2,2),(0.,0.999999999999999),.UNSPECIFIED.);
#1061=B_SPLINE_CURVE_WITH_KNOTS('',1,(#2228,#2229),.UNSPECIFIED.,.F.,.F.,
(2,2),(0.,1.65000000000001),.UNSPECIFIED.);
#1062=B_SPLINE_CURVE_WITH_KNOTS('',1,(#2235,#2236),.UNSPECIFIED.,.F.,.F.,
(2,2),(0.,0.999999999999999),.UNSPECIFIED.);
#1063=B_SPLINE_CURVE_WITH_KNOTS('',1,(#2237,#2238),.UNSPECIFIED.,.F.,.F.,
(2,2),(0.,1.65000000000001),.UNSPECIFIED.);
#1064=B_SPLINE_CURVE_WITH_KNOTS('',1,(#2239,#2240),.UNSPECIFIED.,.F.,.F.,
(2,2),(0.,0.999999999999999),.UNSPECIFIED.);
#1065=B_SPLINE_CURVE_WITH_KNOTS('',1,(#2241,#2242),.UNSPECIFIED.,.F.,.F.,
(2,2),(0.,1.65000000000001),.UNSPECIFIED.);
#1066=B_SPLINE_CURVE_WITH_KNOTS('',1,(#2248,#2249),.UNSPECIFIED.,.F.,.F.,
(2,2),(0.,0.999999999999999),.UNSPECIFIED.);
#1067=B_SPLINE_CURVE_WITH_KNOTS('',1,(#2250,#2251),.UNSPECIFIED.,.F.,.F.,
(2,2),(0.,1.65000000000001),.UNSPECIFIED.);
#1068=B_SPLINE_CURVE_WITH_KNOTS('',1,(#2252,#2253),.UNSPECIFIED.,.F.,.F.,
(2,2),(0.,0.999999999999999),.UNSPECIFIED.);
#1069=B_SPLINE_CURVE_WITH_KNOTS('',1,(#2254,#2255),.UNSPECIFIED.,.F.,.F.,
(2,2),(0.,1.65000000000001),.UNSPECIFIED.);
#1070=B_SPLINE_CURVE_WITH_KNOTS('',1,(#2286,#2287),.UNSPECIFIED.,.F.,.F.,
(2,2),(0.,5.85410655914871),.UNSPECIFIED.);
#1071=B_SPLINE_CURVE_WITH_KNOTS('',1,(#2288,#2289),.UNSPECIFIED.,.F.,.F.,
(2,2),(0.,5.0066431086073),.UNSPECIFIED.);
#1072=B_SPLINE_CURVE_WITH_KNOTS('',1,(#2290,#2291),.UNSPECIFIED.,.F.,.F.,
(2,2),(0.,5.78909921941472),.UNSPECIFIED.);
#1073=B_SPLINE_CURVE_WITH_KNOTS('',1,(#2292,#2293),.UNSPECIFIED.,.F.,.F.,
(2,2),(0.,0.810000000001196),.UNSPECIFIED.);
#1074=B_SPLINE_CURVE_WITH_KNOTS('',1,(#2294,#2295),.UNSPECIFIED.,.F.,.F.,
(2,2),(0.,0.810030000001206),.UNSPECIFIED.);
#1075=B_SPLINE_CURVE_WITH_KNOTS('',1,(#2296,#2297),.UNSPECIFIED.,.F.,.F.,
(2,2),(0.,0.810000000001196),.UNSPECIFIED.);
#1076=B_SPLINE_CURVE_WITH_KNOTS('',1,(#2298,#2299),.UNSPECIFIED.,.F.,.F.,
(2,2),(0.,0.810000000001224),.UNSPECIFIED.);
#1077=B_SPLINE_CURVE_WITH_KNOTS('',1,(#2300,#2301),.UNSPECIFIED.,.F.,.F.,
(2,2),(0.,1.90000000000282),.UNSPECIFIED.);
#1078=B_SPLINE_CURVE_WITH_KNOTS('',1,(#2302,#2303),.UNSPECIFIED.,.F.,.F.,
(2,2),(0.,1.90000000000282),.UNSPECIFIED.);
#1079=B_SPLINE_CURVE_WITH_KNOTS('',1,(#2304,#2305),.UNSPECIFIED.,.F.,.F.,
(2,2),(2.90000000000429,4.18000000000619),.UNSPECIFIED.);
#1080=B_SPLINE_CURVE_WITH_KNOTS('',1,(#2306,#2307),.UNSPECIFIED.,.F.,.F.,
(2,2),(2.09000000000309,2.90000000000429),.UNSPECIFIED.);
#1081=B_SPLINE_CURVE_WITH_KNOTS('',1,(#2308,#2309),.UNSPECIFIED.,.F.,.F.,
(2,2),(0.810000000001196,2.09000000000309),.UNSPECIFIED.);
#1082=B_SPLINE_CURVE_WITH_KNOTS('',1,(#2310,#2311),.UNSPECIFIED.,.F.,.F.,
(2,2),(2.90006000000431,4.18006000000621),.UNSPECIFIED.);
#1083=B_SPLINE_CURVE_WITH_KNOTS('',1,(#2312,#2313),.UNSPECIFIED.,.F.,.F.,
(2,2),(2.0900300000031,2.90006000000431),.UNSPECIFIED.);
#1084=B_SPLINE_CURVE_WITH_KNOTS('',1,(#2314,#2315),.UNSPECIFIED.,.F.,.F.,
(2,2),(0.810030000001206,2.0900300000031),.UNSPECIFIED.);
#1085=B_SPLINE_CURVE_WITH_KNOTS('',1,(#2316,#2317),.UNSPECIFIED.,.F.,.F.,
(2,2),(2.90000000000429,4.18000000000619),.UNSPECIFIED.);
#1086=B_SPLINE_CURVE_WITH_KNOTS('',1,(#2318,#2319),.UNSPECIFIED.,.F.,.F.,
(2,2),(2.09000000000309,2.90000000000429),.UNSPECIFIED.);
#1087=B_SPLINE_CURVE_WITH_KNOTS('',1,(#2320,#2321),.UNSPECIFIED.,.F.,.F.,
(2,2),(0.810000000001196,2.09000000000309),.UNSPECIFIED.);
#1088=B_SPLINE_CURVE_WITH_KNOTS('',1,(#2322,#2323),.UNSPECIFIED.,.F.,.F.,
(2,2),(2.90000000000435,4.18000000000625),.UNSPECIFIED.);
#1089=B_SPLINE_CURVE_WITH_KNOTS('',1,(#2324,#2325),.UNSPECIFIED.,.F.,.F.,
(2,2),(2.09000000000312,2.90000000000435),.UNSPECIFIED.);
#1090=B_SPLINE_CURVE_WITH_KNOTS('',1,(#2326,#2327),.UNSPECIFIED.,.F.,.F.,
(2,2),(0.810000000001224,2.09000000000312),.UNSPECIFIED.);
#1091=B_SPLINE_CURVE_WITH_KNOTS('',1,(#2328,#2329),.UNSPECIFIED.,.F.,.F.,
(2,2),(5.00000000000742,6.2000000000092),.UNSPECIFIED.);
#1092=B_SPLINE_CURVE_WITH_KNOTS('',1,(#2330,#2331),.UNSPECIFIED.,.F.,.F.,
(2,2),(3.1000000000046,5.00000000000742),.UNSPECIFIED.);
#1093=B_SPLINE_CURVE_WITH_KNOTS('',1,(#2332,#2333),.UNSPECIFIED.,.F.,.F.,
(2,2),(1.90000000000282,3.1000000000046),.UNSPECIFIED.);
#1094=B_SPLINE_CURVE_WITH_KNOTS('',1,(#2334,#2335),.UNSPECIFIED.,.F.,.F.,
(2,2),(5.00000000000742,6.2000000000092),.UNSPECIFIED.);
#1095=B_SPLINE_CURVE_WITH_KNOTS('',1,(#2336,#2337),.UNSPECIFIED.,.F.,.F.,
(2,2),(3.1000000000046,5.00000000000742),.UNSPECIFIED.);
#1096=B_SPLINE_CURVE_WITH_KNOTS('',1,(#2338,#2339),.UNSPECIFIED.,.F.,.F.,
(2,2),(1.90000000000282,3.1000000000046),.UNSPECIFIED.);
#1097=B_SPLINE_CURVE_WITH_KNOTS('',1,(#2340,#2341),.UNSPECIFIED.,.F.,.F.,
(2,2),(2.67754156512028,3.86651388799957),.UNSPECIFIED.);
#1098=B_SPLINE_CURVE_WITH_KNOTS('',1,(#2342,#2343),.UNSPECIFIED.,.F.,.F.,
(2,2),(0.491999999999969,5.54456737011157),.UNSPECIFIED.);
#1099=B_SPLINE_CURVE_WITH_KNOTS('',1,(#2349,#2350),.UNSPECIFIED.,.F.,.F.,
(2,2),(0.,13.1930100000196),.UNSPECIFIED.);
#1100=B_SPLINE_CURVE_WITH_KNOTS('',1,(#2351,#2352),.UNSPECIFIED.,.F.,.F.,
(2,2),(0.,8.23299000001224),.UNSPECIFIED.);
#1101=B_SPLINE_CURVE_WITH_KNOTS('',1,(#2353,#2354),.UNSPECIFIED.,.F.,.F.,
(2,2),(0.,13.1930100000196),.UNSPECIFIED.);
#1102=B_SPLINE_CURVE_WITH_KNOTS('',1,(#2355,#2356),.UNSPECIFIED.,.F.,.F.,
(2,2),(0.,8.23299000001224),.UNSPECIFIED.);
#1103=B_SPLINE_CURVE_WITH_KNOTS('',1,(#2362,#2363),.UNSPECIFIED.,.F.,.F.,
(2,2),(0.,0.810000000001196),.UNSPECIFIED.);
#1104=B_SPLINE_CURVE_WITH_KNOTS('',1,(#2364,#2365),.UNSPECIFIED.,.F.,.F.,
(2,2),(0.,1.2800000000019),.UNSPECIFIED.);
#1105=B_SPLINE_CURVE_WITH_KNOTS('',1,(#2366,#2367),.UNSPECIFIED.,.F.,.F.,
(2,2),(0.,0.810000000001196),.UNSPECIFIED.);
#1106=B_SPLINE_CURVE_WITH_KNOTS('',1,(#2368,#2369),.UNSPECIFIED.,.F.,.F.,
(2,2),(0.,1.2800000000019),.UNSPECIFIED.);
#1107=B_SPLINE_CURVE_WITH_KNOTS('',1,(#2375,#2376),.UNSPECIFIED.,.F.,.F.,
(2,2),(0.,0.810030000001206),.UNSPECIFIED.);
#1108=B_SPLINE_CURVE_WITH_KNOTS('',1,(#2377,#2378),.UNSPECIFIED.,.F.,.F.,
(2,2),(0.,1.2800000000019),.UNSPECIFIED.);
#1109=B_SPLINE_CURVE_WITH_KNOTS('',1,(#2379,#2380),.UNSPECIFIED.,.F.,.F.,
(2,2),(0.,0.810030000001206),.UNSPECIFIED.);
#1110=B_SPLINE_CURVE_WITH_KNOTS('',1,(#2381,#2382),.UNSPECIFIED.,.F.,.F.,
(2,2),(0.,1.2800000000019),.UNSPECIFIED.);
#1111=B_SPLINE_CURVE_WITH_KNOTS('',1,(#2388,#2389),.UNSPECIFIED.,.F.,.F.,
(2,2),(0.,0.810000000001196),.UNSPECIFIED.);
#1112=B_SPLINE_CURVE_WITH_KNOTS('',1,(#2390,#2391),.UNSPECIFIED.,.F.,.F.,
(2,2),(0.,1.2800000000019),.UNSPECIFIED.);
#1113=B_SPLINE_CURVE_WITH_KNOTS('',1,(#2392,#2393),.UNSPECIFIED.,.F.,.F.,
(2,2),(0.,0.810000000001196),.UNSPECIFIED.);
#1114=B_SPLINE_CURVE_WITH_KNOTS('',1,(#2394,#2395),.UNSPECIFIED.,.F.,.F.,
(2,2),(0.,1.2800000000019),.UNSPECIFIED.);
#1115=B_SPLINE_CURVE_WITH_KNOTS('',1,(#2401,#2402),.UNSPECIFIED.,.F.,.F.,
(2,2),(0.,0.810000000001224),.UNSPECIFIED.);
#1116=B_SPLINE_CURVE_WITH_KNOTS('',1,(#2403,#2404),.UNSPECIFIED.,.F.,.F.,
(2,2),(0.,1.2800000000019),.UNSPECIFIED.);
#1117=B_SPLINE_CURVE_WITH_KNOTS('',1,(#2405,#2406),.UNSPECIFIED.,.F.,.F.,
(2,2),(0.,0.810000000001224),.UNSPECIFIED.);
#1118=B_SPLINE_CURVE_WITH_KNOTS('',1,(#2407,#2408),.UNSPECIFIED.,.F.,.F.,
(2,2),(0.,1.2800000000019),.UNSPECIFIED.);
#1119=B_SPLINE_CURVE_WITH_KNOTS('',1,(#2414,#2415),.UNSPECIFIED.,.F.,.F.,
(2,2),(0.,1.90000000000282),.UNSPECIFIED.);
#1120=B_SPLINE_CURVE_WITH_KNOTS('',1,(#2416,#2417),.UNSPECIFIED.,.F.,.F.,
(2,2),(0.,1.20000000000178),.UNSPECIFIED.);
#1121=B_SPLINE_CURVE_WITH_KNOTS('',1,(#2418,#2419),.UNSPECIFIED.,.F.,.F.,
(2,2),(0.,1.90000000000282),.UNSPECIFIED.);
#1122=B_SPLINE_CURVE_WITH_KNOTS('',1,(#2420,#2421),.UNSPECIFIED.,.F.,.F.,
(2,2),(0.,1.20000000000178),.UNSPECIFIED.);
#1123=B_SPLINE_CURVE_WITH_KNOTS('',1,(#2427,#2428),.UNSPECIFIED.,.F.,.F.,
(2,2),(0.,1.90000000000282),.UNSPECIFIED.);
#1124=B_SPLINE_CURVE_WITH_KNOTS('',1,(#2429,#2430),.UNSPECIFIED.,.F.,.F.,
(2,2),(0.,1.20000000000178),.UNSPECIFIED.);
#1125=B_SPLINE_CURVE_WITH_KNOTS('',1,(#2431,#2432),.UNSPECIFIED.,.F.,.F.,
(2,2),(0.,1.90000000000282),.UNSPECIFIED.);
#1126=B_SPLINE_CURVE_WITH_KNOTS('',1,(#2433,#2434),.UNSPECIFIED.,.F.,.F.,
(2,2),(0.,1.20000000000178),.UNSPECIFIED.);
#1127=B_SPLINE_CURVE_WITH_KNOTS('',1,(#2440,#2441),.UNSPECIFIED.,.F.,.F.,
(2,2),(0.,1.75000000000261),.UNSPECIFIED.);
#1128=B_SPLINE_CURVE_WITH_KNOTS('',1,(#2442,#2443),.UNSPECIFIED.,.F.,.F.,
(2,2),(0.,2.21300000000328),.UNSPECIFIED.);
#1129=B_SPLINE_CURVE_WITH_KNOTS('',1,(#2444,#2445),.UNSPECIFIED.,.F.,.F.,
(2,2),(0.,1.75000000000261),.UNSPECIFIED.);
#1130=B_SPLINE_CURVE_WITH_KNOTS('',1,(#2446,#2447),.UNSPECIFIED.,.F.,.F.,
(2,2),(0.,2.21300000000328),.UNSPECIFIED.);
#1131=B_SPLINE_CURVE_WITH_KNOTS('',1,(#2453,#2454),.UNSPECIFIED.,.F.,.F.,
(2,2),(0.,1.75000000000261),.UNSPECIFIED.);
#1132=B_SPLINE_CURVE_WITH_KNOTS('',1,(#2455,#2456),.UNSPECIFIED.,.F.,.F.,
(2,2),(0.,2.21300000000328),.UNSPECIFIED.);
#1133=B_SPLINE_CURVE_WITH_KNOTS('',1,(#2457,#2458),.UNSPECIFIED.,.F.,.F.,
(2,2),(0.,1.75000000000261),.UNSPECIFIED.);
#1134=B_SPLINE_CURVE_WITH_KNOTS('',1,(#2459,#2460),.UNSPECIFIED.,.F.,.F.,
(2,2),(0.,2.21300000000328),.UNSPECIFIED.);
#1135=B_SPLINE_CURVE_WITH_KNOTS('',1,(#2466,#2467),.UNSPECIFIED.,.F.,.F.,
(2,2),(0.,2.67500000000399),.UNSPECIFIED.);
#1136=B_SPLINE_CURVE_WITH_KNOTS('',1,(#2468,#2469),.UNSPECIFIED.,.F.,.F.,
(2,2),(0.,2.59100000000385),.UNSPECIFIED.);
#1137=B_SPLINE_CURVE_WITH_KNOTS('',1,(#2470,#2471),.UNSPECIFIED.,.F.,.F.,
(2,2),(0.,2.67500000000399),.UNSPECIFIED.);
#1138=B_SPLINE_CURVE_WITH_KNOTS('',1,(#2472,#2473),.UNSPECIFIED.,.F.,.F.,
(2,2),(0.,2.59100000000385),.UNSPECIFIED.);
#1139=B_SPLINE_CURVE_WITH_KNOTS('',1,(#2479,#2480),.UNSPECIFIED.,.F.,.F.,
(2,2),(0.,2.67500000000399),.UNSPECIFIED.);
#1140=B_SPLINE_CURVE_WITH_KNOTS('',1,(#2481,#2482),.UNSPECIFIED.,.F.,.F.,
(2,2),(0.,2.59100000000385),.UNSPECIFIED.);
#1141=B_SPLINE_CURVE_WITH_KNOTS('',1,(#2483,#2484),.UNSPECIFIED.,.F.,.F.,
(2,2),(0.,2.67500000000399),.UNSPECIFIED.);
#1142=B_SPLINE_CURVE_WITH_KNOTS('',1,(#2485,#2486),.UNSPECIFIED.,.F.,.F.,
(2,2),(0.,2.59100000000385),.UNSPECIFIED.);
#1143=B_SPLINE_CURVE_WITH_KNOTS('',1,(#2492,#2493),.UNSPECIFIED.,.F.,.F.,
(2,2),(0.,8.23299000001222),.UNSPECIFIED.);
#1144=B_SPLINE_CURVE_WITH_KNOTS('',1,(#2494,#2495),.UNSPECIFIED.,.F.,.F.,
(2,2),(0.,0.491999999999969),.UNSPECIFIED.);
#1145=B_SPLINE_CURVE_WITH_KNOTS('',1,(#2496,#2497),.UNSPECIFIED.,.F.,.F.,
(2,2),(2.67754156512028,3.86651388799957),.UNSPECIFIED.);
#1146=B_SPLINE_CURVE_WITH_KNOTS('',1,(#2498,#2499),.UNSPECIFIED.,.F.,.F.,
(2,2),(5.0066431086073,5.49864310860727),.UNSPECIFIED.);
#1147=B_SPLINE_CURVE_WITH_KNOTS('',1,(#2505,#2506),.UNSPECIFIED.,.F.,.F.,
(2,2),(0.,13193.0100000196),.UNSPECIFIED.);
#1148=B_SPLINE_CURVE_WITH_KNOTS('',1,(#2507,#2508),.UNSPECIFIED.,.F.,.F.,
(2,2),(0.,13193.0100000196),.UNSPECIFIED.);
#1149=B_SPLINE_CURVE_WITH_KNOTS('',1,(#2509,#2510),.UNSPECIFIED.,.F.,.F.,
(2,2),(-5854.10655914872,0.),.UNSPECIFIED.);
#1150=B_SPLINE_CURVE_WITH_KNOTS('',1,(#2511,#2512),.UNSPECIFIED.,.F.,.F.,
(2,2),(-5854.10655914872,0.),.UNSPECIFIED.);
#1151=B_SPLINE_CURVE_WITH_KNOTS('',1,(#2518,#2519),.UNSPECIFIED.,.F.,.F.,
(2,2),(0.,1.58000000000234),.UNSPECIFIED.);
#1152=B_SPLINE_CURVE_WITH_KNOTS('',1,(#2520,#2521),.UNSPECIFIED.,.F.,.F.,
(2,2),(0.,2.39820000000356),.UNSPECIFIED.);
#1153=B_SPLINE_CURVE_WITH_KNOTS('',1,(#2522,#2523),.UNSPECIFIED.,.F.,.F.,
(2,2),(0.,1.58000000000234),.UNSPECIFIED.);
#1154=B_SPLINE_CURVE_WITH_KNOTS('',1,(#2524,#2525),.UNSPECIFIED.,.F.,.F.,
(2,2),(0.,2.39820000000356),.UNSPECIFIED.);
#1155=B_SPLINE_CURVE_WITH_KNOTS('',1,(#2531,#2532),.UNSPECIFIED.,.F.,.F.,
(2,2),(0.,1.08400000000161),.UNSPECIFIED.);
#1156=B_SPLINE_CURVE_WITH_KNOTS('',1,(#2533,#2534),.UNSPECIFIED.,.F.,.F.,
(2,2),(0.,2.40300000000357),.UNSPECIFIED.);
#1157=B_SPLINE_CURVE_WITH_KNOTS('',1,(#2535,#2536),.UNSPECIFIED.,.F.,.F.,
(2,2),(0.,1.08400000000161),.UNSPECIFIED.);
#1158=B_SPLINE_CURVE_WITH_KNOTS('',1,(#2537,#2538),.UNSPECIFIED.,.F.,.F.,
(2,2),(0.,2.40300000000357),.UNSPECIFIED.);
#1159=B_SPLINE_CURVE_WITH_KNOTS('',1,(#2552,#2553),.UNSPECIFIED.,.F.,.F.,
(2,2),(0.,13.1930100000196),.UNSPECIFIED.);
#1160=B_SPLINE_CURVE_WITH_KNOTS('',1,(#2554,#2555),.UNSPECIFIED.,.F.,.F.,
(2,2),(0.,5.0066431086073),.UNSPECIFIED.);
#1161=B_SPLINE_CURVE_WITH_KNOTS('',1,(#2556,#2557),.UNSPECIFIED.,.F.,.F.,
(2,2),(0.,1.08400000000161),.UNSPECIFIED.);
#1162=B_SPLINE_CURVE_WITH_KNOTS('',1,(#2558,#2559),.UNSPECIFIED.,.F.,.F.,
(2,2),(0.,1.58000000000234),.UNSPECIFIED.);
#1163=B_SPLINE_CURVE_WITH_KNOTS('',1,(#2560,#2561),.UNSPECIFIED.,.F.,.F.,
(2,2),(4.57100000000678,6.97400000001034),.UNSPECIFIED.);
#1164=B_SPLINE_CURVE_WITH_KNOTS('',1,(#2562,#2563),.UNSPECIFIED.,.F.,.F.,
(2,2),(3.48700000000517,4.57100000000678),.UNSPECIFIED.);
#1165=B_SPLINE_CURVE_WITH_KNOTS('',1,(#2564,#2565),.UNSPECIFIED.,.F.,.F.,
(2,2),(1.08400000000161,3.48700000000517),.UNSPECIFIED.);
#1166=B_SPLINE_CURVE_WITH_KNOTS('',1,(#2566,#2567),.UNSPECIFIED.,.F.,.F.,
(2,2),(5.55820000000823,7.9564000000118),.UNSPECIFIED.);
#1167=B_SPLINE_CURVE_WITH_KNOTS('',1,(#2568,#2569),.UNSPECIFIED.,.F.,.F.,
(2,2),(3.9782000000059,5.55820000000823),.UNSPECIFIED.);
#1168=B_SPLINE_CURVE_WITH_KNOTS('',1,(#2570,#2571),.UNSPECIFIED.,.F.,.F.,
(2,2),(1.58000000000234,3.9782000000059),.UNSPECIFIED.);
#1169=B_SPLINE_CURVE_WITH_KNOTS('',1,(#2572,#2573),.UNSPECIFIED.,.F.,.F.,
(2,2),(-3.22151000000483,9.97150000001479),.UNSPECIFIED.);
#1170=B_SPLINE_CURVE_WITH_KNOTS('',1,(#2574,#2575),.UNSPECIFIED.,.F.,.F.,
(2,2),(0.491999999999955,5.49864310860725),.UNSPECIFIED.);
#1171=B_SPLINE_CURVE_WITH_KNOTS('',1,(#2581,#2582),.UNSPECIFIED.,.F.,.F.,
(2,2),(0.,13.1930100000196),.UNSPECIFIED.);
#1172=B_SPLINE_CURVE_WITH_KNOTS('',1,(#2583,#2584),.UNSPECIFIED.,.F.,.F.,
(2,2),(0.,0.491999999999955),.UNSPECIFIED.);
#1173=B_SPLINE_CURVE_WITH_KNOTS('',1,(#2585,#2586),.UNSPECIFIED.,.F.,.F.,
(2,2),(-3.22151000000483,9.97150000001479),.UNSPECIFIED.);
#1174=B_SPLINE_CURVE_WITH_KNOTS('',1,(#2587,#2588),.UNSPECIFIED.,.F.,.F.,
(2,2),(5.0066431086073,5.49864310860725),.UNSPECIFIED.);
#1175=B_SPLINE_CURVE_WITH_KNOTS('',1,(#2611,#2612),.UNSPECIFIED.,.F.,.F.,
(2,2),(0.,5.85410655914874),.UNSPECIFIED.);
#1176=B_SPLINE_CURVE_WITH_KNOTS('',1,(#2613,#2614),.UNSPECIFIED.,.F.,.F.,
(2,2),(0.,5.00664310860731),.UNSPECIFIED.);
#1177=B_SPLINE_CURVE_WITH_KNOTS('',1,(#2615,#2616),.UNSPECIFIED.,.F.,.F.,
(2,2),(0.,5.7890992194147),.UNSPECIFIED.);
#1178=B_SPLINE_CURVE_WITH_KNOTS('',1,(#2617,#2618),.UNSPECIFIED.,.F.,.F.,
(2,2),(0.,2.67500000000399),.UNSPECIFIED.);
#1179=B_SPLINE_CURVE_WITH_KNOTS('',1,(#2619,#2620),.UNSPECIFIED.,.F.,.F.,
(2,2),(0.,1.75000000000261),.UNSPECIFIED.);
#1180=B_SPLINE_CURVE_WITH_KNOTS('',1,(#2621,#2622),.UNSPECIFIED.,.F.,.F.,
(2,2),(0.,1.75000000000261),.UNSPECIFIED.);
#1181=B_SPLINE_CURVE_WITH_KNOTS('',1,(#2623,#2624),.UNSPECIFIED.,.F.,.F.,
(2,2),(0.,2.67500000000399),.UNSPECIFIED.);
#1182=B_SPLINE_CURVE_WITH_KNOTS('',1,(#2625,#2626),.UNSPECIFIED.,.F.,.F.,
(2,2),(7.94100000001183,10.5320000000157),.UNSPECIFIED.);
#1183=B_SPLINE_CURVE_WITH_KNOTS('',1,(#2627,#2628),.UNSPECIFIED.,.F.,.F.,
(2,2),(5.26600000000784,7.94100000001183),.UNSPECIFIED.);
#1184=B_SPLINE_CURVE_WITH_KNOTS('',1,(#2629,#2630),.UNSPECIFIED.,.F.,.F.,
(2,2),(2.67500000000399,5.26600000000784),.UNSPECIFIED.);
#1185=B_SPLINE_CURVE_WITH_KNOTS('',1,(#2631,#2632),.UNSPECIFIED.,.F.,.F.,
(2,2),(5.71300000000851,7.9260000000118),.UNSPECIFIED.);
#1186=B_SPLINE_CURVE_WITH_KNOTS('',1,(#2633,#2634),.UNSPECIFIED.,.F.,.F.,
(2,2),(3.9630000000059,5.71300000000851),.UNSPECIFIED.);
#1187=B_SPLINE_CURVE_WITH_KNOTS('',1,(#2635,#2636),.UNSPECIFIED.,.F.,.F.,
(2,2),(1.75000000000261,3.9630000000059),.UNSPECIFIED.);
#1188=B_SPLINE_CURVE_WITH_KNOTS('',1,(#2637,#2638),.UNSPECIFIED.,.F.,.F.,
(2,2),(5.71300000000851,7.9260000000118),.UNSPECIFIED.);
#1189=B_SPLINE_CURVE_WITH_KNOTS('',1,(#2639,#2640),.UNSPECIFIED.,.F.,.F.,
(2,2),(3.9630000000059,5.71300000000851),.UNSPECIFIED.);
#1190=B_SPLINE_CURVE_WITH_KNOTS('',1,(#2641,#2642),.UNSPECIFIED.,.F.,.F.,
(2,2),(1.75000000000261,3.9630000000059),.UNSPECIFIED.);
#1191=B_SPLINE_CURVE_WITH_KNOTS('',1,(#2643,#2644),.UNSPECIFIED.,.F.,.F.,
(2,2),(7.94100000001183,10.5320000000157),.UNSPECIFIED.);
#1192=B_SPLINE_CURVE_WITH_KNOTS('',1,(#2645,#2646),.UNSPECIFIED.,.F.,.F.,
(2,2),(5.26600000000784,7.94100000001183),.UNSPECIFIED.);
#1193=B_SPLINE_CURVE_WITH_KNOTS('',1,(#2647,#2648),.UNSPECIFIED.,.F.,.F.,
(2,2),(2.67500000000399,5.26600000000784),.UNSPECIFIED.);
#1194=B_SPLINE_CURVE_WITH_KNOTS('',1,(#2649,#2650),.UNSPECIFIED.,.F.,.F.,
(2,2),(-0.772264898262932,0.416707424616373),.UNSPECIFIED.);
#1195=B_SPLINE_CURVE_WITH_KNOTS('',1,(#2651,#2652),.UNSPECIFIED.,.F.,.F.,
(2,2),(0.491999999999962,5.54456737011157),.UNSPECIFIED.);
#1196=B_SPLINE_CURVE_WITH_KNOTS('',1,(#2658,#2659),.UNSPECIFIED.,.F.,.F.,
(2,2),(0.,8.23299000001224),.UNSPECIFIED.);
#1197=B_SPLINE_CURVE_WITH_KNOTS('',1,(#2660,#2661),.UNSPECIFIED.,.F.,.F.,
(2,2),(0.,0.491999999999962),.UNSPECIFIED.);
#1198=B_SPLINE_CURVE_WITH_KNOTS('',1,(#2662,#2663),.UNSPECIFIED.,.F.,.F.,
(2,2),(-0.772264898262932,0.416707424616373),.UNSPECIFIED.);
#1199=B_SPLINE_CURVE_WITH_KNOTS('',1,(#2664,#2665),.UNSPECIFIED.,.F.,.F.,
(2,2),(5.00664310860731,5.49864310860727),.UNSPECIFIED.);
#1200=B_SPLINE_CURVE_WITH_KNOTS('',1,(#2671,#2672),.UNSPECIFIED.,.F.,.F.,
(2,2),(0.,13.1930100000196),.UNSPECIFIED.);
#1201=B_SPLINE_CURVE_WITH_KNOTS('',1,(#2673,#2674),.UNSPECIFIED.,.F.,.F.,
(2,2),(0.,0.491999999999944),.UNSPECIFIED.);
#1202=B_SPLINE_CURVE_WITH_KNOTS('',1,(#2675,#2676),.UNSPECIFIED.,.F.,.F.,
(2,2),(-5.80151000000865,7.39150000001098),.UNSPECIFIED.);
#1203=B_SPLINE_CURVE_WITH_KNOTS('',1,(#2677,#2678),.UNSPECIFIED.,.F.,.F.,
(2,2),(5.00664310860731,5.49864310860725),.UNSPECIFIED.);
#1204=B_SPLINE_CURVE_WITH_KNOTS('',1,(#2684,#2685),.UNSPECIFIED.,.F.,.F.,
(2,2),(0.,13193.0100000196),.UNSPECIFIED.);
#1205=B_SPLINE_CURVE_WITH_KNOTS('',1,(#2686,#2687),.UNSPECIFIED.,.F.,.F.,
(2,2),(0.,13193.0100000196),.UNSPECIFIED.);
#1206=B_SPLINE_CURVE_WITH_KNOTS('',1,(#2688,#2689),.UNSPECIFIED.,.F.,.F.,
(2,2),(-5854.10655914872,0.),.UNSPECIFIED.);
#1207=B_SPLINE_CURVE_WITH_KNOTS('',1,(#2690,#2691),.UNSPECIFIED.,.F.,.F.,
(2,2),(-5854.10655914872,0.),.UNSPECIFIED.);
#1208=B_SPLINE_CURVE_WITH_KNOTS('',1,(#2701,#2702),.UNSPECIFIED.,.F.,.F.,
(2,2),(0.,5.05256737011163),.UNSPECIFIED.);
#1209=B_SPLINE_CURVE_WITH_KNOTS('',1,(#2703,#2704),.UNSPECIFIED.,.F.,.F.,
(2,2),(0.,13.1930100000196),.UNSPECIFIED.);
#1210=B_SPLINE_CURVE_WITH_KNOTS('',1,(#2705,#2706),.UNSPECIFIED.,.F.,.F.,
(2,2),(0.,5.05256737011161),.UNSPECIFIED.);
#1211=B_SPLINE_CURVE_WITH_KNOTS('',1,(#2707,#2708),.UNSPECIFIED.,.F.,.F.,
(2,2),(0.,13.1930100000197),.UNSPECIFIED.);
#1212=B_SPLINE_CURVE_WITH_KNOTS('',1,(#2709,#2710),.UNSPECIFIED.,.F.,.F.,
(2,2),(-7.39150000001098,-5.46150000000813),.UNSPECIFIED.);
#1213=B_SPLINE_CURVE_WITH_KNOTS('',1,(#2711,#2712),.UNSPECIFIED.,.F.,.F.,
(2,2),(0.,2.31800000000344),.UNSPECIFIED.);
#1214=B_SPLINE_CURVE_WITH_KNOTS('',1,(#2713,#2714),.UNSPECIFIED.,.F.,.F.,
(2,2),(0.,1.93000000000288),.UNSPECIFIED.);
#1215=B_SPLINE_CURVE_WITH_KNOTS('',1,(#2715,#2716),.UNSPECIFIED.,.F.,.F.,
(2,2),(0.,2.31800000000344),.UNSPECIFIED.);
#1216=B_SPLINE_CURVE_WITH_KNOTS('',1,(#2722,#2723),.UNSPECIFIED.,.F.,.F.,
(2,2),(-7.39150000001098,-5.46150000000813),.UNSPECIFIED.);
#1217=B_SPLINE_CURVE_WITH_KNOTS('',1,(#2724,#2725),.UNSPECIFIED.,.F.,.F.,
(2,2),(0.,2.31800000000344),.UNSPECIFIED.);
#1218=B_SPLINE_CURVE_WITH_KNOTS('',1,(#2726,#2727),.UNSPECIFIED.,.F.,.F.,
(2,2),(0.,1.93000000000288),.UNSPECIFIED.);
#1219=B_SPLINE_CURVE_WITH_KNOTS('',1,(#2728,#2729),.UNSPECIFIED.,.F.,.F.,
(2,2),(0.,2.31800000000344),.UNSPECIFIED.);
#1220=VERTEX_POINT('',#1789);
#1221=VERTEX_POINT('',#1790);
#1222=VERTEX_POINT('',#1791);
#1223=VERTEX_POINT('',#1792);
#1224=VERTEX_POINT('',#1802);
#1225=VERTEX_POINT('',#1803);
#1226=VERTEX_POINT('',#1804);
#1227=VERTEX_POINT('',#1805);
#1228=VERTEX_POINT('',#1815);
#1229=VERTEX_POINT('',#1816);
#1230=VERTEX_POINT('',#1817);
#1231=VERTEX_POINT('',#1818);
#1232=VERTEX_POINT('',#1828);
#1233=VERTEX_POINT('',#1829);
#1234=VERTEX_POINT('',#1830);
#1235=VERTEX_POINT('',#1831);
#1236=VERTEX_POINT('',#1841);
#1237=VERTEX_POINT('',#1842);
#1238=VERTEX_POINT('',#1843);
#1239=VERTEX_POINT('',#1844);
#1240=VERTEX_POINT('',#1854);
#1241=VERTEX_POINT('',#1855);
#1242=VERTEX_POINT('',#1856);
#1243=VERTEX_POINT('',#1857);
#1244=VERTEX_POINT('',#1867);
#1245=VERTEX_POINT('',#1868);
#1246=VERTEX_POINT('',#1869);
#1247=VERTEX_POINT('',#1870);
#1248=VERTEX_POINT('',#1880);
#1249=VERTEX_POINT('',#1881);
#1250=VERTEX_POINT('',#1882);
#1251=VERTEX_POINT('',#1883);
#1252=VERTEX_POINT('',#1893);
#1253=VERTEX_POINT('',#1894);
#1254=VERTEX_POINT('',#1895);
#1255=VERTEX_POINT('',#1896);
#1256=VERTEX_POINT('',#1906);
#1257=VERTEX_POINT('',#1907);
#1258=VERTEX_POINT('',#1908);
#1259=VERTEX_POINT('',#1909);
#1260=VERTEX_POINT('',#1919);
#1261=VERTEX_POINT('',#1920);
#1262=VERTEX_POINT('',#1921);
#1263=VERTEX_POINT('',#1922);
#1264=VERTEX_POINT('',#1932);
#1265=VERTEX_POINT('',#1933);
#1266=VERTEX_POINT('',#1934);
#1267=VERTEX_POINT('',#1935);
#1268=VERTEX_POINT('',#1945);
#1269=VERTEX_POINT('',#1946);
#1270=VERTEX_POINT('',#1947);
#1271=VERTEX_POINT('',#1948);
#1272=VERTEX_POINT('',#1958);
#1273=VERTEX_POINT('',#1959);
#1274=VERTEX_POINT('',#1960);
#1275=VERTEX_POINT('',#1961);
#1276=VERTEX_POINT('',#1971);
#1277=VERTEX_POINT('',#1972);
#1278=VERTEX_POINT('',#1973);
#1279=VERTEX_POINT('',#1974);
#1280=VERTEX_POINT('',#1984);
#1281=VERTEX_POINT('',#1985);
#1282=VERTEX_POINT('',#1986);
#1283=VERTEX_POINT('',#1987);
#1284=VERTEX_POINT('',#1997);
#1285=VERTEX_POINT('',#1998);
#1286=VERTEX_POINT('',#1999);
#1287=VERTEX_POINT('',#2000);
#1288=VERTEX_POINT('',#2010);
#1289=VERTEX_POINT('',#2011);
#1290=VERTEX_POINT('',#2012);
#1291=VERTEX_POINT('',#2013);
#1292=VERTEX_POINT('',#2023);
#1293=VERTEX_POINT('',#2024);
#1294=VERTEX_POINT('',#2025);
#1295=VERTEX_POINT('',#2026);
#1296=VERTEX_POINT('',#2036);
#1297=VERTEX_POINT('',#2037);
#1298=VERTEX_POINT('',#2038);
#1299=VERTEX_POINT('',#2039);
#1300=VERTEX_POINT('',#2049);
#1301=VERTEX_POINT('',#2050);
#1302=VERTEX_POINT('',#2051);
#1303=VERTEX_POINT('',#2052);
#1304=VERTEX_POINT('',#2062);
#1305=VERTEX_POINT('',#2063);
#1306=VERTEX_POINT('',#2064);
#1307=VERTEX_POINT('',#2065);
#1308=VERTEX_POINT('',#2075);
#1309=VERTEX_POINT('',#2076);
#1310=VERTEX_POINT('',#2077);
#1311=VERTEX_POINT('',#2078);
#1312=VERTEX_POINT('',#2088);
#1313=VERTEX_POINT('',#2089);
#1314=VERTEX_POINT('',#2090);
#1315=VERTEX_POINT('',#2091);
#1316=VERTEX_POINT('',#2101);
#1317=VERTEX_POINT('',#2102);
#1318=VERTEX_POINT('',#2103);
#1319=VERTEX_POINT('',#2104);
#1320=VERTEX_POINT('',#2114);
#1321=VERTEX_POINT('',#2115);
#1322=VERTEX_POINT('',#2116);
#1323=VERTEX_POINT('',#2117);
#1324=VERTEX_POINT('',#2127);
#1325=VERTEX_POINT('',#2128);
#1326=VERTEX_POINT('',#2129);
#1327=VERTEX_POINT('',#2130);
#1328=VERTEX_POINT('',#2140);
#1329=VERTEX_POINT('',#2141);
#1330=VERTEX_POINT('',#2142);
#1331=VERTEX_POINT('',#2143);
#1332=VERTEX_POINT('',#2153);
#1333=VERTEX_POINT('',#2154);
#1334=VERTEX_POINT('',#2155);
#1335=VERTEX_POINT('',#2156);
#1336=VERTEX_POINT('',#2166);
#1337=VERTEX_POINT('',#2167);
#1338=VERTEX_POINT('',#2168);
#1339=VERTEX_POINT('',#2169);
#1340=VERTEX_POINT('',#2179);
#1341=VERTEX_POINT('',#2180);
#1342=VERTEX_POINT('',#2181);
#1343=VERTEX_POINT('',#2182);
#1344=VERTEX_POINT('',#2192);
#1345=VERTEX_POINT('',#2193);
#1346=VERTEX_POINT('',#2194);
#1347=VERTEX_POINT('',#2195);
#1348=VERTEX_POINT('',#2205);
#1349=VERTEX_POINT('',#2206);
#1350=VERTEX_POINT('',#2207);
#1351=VERTEX_POINT('',#2208);
#1352=VERTEX_POINT('',#2218);
#1353=VERTEX_POINT('',#2219);
#1354=VERTEX_POINT('',#2220);
#1355=VERTEX_POINT('',#2221);
#1356=VERTEX_POINT('',#2231);
#1357=VERTEX_POINT('',#2232);
#1358=VERTEX_POINT('',#2233);
#1359=VERTEX_POINT('',#2234);
#1360=VERTEX_POINT('',#2244);
#1361=VERTEX_POINT('',#2245);
#1362=VERTEX_POINT('',#2246);
#1363=VERTEX_POINT('',#2247);
#1364=VERTEX_POINT('',#2257);
#1365=VERTEX_POINT('',#2258);
#1366=VERTEX_POINT('',#2259);
#1367=VERTEX_POINT('',#2260);
#1368=VERTEX_POINT('',#2261);
#1369=VERTEX_POINT('',#2262);
#1370=VERTEX_POINT('',#2263);
#1371=VERTEX_POINT('',#2264);
#1372=VERTEX_POINT('',#2265);
#1373=VERTEX_POINT('',#2266);
#1374=VERTEX_POINT('',#2267);
#1375=VERTEX_POINT('',#2268);
#1376=VERTEX_POINT('',#2269);
#1377=VERTEX_POINT('',#2270);
#1378=VERTEX_POINT('',#2271);
#1379=VERTEX_POINT('',#2272);
#1380=VERTEX_POINT('',#2273);
#1381=VERTEX_POINT('',#2274);
#1382=VERTEX_POINT('',#2275);
#1383=VERTEX_POINT('',#2276);
#1384=VERTEX_POINT('',#2277);
#1385=VERTEX_POINT('',#2278);
#1386=VERTEX_POINT('',#2279);
#1387=VERTEX_POINT('',#2280);
#1388=VERTEX_POINT('',#2281);
#1389=VERTEX_POINT('',#2282);
#1390=VERTEX_POINT('',#2283);
#1391=VERTEX_POINT('',#2284);
#1392=VERTEX_POINT('',#2285);
#1393=VERTEX_POINT('',#2345);
#1394=VERTEX_POINT('',#2346);
#1395=VERTEX_POINT('',#2347);
#1396=VERTEX_POINT('',#2348);
#1397=VERTEX_POINT('',#2358);
#1398=VERTEX_POINT('',#2359);
#1399=VERTEX_POINT('',#2360);
#1400=VERTEX_POINT('',#2361);
#1401=VERTEX_POINT('',#2371);
#1402=VERTEX_POINT('',#2372);
#1403=VERTEX_POINT('',#2373);
#1404=VERTEX_POINT('',#2374);
#1405=VERTEX_POINT('',#2384);
#1406=VERTEX_POINT('',#2385);
#1407=VERTEX_POINT('',#2386);
#1408=VERTEX_POINT('',#2387);
#1409=VERTEX_POINT('',#2397);
#1410=VERTEX_POINT('',#2398);
#1411=VERTEX_POINT('',#2399);
#1412=VERTEX_POINT('',#2400);
#1413=VERTEX_POINT('',#2410);
#1414=VERTEX_POINT('',#2411);
#1415=VERTEX_POINT('',#2412);
#1416=VERTEX_POINT('',#2413);
#1417=VERTEX_POINT('',#2423);
#1418=VERTEX_POINT('',#2424);
#1419=VERTEX_POINT('',#2425);
#1420=VERTEX_POINT('',#2426);
#1421=VERTEX_POINT('',#2436);
#1422=VERTEX_POINT('',#2437);
#1423=VERTEX_POINT('',#2438);
#1424=VERTEX_POINT('',#2439);
#1425=VERTEX_POINT('',#2449);
#1426=VERTEX_POINT('',#2450);
#1427=VERTEX_POINT('',#2451);
#1428=VERTEX_POINT('',#2452);
#1429=VERTEX_POINT('',#2462);
#1430=VERTEX_POINT('',#2463);
#1431=VERTEX_POINT('',#2464);
#1432=VERTEX_POINT('',#2465);
#1433=VERTEX_POINT('',#2475);
#1434=VERTEX_POINT('',#2476);
#1435=VERTEX_POINT('',#2477);
#1436=VERTEX_POINT('',#2478);
#1437=VERTEX_POINT('',#2488);
#1438=VERTEX_POINT('',#2489);
#1439=VERTEX_POINT('',#2490);
#1440=VERTEX_POINT('',#2491);
#1441=VERTEX_POINT('',#2501);
#1442=VERTEX_POINT('',#2502);
#1443=VERTEX_POINT('',#2503);
#1444=VERTEX_POINT('',#2504);
#1445=VERTEX_POINT('',#2514);
#1446=VERTEX_POINT('',#2515);
#1447=VERTEX_POINT('',#2516);
#1448=VERTEX_POINT('',#2517);
#1449=VERTEX_POINT('',#2527);
#1450=VERTEX_POINT('',#2528);
#1451=VERTEX_POINT('',#2529);
#1452=VERTEX_POINT('',#2530);
#1453=VERTEX_POINT('',#2540);
#1454=VERTEX_POINT('',#2541);
#1455=VERTEX_POINT('',#2542);
#1456=VERTEX_POINT('',#2543);
#1457=VERTEX_POINT('',#2544);
#1458=VERTEX_POINT('',#2545);
#1459=VERTEX_POINT('',#2546);
#1460=VERTEX_POINT('',#2547);
#1461=VERTEX_POINT('',#2548);
#1462=VERTEX_POINT('',#2549);
#1463=VERTEX_POINT('',#2550);
#1464=VERTEX_POINT('',#2551);
#1465=VERTEX_POINT('',#2577);
#1466=VERTEX_POINT('',#2578);
#1467=VERTEX_POINT('',#2579);
#1468=VERTEX_POINT('',#2580);
#1469=VERTEX_POINT('',#2590);
#1470=VERTEX_POINT('',#2591);
#1471=VERTEX_POINT('',#2592);
#1472=VERTEX_POINT('',#2593);
#1473=VERTEX_POINT('',#2594);
#1474=VERTEX_POINT('',#2595);
#1475=VERTEX_POINT('',#2596);
#1476=VERTEX_POINT('',#2597);
#1477=VERTEX_POINT('',#2598);
#1478=VERTEX_POINT('',#2599);
#1479=VERTEX_POINT('',#2600);
#1480=VERTEX_POINT('',#2601);
#1481=VERTEX_POINT('',#2602);
#1482=VERTEX_POINT('',#2603);
#1483=VERTEX_POINT('',#2604);
#1484=VERTEX_POINT('',#2605);
#1485=VERTEX_POINT('',#2606);
#1486=VERTEX_POINT('',#2607);
#1487=VERTEX_POINT('',#2608);
#1488=VERTEX_POINT('',#2609);
#1489=VERTEX_POINT('',#2610);
#1490=VERTEX_POINT('',#2654);
#1491=VERTEX_POINT('',#2655);
#1492=VERTEX_POINT('',#2656);
#1493=VERTEX_POINT('',#2657);
#1494=VERTEX_POINT('',#2667);
#1495=VERTEX_POINT('',#2668);
#1496=VERTEX_POINT('',#2669);
#1497=VERTEX_POINT('',#2670);
#1498=VERTEX_POINT('',#2680);
#1499=VERTEX_POINT('',#2681);
#1500=VERTEX_POINT('',#2682);
#1501=VERTEX_POINT('',#2683);
#1502=VERTEX_POINT('',#2693);
#1503=VERTEX_POINT('',#2694);
#1504=VERTEX_POINT('',#2695);
#1505=VERTEX_POINT('',#2696);
#1506=VERTEX_POINT('',#2697);
#1507=VERTEX_POINT('',#2698);
#1508=VERTEX_POINT('',#2699);
#1509=VERTEX_POINT('',#2700);
#1510=VERTEX_POINT('',#2718);
#1511=VERTEX_POINT('',#2719);
#1512=VERTEX_POINT('',#2720);
#1513=VERTEX_POINT('',#2721);
#1514=PLANE('',#1662);
#1515=PLANE('',#1663);
#1516=PLANE('',#1664);
#1517=PLANE('',#1665);
#1518=PLANE('',#1666);
#1519=PLANE('',#1667);
#1520=PLANE('',#1668);
#1521=PLANE('',#1669);
#1522=PLANE('',#1670);
#1523=PLANE('',#1671);
#1524=PLANE('',#1672);
#1525=PLANE('',#1673);
#1526=PLANE('',#1674);
#1527=PLANE('',#1675);
#1528=PLANE('',#1676);
#1529=PLANE('',#1677);
#1530=PLANE('',#1678);
#1531=PLANE('',#1679);
#1532=PLANE('',#1680);
#1533=PLANE('',#1681);
#1534=PLANE('',#1682);
#1535=PLANE('',#1683);
#1536=PLANE('',#1684);
#1537=PLANE('',#1685);
#1538=PLANE('',#1686);
#1539=PLANE('',#1687);
#1540=PLANE('',#1688);
#1541=PLANE('',#1689);
#1542=PLANE('',#1690);
#1543=PLANE('',#1691);
#1544=PLANE('',#1692);
#1545=PLANE('',#1693);
#1546=PLANE('',#1694);
#1547=PLANE('',#1695);
#1548=PLANE('',#1696);
#1549=PLANE('',#1697);
#1550=PLANE('',#1698);
#1551=PLANE('',#1699);
#1552=PLANE('',#1700);
#1553=PLANE('',#1701);
#1554=PLANE('',#1702);
#1555=PLANE('',#1703);
#1556=PLANE('',#1704);
#1557=PLANE('',#1705);
#1558=PLANE('',#1706);
#1559=PLANE('',#1707);
#1560=PLANE('',#1708);
#1561=PLANE('',#1709);
#1562=PLANE('',#1710);
#1563=PLANE('',#1711);
#1564=PLANE('',#1712);
#1565=PLANE('',#1713);
#1566=PLANE('',#1714);
#1567=PLANE('',#1715);
#1568=PLANE('',#1716);
#1569=PLANE('',#1717);
#1570=PLANE('',#1718);
#1571=PLANE('',#1719);
#1572=PLANE('',#1720);
#1573=PLANE('',#1721);
#1574=SHAPE_DEFINITION_REPRESENTATION(#1575,#1660);
#1575=PRODUCT_DEFINITION_SHAPE($,$,#1577);
#1576=PRODUCT_DEFINITION_CONTEXT('3D Mechanical Parts',#1649,'design');
#1577=PRODUCT_DEFINITION('A','First version',#1619,#1576);
#1578=DATE_TIME_ROLE('classification_date');
#1579=DATE_TIME_ROLE('creation_date');
#1580=APPLIED_DATE_AND_TIME_ASSIGNMENT(#1604,#1578,(#1583));
#1581=APPLIED_DATE_AND_TIME_ASSIGNMENT(#1606,#1579,(#1577));
#1582=SECURITY_CLASSIFICATION_LEVEL('unclassified');
#1583=SECURITY_CLASSIFICATION('A','Security for version',#1582);
#1584=APPLIED_SECURITY_CLASSIFICATION_ASSIGNMENT(#1583,(#1619));
#1585=APPROVAL_ROLE('Version approval');
#1586=APPROVAL_ROLE('Version Security approval');
#1587=APPROVAL_ROLE('Definition approval');
#1588=APPROVAL_PERSON_ORGANIZATION(#1637,#1613,#1585);
#1589=APPROVAL_PERSON_ORGANIZATION(#1638,#1614,#1586);
#1590=APPROVAL_PERSON_ORGANIZATION(#1641,#1615,#1587);
#1591=COORDINATED_UNIVERSAL_TIME_OFFSET(5,0,.BEHIND.);
#1592=LOCAL_TIME(0,0,0.,#1591);
#1593=LOCAL_TIME(0,0,0.,#1591);
#1594=LOCAL_TIME(0,0,0.,#1591);
#1595=LOCAL_TIME(0,0,0.,#1591);
#1596=LOCAL_TIME(0,0,0.,#1591);
#1597=CALENDAR_DATE(1999,1,1);
#1598=CALENDAR_DATE(1999,1,1);
#1599=CALENDAR_DATE(1999,1,1);
#1600=CALENDAR_DATE(1999,1,1);
#1601=CALENDAR_DATE(1999,1,1);
#1602=DATE_AND_TIME(#1597,#1592);
#1603=DATE_AND_TIME(#1598,#1593);
#1604=DATE_AND_TIME(#1599,#1594);
#1605=DATE_AND_TIME(#1600,#1595);
#1606=DATE_AND_TIME(#1601,#1596);
#1607=APPROVAL_DATE_TIME(#1602,#1613);
#1608=APPROVAL_DATE_TIME(#1603,#1614);
#1609=APPROVAL_DATE_TIME(#1605,#1615);
#1610=APPROVAL_STATUS('not_yet_approved');
#1611=APPROVAL_STATUS('not_yet_approved');
#1612=APPROVAL_STATUS('approved');
#1613=APPROVAL(#1610,'Version approval');
#1614=APPROVAL(#1611,'Version Security approval');
#1615=APPROVAL(#1612,'Definition approval');
#1616=APPLIED_APPROVAL_ASSIGNMENT(#1613,(#1619));
#1617=APPLIED_APPROVAL_ASSIGNMENT(#1614,(#1583));
#1618=APPLIED_APPROVAL_ASSIGNMENT(#1615,(#1577));
#1619=PRODUCT_DEFINITION_FORMATION_WITH_SPECIFIED_SOURCE('A',
'First version',#1651,.MADE.);
#1620=PERSON_AND_ORGANIZATION_ROLE('design_owner');
#1621=PERSON_AND_ORGANIZATION_ROLE('creator');
#1622=PERSON_AND_ORGANIZATION_ROLE('design_supplier');
#1623=PERSON_AND_ORGANIZATION_ROLE('classification_officer');
#1624=PERSON_AND_ORGANIZATION_ROLE('creator');
#1625=ORGANIZATION('STI','lab','lab');
#1626=ORGANIZATION('STI','unknown','unknown');
#1627=ORGANIZATION('STI','unknown','unknown');
#1628=ORGANIZATION('STI','unknown','unknown');
#1629=ORGANIZATION('STI','unknown','unknown');
#1630=ORGANIZATION('STI','unknown','unknown');
#1631=ORGANIZATION('STI','unknown','unknown');
#1632=PERSON('1','Box','vc60',$,$,$);
#1633=PERSON('2','last','first',$,$,$);
#1634=PERSON('3','President','Mr.',$,$,$);
#1635=PERSON_AND_ORGANIZATION(#1632,#1625);
#1636=PERSON_AND_ORGANIZATION(#1633,#1626);
#1637=PERSON_AND_ORGANIZATION(#1634,#1627);
#1638=PERSON_AND_ORGANIZATION(#1634,#1628);
#1639=PERSON_AND_ORGANIZATION(#1634,#1629);
#1640=PERSON_AND_ORGANIZATION(#1633,#1630);
#1641=PERSON_AND_ORGANIZATION(#1634,#1631);
#1642=APPLIED_PERSON_AND_ORGANIZATION_ASSIGNMENT(#1635,#1620,(#1651));
#1643=APPLIED_PERSON_AND_ORGANIZATION_ASSIGNMENT(#1636,#1621,(#1619));
#1644=APPLIED_PERSON_AND_ORGANIZATION_ASSIGNMENT(#1636,#1622,(#1619));
#1645=APPLIED_PERSON_AND_ORGANIZATION_ASSIGNMENT(#1639,#1623,(#1583));
#1646=APPLIED_PERSON_AND_ORGANIZATION_ASSIGNMENT(#1640,#1624,(#1577));
#1647=PRODUCT_RELATED_PRODUCT_CATEGORY('detail','detail',(#1651));
#1648=APPLICATION_PROTOCOL_DEFINITION('International Standard',
'config_control_design',1994,#1649);
#1649=APPLICATION_CONTEXT(
'configuration controlled 3d designs of mechanical parts and assemblie
s');
#1650=PRODUCT_CONTEXT('3D Mechanical Parts',#1649,'mechanical');
#1651=PRODUCT('Document','Document','',(#1650));
#1652=(
LENGTH_UNIT()
NAMED_UNIT(*)
SI_UNIT($,.METRE.)
);
#1653=(
NAMED_UNIT(*)
PLANE_ANGLE_UNIT()
SI_UNIT($,.RADIAN.)
);
#1654=DIMENSIONAL_EXPONENTS(0.,0.,0.,0.,0.,0.,0.);
#1655=PLANE_ANGLE_MEASURE_WITH_UNIT(PLANE_ANGLE_MEASURE(0.01745329252),
#1653);
#1656=(
CONVERSION_BASED_UNIT('DEGREES',#1655)
NAMED_UNIT(#1654)
PLANE_ANGLE_UNIT()
);
#1657=(
NAMED_UNIT(*)
SI_UNIT($,.STERADIAN.)
SOLID_ANGLE_UNIT()
);
#1658=UNCERTAINTY_MEASURE_WITH_UNIT(LENGTH_MEASURE(0.01),#1652,
'DISTANCE_ACCURACY_VALUE',
'Maximum model space distance between geometric entities at asserted c
onnectivities');
#1659=(
GEOMETRIC_REPRESENTATION_CONTEXT(3)
GLOBAL_UNCERTAINTY_ASSIGNED_CONTEXT((#1658))
GLOBAL_UNIT_ASSIGNED_CONTEXT((#1657,#1656,#1652))
REPRESENTATION_CONTEXT('ID1','3D')
);
#1660=SHAPE_REPRESENTATION('Document',(#1661,#1722),#1659);
#1661=AXIS2_PLACEMENT_3D($,#1787,#1723,#1724);
#1662=AXIS2_PLACEMENT_3D('',#1788,#1725,$);
#1663=AXIS2_PLACEMENT_3D('',#1801,#1726,$);
#1664=AXIS2_PLACEMENT_3D('',#1814,#1727,$);
#1665=AXIS2_PLACEMENT_3D('',#1827,#1728,$);
#1666=AXIS2_PLACEMENT_3D('',#1840,#1729,$);
#1667=AXIS2_PLACEMENT_3D('',#1853,#1730,$);
#1668=AXIS2_PLACEMENT_3D('',#1866,#1731,$);
#1669=AXIS2_PLACEMENT_3D('',#1879,#1732,$);
#1670=AXIS2_PLACEMENT_3D('',#1892,#1733,$);
#1671=AXIS2_PLACEMENT_3D('',#1905,#1734,$);
#1672=AXIS2_PLACEMENT_3D('',#1918,#1735,$);
#1673=AXIS2_PLACEMENT_3D('',#1931,#1736,$);
#1674=AXIS2_PLACEMENT_3D('',#1944,#1737,$);
#1675=AXIS2_PLACEMENT_3D('',#1957,#1738,$);
#1676=AXIS2_PLACEMENT_3D('',#1970,#1739,$);
#1677=AXIS2_PLACEMENT_3D('',#1983,#1740,$);
#1678=AXIS2_PLACEMENT_3D('',#1996,#1741,$);
#1679=AXIS2_PLACEMENT_3D('',#2009,#1742,$);
#1680=AXIS2_PLACEMENT_3D('',#2022,#1743,$);
#1681=AXIS2_PLACEMENT_3D('',#2035,#1744,$);
#1682=AXIS2_PLACEMENT_3D('',#2048,#1745,$);
#1683=AXIS2_PLACEMENT_3D('',#2061,#1746,$);
#1684=AXIS2_PLACEMENT_3D('',#2074,#1747,$);
#1685=AXIS2_PLACEMENT_3D('',#2087,#1748,$);
#1686=AXIS2_PLACEMENT_3D('',#2100,#1749,$);
#1687=AXIS2_PLACEMENT_3D('',#2113,#1750,$);
#1688=AXIS2_PLACEMENT_3D('',#2126,#1751,$);
#1689=AXIS2_PLACEMENT_3D('',#2139,#1752,$);
#1690=AXIS2_PLACEMENT_3D('',#2152,#1753,$);
#1691=AXIS2_PLACEMENT_3D('',#2165,#1754,$);
#1692=AXIS2_PLACEMENT_3D('',#2178,#1755,$);
#1693=AXIS2_PLACEMENT_3D('',#2191,#1756,$);
#1694=AXIS2_PLACEMENT_3D('',#2204,#1757,$);
#1695=AXIS2_PLACEMENT_3D('',#2217,#1758,$);
#1696=AXIS2_PLACEMENT_3D('',#2230,#1759,$);
#1697=AXIS2_PLACEMENT_3D('',#2243,#1760,$);
#1698=AXIS2_PLACEMENT_3D('',#2256,#1761,$);
#1699=AXIS2_PLACEMENT_3D('',#2344,#1762,$);
#1700=AXIS2_PLACEMENT_3D('',#2357,#1763,$);
#1701=AXIS2_PLACEMENT_3D('',#2370,#1764,$);
#1702=AXIS2_PLACEMENT_3D('',#2383,#1765,$);
#1703=AXIS2_PLACEMENT_3D('',#2396,#1766,$);
#1704=AXIS2_PLACEMENT_3D('',#2409,#1767,$);
#1705=AXIS2_PLACEMENT_3D('',#2422,#1768,$);
#1706=AXIS2_PLACEMENT_3D('',#2435,#1769,$);
#1707=AXIS2_PLACEMENT_3D('',#2448,#1770,$);
#1708=AXIS2_PLACEMENT_3D('',#2461,#1771,$);
#1709=AXIS2_PLACEMENT_3D('',#2474,#1772,$);
#1710=AXIS2_PLACEMENT_3D('',#2487,#1773,$);
#1711=AXIS2_PLACEMENT_3D('',#2500,#1774,$);
#1712=AXIS2_PLACEMENT_3D('',#2513,#1775,$);
#1713=AXIS2_PLACEMENT_3D('',#2526,#1776,$);
#1714=AXIS2_PLACEMENT_3D('',#2539,#1777,$);
#1715=AXIS2_PLACEMENT_3D('',#2576,#1778,$);
#1716=AXIS2_PLACEMENT_3D('',#2589,#1779,$);
#1717=AXIS2_PLACEMENT_3D('',#2653,#1780,$);
#1718=AXIS2_PLACEMENT_3D('',#2666,#1781,$);
#1719=AXIS2_PLACEMENT_3D('',#2679,#1782,$);
#1720=AXIS2_PLACEMENT_3D('',#2692,#1783,$);
#1721=AXIS2_PLACEMENT_3D('',#2717,#1784,$);
#1722=AXIS2_PLACEMENT_3D($,#2730,#1785,#1786);
#1723=DIRECTION('',(0.,0.,1.));
#1724=DIRECTION('',(1.,0.,0.));
#1725=DIRECTION('',(-0.577170559995446,-0.408502319056507,0.707106781186547));
#1726=DIRECTION('',(-0.577170559995446,-0.408502319056506,0.707106781186547));
#1727=DIRECTION('',(-0.577170559995446,-0.408502319056506,0.707106781186547));
#1728=DIRECTION('',(-0.577170559995446,-0.408502319056507,0.707106781186547));
#1729=DIRECTION('',(-0.577170559995446,-0.408502319056506,0.707106781186547));
#1730=DIRECTION('',(-0.577170559995446,-0.408502319056506,0.707106781186548));
#1731=DIRECTION('',(-0.577170559995446,-0.408502319056507,0.707106781186547));
#1732=DIRECTION('',(-0.577170559995446,-0.408502319056507,0.707106781186547));
#1733=DIRECTION('',(-0.577170559995446,-0.408502319056507,0.707106781186547));
#1734=DIRECTION('',(-0.577170559995446,-0.408502319056506,0.707106781186547));
#1735=DIRECTION('',(-0.577170559995446,-0.408502319056506,0.707106781186547));
#1736=DIRECTION('',(-0.577170559995446,-0.408502319056506,0.707106781186547));
#1737=DIRECTION('',(-0.577170559995446,-0.408502319056507,0.707106781186547));
#1738=DIRECTION('',(-0.577170559995446,-0.408502319056506,0.707106781186547));
#1739=DIRECTION('',(-0.577170559995446,-0.408502319056506,0.707106781186548));
#1740=DIRECTION('',(-0.577170559995446,-0.408502319056506,0.707106781186547));
#1741=DIRECTION('',(-0.577170559995446,-0.408502319056507,0.707106781186547));
#1742=DIRECTION('',(-0.577170559995446,-0.408502319056507,0.707106781186547));
#1743=DIRECTION('',(-0.577170559995446,-0.408502319056507,0.707106781186547));
#1744=DIRECTION('',(-0.577170559995446,-0.408502319056507,0.707106781186547));
#1745=DIRECTION('',(-0.577170559995446,-0.408502319056507,0.707106781186547));
#1746=DIRECTION('',(-0.577170559995446,-0.408502319056507,0.707106781186547));
#1747=DIRECTION('',(-0.577170559995446,-0.408502319056507,0.707106781186547));
#1748=DIRECTION('',(-0.577170559995446,-0.408502319056506,0.707106781186547));
#1749=DIRECTION('',(-0.577170559995446,-0.408502319056507,0.707106781186547));
#1750=DIRECTION('',(-0.577170559995445,-0.408502319056506,0.707106781186548));
#1751=DIRECTION('',(-0.577170559995446,-0.408502319056507,0.707106781186547));
#1752=DIRECTION('',(-0.577170559995446,-0.408502319056507,0.707106781186547));
#1753=DIRECTION('',(-0.577170559995445,-0.408502319056506,0.707106781186548));
#1754=DIRECTION('',(-0.577170559995446,-0.408502319056507,0.707106781186547));
#1755=DIRECTION('',(-0.577170559995446,-0.408502319056507,0.707106781186547));
#1756=DIRECTION('',(-0.577170559995446,-0.408502319056507,0.707106781186547));
#1757=DIRECTION('',(-0.577170559995445,-0.408502319056507,0.707106781186548));
#1758=DIRECTION('',(-0.577170559995446,-0.408502319056506,0.707106781186547));
#1759=DIRECTION('',(-0.577170559995447,-0.408502319056507,0.707106781186546));
#1760=DIRECTION('',(-0.577170559995446,-0.408502319056507,0.707106781186547));
#1761=DIRECTION('',(0.577709519870571,-0.816242433748035,7.59864788501143E-16));
#1762=DIRECTION('',(0.,0.,-1.));
#1763=DIRECTION('',(0.577709519870574,-0.816242433748032,-3.01249341910217E-16));
#1764=DIRECTION('',(0.577709519870572,-0.816242433748034,-9.95600699039204E-16));
#1765=DIRECTION('',(0.57770951987057,-0.816242433748035,-8.14358470314568E-16));
#1766=DIRECTION('',(0.577709519870567,-0.816242433748037,-1.0862218134015E-15));
#1767=DIRECTION('',(0.577709519870567,-0.816242433748038,2.11859786494158E-16));
#1768=DIRECTION('',(0.577709519870571,-0.816242433748035,-5.73112684997152E-16));
#1769=DIRECTION('',(-0.577709519870549,0.81624243374805,-9.81523479100698E-16));
#1770=DIRECTION('',(-0.577709519870564,0.81624243374804,-4.90761739550348E-16));
#1771=DIRECTION('',(-0.577709519870559,0.816242433748043,-4.90761739550348E-16));
#1772=DIRECTION('',(-0.577709519870564,0.81624243374804,-9.81523479100695E-16));
#1773=DIRECTION('',(0.577709519870574,-0.816242433748033,-8.2966724919934E-16));
#1774=DIRECTION('',(0.577167554655598,0.408500191975913,0.707110463087996));
#1775=DIRECTION('',(0.816242433748034,0.577709519870571,-1.96304695820139E-15));
#1776=DIRECTION('',(0.816242433748035,0.577709519870571,-1.60056250075213E-15));
#1777=DIRECTION('',(0.816242433748034,0.577709519870571,-1.60056250075213E-15));
#1778=DIRECTION('',(0.816242433748034,0.577709519870571,-1.60056250075213E-15));
#1779=DIRECTION('',(-0.577709519870561,0.816242433748042,3.09519510825718E-16));
#1780=DIRECTION('',(-0.577709519870561,0.816242433748042,3.09519510825718E-16));
#1781=DIRECTION('',(-0.816242433748034,-0.577709519870572,-5.62917710732211E-16));
#1782=DIRECTION('',(-0.577173565319649,-0.408504446126025,0.707103099265924));
#1783=DIRECTION('',(-0.816242433748034,-0.577709519870572,-2.97979612212305E-15));
#1784=DIRECTION('',(-0.816242433748034,-0.577709519870572,-2.97979612212305E-15));
#1785=DIRECTION('',(0.,0.,1.));
#1786=DIRECTION('',(1.,0.,0.));
#1787=CARTESIAN_POINT('',(0.,0.,0.));
#1788=CARTESIAN_POINT('',(1.68522350826917,11.4822594262753,3.6051310426951));
#1789=CARTESIAN_POINT('',(1.10805294827372,11.0737571072188,2.89802426150856));
#1790=CARTESIAN_POINT('',(1.68522350826919,11.4822594262753,3.60513104269511));
#1791=CARTESIAN_POINT('',(2.63844421605563,10.1354594105911,3.60513104269511));
#1792=CARTESIAN_POINT('',(2.06127365606019,9.72695709153456,2.89802426150856));
#1793=CARTESIAN_POINT('',(1.10805294827372,11.0737571072188,2.89802426150856));
#1794=CARTESIAN_POINT('',(1.68522350826919,11.4822594262753,3.60513104269511));
#1795=CARTESIAN_POINT('',(1.68522350826919,11.4822594262753,3.60513104269511));
#1796=CARTESIAN_POINT('',(2.63844421605563,10.1354594105911,3.60513104269511));
#1797=CARTESIAN_POINT('',(2.63844421605563,10.1354594105911,3.60513104269511));
#1798=CARTESIAN_POINT('',(2.06127365606019,9.72695709153456,2.89802426150856));
#1799=CARTESIAN_POINT('',(2.06127365606019,9.72695709153456,2.89802426150856));
#1800=CARTESIAN_POINT('',(1.10805294827372,11.0737571072188,2.89802426150856));
#1801=CARTESIAN_POINT('',(2.63844421605564,10.1354594105911,3.6051310426951));
#1802=CARTESIAN_POINT('',(2.06127365606019,9.72695709153456,2.89802426150856));
#1803=CARTESIAN_POINT('',(2.63844421605563,10.1354594105911,3.60513104269511));
#1804=CARTESIAN_POINT('',(3.59166492384207,8.7886593949068,3.60513104269511));
#1805=CARTESIAN_POINT('',(3.01449436384664,8.38015707585031,2.89802426150856));
#1806=CARTESIAN_POINT('',(2.06127365606019,9.72695709153456,2.89802426150856));
#1807=CARTESIAN_POINT('',(2.63844421605563,10.1354594105911,3.60513104269511));
#1808=CARTESIAN_POINT('',(2.63844421605563,10.1354594105911,3.60513104269511));
#1809=CARTESIAN_POINT('',(3.59166492384207,8.7886593949068,3.60513104269511));
#1810=CARTESIAN_POINT('',(3.59166492384207,8.7886593949068,3.60513104269511));
#1811=CARTESIAN_POINT('',(3.01449436384664,8.38015707585031,2.89802426150856));
#1812=CARTESIAN_POINT('',(3.01449436384664,8.38015707585031,2.89802426150856));
#1813=CARTESIAN_POINT('',(2.06127365606019,9.72695709153456,2.89802426150856));
#1814=CARTESIAN_POINT('',(3.59166492384208,8.78865939490681,3.6051310426951));
#1815=CARTESIAN_POINT('',(3.01449436384664,8.38015707585031,2.89802426150856));
#1816=CARTESIAN_POINT('',(3.59166492384207,8.7886593949068,3.60513104269511));
#1817=CARTESIAN_POINT('',(4.54488563162852,7.44185937922254,3.60513104269511));
#1818=CARTESIAN_POINT('',(3.96771507163308,7.03335706016604,2.89802426150856));
#1819=CARTESIAN_POINT('',(3.01449436384664,8.38015707585031,2.89802426150856));
#1820=CARTESIAN_POINT('',(3.59166492384207,8.7886593949068,3.60513104269511));
#1821=CARTESIAN_POINT('',(3.59166492384207,8.7886593949068,3.60513104269511));
#1822=CARTESIAN_POINT('',(4.54488563162852,7.44185937922254,3.60513104269511));
#1823=CARTESIAN_POINT('',(4.54488563162852,7.44185937922254,3.60513104269511));
#1824=CARTESIAN_POINT('',(3.96771507163308,7.03335706016604,2.89802426150856));
#1825=CARTESIAN_POINT('',(3.96771507163308,7.03335706016604,2.89802426150856));
#1826=CARTESIAN_POINT('',(3.01449436384664,8.38015707585031,2.89802426150856));
#1827=CARTESIAN_POINT('',(4.54488563163276,7.44185937921656,3.6051310426951));
#1828=CARTESIAN_POINT('',(3.96771507163731,7.03335706016006,2.89802426150856));
#1829=CARTESIAN_POINT('',(4.54488563163275,7.44185937921657,3.60513104269511));
#1830=CARTESIAN_POINT('',(5.49810633941922,6.0950593635323,3.60513104269511));
#1831=CARTESIAN_POINT('',(4.92093577942376,5.68655704447579,2.89802426150856));
#1832=CARTESIAN_POINT('',(3.96771507163731,7.03335706016006,2.89802426150856));
#1833=CARTESIAN_POINT('',(4.54488563163275,7.44185937921657,3.60513104269511));
#1834=CARTESIAN_POINT('',(4.54488563163275,7.44185937921657,3.60513104269511));
#1835=CARTESIAN_POINT('',(5.49810633941922,6.0950593635323,3.60513104269511));
#1836=CARTESIAN_POINT('',(5.49810633941922,6.0950593635323,3.60513104269511));
#1837=CARTESIAN_POINT('',(4.92093577942376,5.68655704447579,2.89802426150856));
#1838=CARTESIAN_POINT('',(4.92093577942376,5.68655704447579,2.89802426150856));
#1839=CARTESIAN_POINT('',(3.96771507163731,7.03335706016006,2.89802426150856));
#1840=CARTESIAN_POINT('',(5.4981063394192,6.09505936353229,3.6051310426951));
#1841=CARTESIAN_POINT('',(4.92093577942376,5.68655704447579,2.89802426150856));
#1842=CARTESIAN_POINT('',(5.49810633941922,6.0950593635323,3.60513104269511));
#1843=CARTESIAN_POINT('',(6.45132704720567,4.74825934784803,3.60513104269511));
#1844=CARTESIAN_POINT('',(5.8741564872102,4.33975702879154,2.89802426150856));
#1845=CARTESIAN_POINT('',(4.92093577942376,5.68655704447579,2.89802426150856));
#1846=CARTESIAN_POINT('',(5.49810633941922,6.0950593635323,3.60513104269511));
#1847=CARTESIAN_POINT('',(5.49810633941922,6.0950593635323,3.60513104269511));
#1848=CARTESIAN_POINT('',(6.45132704720567,4.74825934784803,3.60513104269511));
#1849=CARTESIAN_POINT('',(6.45132704720567,4.74825934784803,3.60513104269511));
#1850=CARTESIAN_POINT('',(5.8741564872102,4.33975702879154,2.89802426150856));
#1851=CARTESIAN_POINT('',(5.8741564872102,4.33975702879154,2.89802426150856));
#1852=CARTESIAN_POINT('',(4.92093577942376,5.68655704447579,2.89802426150856));
#1853=CARTESIAN_POINT('',(6.45132704720564,4.74825934784804,3.6051310426951));
#1854=CARTESIAN_POINT('',(5.8741564872102,4.33975702879154,2.89802426150856));
#1855=CARTESIAN_POINT('',(6.45132704720567,4.74825934784803,3.60513104269511));
#1856=CARTESIAN_POINT('',(7.40454775499211,3.40145933216377,3.60513104269511));
#1857=CARTESIAN_POINT('',(6.82737719499664,2.99295701310727,2.89802426150856));
#1858=CARTESIAN_POINT('',(5.8741564872102,4.33975702879154,2.89802426150856));
#1859=CARTESIAN_POINT('',(6.45132704720567,4.74825934784803,3.60513104269511));
#1860=CARTESIAN_POINT('',(6.45132704720567,4.74825934784803,3.60513104269511));
#1861=CARTESIAN_POINT('',(7.40454775499211,3.40145933216377,3.60513104269511));
#1862=CARTESIAN_POINT('',(7.40454775499211,3.40145933216377,3.60513104269511));
#1863=CARTESIAN_POINT('',(6.82737719499664,2.99295701310727,2.89802426150856));
#1864=CARTESIAN_POINT('',(6.82737719499664,2.99295701310727,2.89802426150856));
#1865=CARTESIAN_POINT('',(5.8741564872102,4.33975702879154,2.89802426150856));
#1866=CARTESIAN_POINT('',(2.26239406826463,11.8907617453318,4.31223782388165));
#1867=CARTESIAN_POINT('',(1.68522350826919,11.4822594262753,3.60513104269511));
#1868=CARTESIAN_POINT('',(2.26239406826463,11.8907617453318,4.31223782388165));
#1869=CARTESIAN_POINT('',(3.2156147760511,10.5439617296476,4.31223782388165));
#1870=CARTESIAN_POINT('',(2.63844421605563,10.1354594105911,3.60513104269511));
#1871=CARTESIAN_POINT('',(1.68522350826919,11.4822594262753,3.60513104269511));
#1872=CARTESIAN_POINT('',(2.26239406826463,11.8907617453318,4.31223782388165));
#1873=CARTESIAN_POINT('',(2.26239406826463,11.8907617453318,4.31223782388165));
#1874=CARTESIAN_POINT('',(3.2156147760511,10.5439617296476,4.31223782388165));
#1875=CARTESIAN_POINT('',(3.2156147760511,10.5439617296476,4.31223782388165));
#1876=CARTESIAN_POINT('',(2.63844421605563,10.1354594105911,3.60513104269511));
#1877=CARTESIAN_POINT('',(2.63844421605563,10.1354594105911,3.60513104269511));
#1878=CARTESIAN_POINT('',(1.68522350826919,11.4822594262753,3.60513104269511));
#1879=CARTESIAN_POINT('',(3.21561477605107,10.5439617296476,4.31223782388165));
#1880=CARTESIAN_POINT('',(2.63844421605563,10.1354594105911,3.60513104269511));
#1881=CARTESIAN_POINT('',(3.2156147760511,10.5439617296476,4.31223782388165));
#1882=CARTESIAN_POINT('',(4.16883548383754,9.19716171396331,4.31223782388165));
#1883=CARTESIAN_POINT('',(3.59166492384207,8.7886593949068,3.60513104269511));
#1884=CARTESIAN_POINT('',(2.63844421605563,10.1354594105911,3.60513104269511));
#1885=CARTESIAN_POINT('',(3.2156147760511,10.5439617296476,4.31223782388165));
#1886=CARTESIAN_POINT('',(3.2156147760511,10.5439617296476,4.31223782388165));
#1887=CARTESIAN_POINT('',(4.16883548383754,9.19716171396331,4.31223782388165));
#1888=CARTESIAN_POINT('',(4.16883548383754,9.19716171396331,4.31223782388165));
#1889=CARTESIAN_POINT('',(3.59166492384207,8.7886593949068,3.60513104269511));
#1890=CARTESIAN_POINT('',(3.59166492384207,8.7886593949068,3.60513104269511));
#1891=CARTESIAN_POINT('',(2.63844421605563,10.1354594105911,3.60513104269511));
#1892=CARTESIAN_POINT('',(4.16883548383752,9.19716171396331,4.31223782388165));
#1893=CARTESIAN_POINT('',(3.59166492384207,8.7886593949068,3.60513104269511));
#1894=CARTESIAN_POINT('',(4.16883548383754,9.19716171396331,4.31223782388165));
#1895=CARTESIAN_POINT('',(5.12205619162398,7.85036169827904,4.31223782388165));
#1896=CARTESIAN_POINT('',(4.54488563162852,7.44185937922254,3.60513104269511));
#1897=CARTESIAN_POINT('',(3.59166492384207,8.7886593949068,3.60513104269511));
#1898=CARTESIAN_POINT('',(4.16883548383754,9.19716171396331,4.31223782388165));
#1899=CARTESIAN_POINT('',(4.16883548383754,9.19716171396331,4.31223782388165));
#1900=CARTESIAN_POINT('',(5.12205619162398,7.85036169827904,4.31223782388165));
#1901=CARTESIAN_POINT('',(5.12205619162398,7.85036169827904,4.31223782388165));
#1902=CARTESIAN_POINT('',(4.54488563162852,7.44185937922254,3.60513104269511));
#1903=CARTESIAN_POINT('',(4.54488563162852,7.44185937922254,3.60513104269511));
#1904=CARTESIAN_POINT('',(3.59166492384207,8.7886593949068,3.60513104269511));
#1905=CARTESIAN_POINT('',(5.1220561916282,7.85036169827307,4.31223782388165));
#1906=CARTESIAN_POINT('',(4.54488563163275,7.44185937921657,3.60513104269511));
#1907=CARTESIAN_POINT('',(5.12205619162819,7.85036169827306,4.31223782388165));
#1908=CARTESIAN_POINT('',(6.07527689941466,6.5035616825888,4.31223782388165));
#1909=CARTESIAN_POINT('',(5.49810633941922,6.0950593635323,3.60513104269511));
#1910=CARTESIAN_POINT('',(4.54488563163275,7.44185937921657,3.60513104269511));
#1911=CARTESIAN_POINT('',(5.12205619162819,7.85036169827306,4.31223782388165));
#1912=CARTESIAN_POINT('',(5.12205619162819,7.85036169827306,4.31223782388165));
#1913=CARTESIAN_POINT('',(6.07527689941466,6.5035616825888,4.31223782388165));
#1914=CARTESIAN_POINT('',(6.07527689941466,6.5035616825888,4.31223782388165));
#1915=CARTESIAN_POINT('',(5.49810633941922,6.0950593635323,3.60513104269511));
#1916=CARTESIAN_POINT('',(5.49810633941922,6.0950593635323,3.60513104269511));
#1917=CARTESIAN_POINT('',(4.54488563163275,7.44185937921657,3.60513104269511));
#1918=CARTESIAN_POINT('',(6.07527689941467,6.5035616825888,4.31223782388165));
#1919=CARTESIAN_POINT('',(5.49810633941922,6.0950593635323,3.60513104269511));
#1920=CARTESIAN_POINT('',(6.07527689941466,6.5035616825888,4.31223782388165));
#1921=CARTESIAN_POINT('',(7.0284976072011,5.15676166690454,4.31223782388165));
#1922=CARTESIAN_POINT('',(6.45132704720567,4.74825934784803,3.60513104269511));
#1923=CARTESIAN_POINT('',(5.49810633941922,6.0950593635323,3.60513104269511));
#1924=CARTESIAN_POINT('',(6.07527689941466,6.5035616825888,4.31223782388165));
#1925=CARTESIAN_POINT('',(6.07527689941466,6.5035616825888,4.31223782388165));
#1926=CARTESIAN_POINT('',(7.0284976072011,5.15676166690454,4.31223782388165));
#1927=CARTESIAN_POINT('',(7.0284976072011,5.15676166690454,4.31223782388165));
#1928=CARTESIAN_POINT('',(6.45132704720567,4.74825934784803,3.60513104269511));
#1929=CARTESIAN_POINT('',(6.45132704720567,4.74825934784803,3.60513104269511));
#1930=CARTESIAN_POINT('',(5.49810633941922,6.0950593635323,3.60513104269511));
#1931=CARTESIAN_POINT('',(7.02849760720111,5.15676166690454,4.31223782388165));
#1932=CARTESIAN_POINT('',(6.45132704720567,4.74825934784803,3.60513104269511));
#1933=CARTESIAN_POINT('',(7.0284976072011,5.15676166690454,4.31223782388165));
#1934=CARTESIAN_POINT('',(7.98171831498755,3.80996165122028,4.31223782388165));
#1935=CARTESIAN_POINT('',(7.40454775499211,3.40145933216377,3.60513104269511));
#1936=CARTESIAN_POINT('',(6.45132704720567,4.74825934784803,3.60513104269511));
#1937=CARTESIAN_POINT('',(7.0284976072011,5.15676166690454,4.31223782388165));
#1938=CARTESIAN_POINT('',(7.0284976072011,5.15676166690454,4.31223782388165));
#1939=CARTESIAN_POINT('',(7.98171831498755,3.80996165122028,4.31223782388165));
#1940=CARTESIAN_POINT('',(7.98171831498755,3.80996165122028,4.31223782388165));
#1941=CARTESIAN_POINT('',(7.40454775499211,3.40145933216377,3.60513104269511));
#1942=CARTESIAN_POINT('',(7.40454775499211,3.40145933216377,3.60513104269511));
#1943=CARTESIAN_POINT('',(6.45132704720567,4.74825934784803,3.60513104269511));
#1944=CARTESIAN_POINT('',(2.83956462826007,12.2992640643883,5.0193446050682));
#1945=CARTESIAN_POINT('',(2.26239406826463,11.8907617453318,4.31223782388165));
#1946=CARTESIAN_POINT('',(2.83956462826006,12.2992640643883,5.0193446050682));
#1947=CARTESIAN_POINT('',(3.79278533604653,10.9524640487041,5.0193446050682));
#1948=CARTESIAN_POINT('',(3.2156147760511,10.5439617296476,4.31223782388165));
#1949=CARTESIAN_POINT('',(2.26239406826463,11.8907617453318,4.31223782388165));
#1950=CARTESIAN_POINT('',(2.83956462826006,12.2992640643883,5.0193446050682));
#1951=CARTESIAN_POINT('',(2.83956462826006,12.2992640643883,5.0193446050682));
#1952=CARTESIAN_POINT('',(3.79278533604653,10.9524640487041,5.0193446050682));
#1953=CARTESIAN_POINT('',(3.79278533604653,10.9524640487041,5.0193446050682));
#1954=CARTESIAN_POINT('',(3.2156147760511,10.5439617296476,4.31223782388165));
#1955=CARTESIAN_POINT('',(3.2156147760511,10.5439617296476,4.31223782388165));
#1956=CARTESIAN_POINT('',(2.26239406826463,11.8907617453318,4.31223782388165));
#1957=CARTESIAN_POINT('',(3.79278533604654,10.9524640487041,5.0193446050682));
#1958=CARTESIAN_POINT('',(3.2156147760511,10.5439617296476,4.31223782388165));
#1959=CARTESIAN_POINT('',(3.79278533604653,10.9524640487041,5.0193446050682));
#1960=CARTESIAN_POINT('',(4.74600604383298,9.60566403301982,5.0193446050682));
#1961=CARTESIAN_POINT('',(4.16883548383754,9.19716171396331,4.31223782388165));
#1962=CARTESIAN_POINT('',(3.2156147760511,10.5439617296476,4.31223782388165));
#1963=CARTESIAN_POINT('',(3.79278533604653,10.9524640487041,5.0193446050682));
#1964=CARTESIAN_POINT('',(3.79278533604653,10.9524640487041,5.0193446050682));
#1965=CARTESIAN_POINT('',(4.74600604383298,9.60566403301982,5.0193446050682));
#1966=CARTESIAN_POINT('',(4.74600604383298,9.60566403301982,5.0193446050682));
#1967=CARTESIAN_POINT('',(4.16883548383754,9.19716171396331,4.31223782388165));
#1968=CARTESIAN_POINT('',(4.16883548383754,9.19716171396331,4.31223782388165));
#1969=CARTESIAN_POINT('',(3.2156147760511,10.5439617296476,4.31223782388165));
#1970=CARTESIAN_POINT('',(4.74600604383298,9.60566403301982,5.0193446050682));
#1971=CARTESIAN_POINT('',(4.16883548383754,9.19716171396331,4.31223782388165));
#1972=CARTESIAN_POINT('',(4.74600604383298,9.60566403301982,5.0193446050682));
#1973=CARTESIAN_POINT('',(5.69922675161942,8.25886401733555,5.0193446050682));
#1974=CARTESIAN_POINT('',(5.12205619162398,7.85036169827904,4.31223782388165));
#1975=CARTESIAN_POINT('',(4.16883548383754,9.19716171396331,4.31223782388165));
#1976=CARTESIAN_POINT('',(4.74600604383298,9.60566403301982,5.0193446050682));
#1977=CARTESIAN_POINT('',(4.74600604383298,9.60566403301982,5.0193446050682));
#1978=CARTESIAN_POINT('',(5.69922675161942,8.25886401733555,5.0193446050682));
#1979=CARTESIAN_POINT('',(5.69922675161942,8.25886401733555,5.0193446050682));
#1980=CARTESIAN_POINT('',(5.12205619162398,7.85036169827904,4.31223782388165));
#1981=CARTESIAN_POINT('',(5.12205619162398,7.85036169827904,4.31223782388165));
#1982=CARTESIAN_POINT('',(4.16883548383754,9.19716171396331,4.31223782388165));
#1983=CARTESIAN_POINT('',(5.69922675162363,8.25886401732957,5.0193446050682));
#1984=CARTESIAN_POINT('',(5.12205619162819,7.85036169827306,4.31223782388165));
#1985=CARTESIAN_POINT('',(5.69922675162366,8.25886401732957,5.0193446050682));
#1986=CARTESIAN_POINT('',(6.6524474594101,6.91206400164531,5.0193446050682));
#1987=CARTESIAN_POINT('',(6.07527689941466,6.5035616825888,4.31223782388165));
#1988=CARTESIAN_POINT('',(5.12205619162819,7.85036169827306,4.31223782388165));
#1989=CARTESIAN_POINT('',(5.69922675162366,8.25886401732957,5.0193446050682));
#1990=CARTESIAN_POINT('',(5.69922675162366,8.25886401732957,5.0193446050682));
#1991=CARTESIAN_POINT('',(6.6524474594101,6.91206400164531,5.0193446050682));
#1992=CARTESIAN_POINT('',(6.6524474594101,6.91206400164531,5.0193446050682));
#1993=CARTESIAN_POINT('',(6.07527689941466,6.5035616825888,4.31223782388165));
#1994=CARTESIAN_POINT('',(6.07527689941466,6.5035616825888,4.31223782388165));
#1995=CARTESIAN_POINT('',(5.12205619162819,7.85036169827306,4.31223782388165));
#1996=CARTESIAN_POINT('',(6.6524474594101,6.9120640016453,5.0193446050682));
#1997=CARTESIAN_POINT('',(6.07527689941466,6.5035616825888,4.31223782388165));
#1998=CARTESIAN_POINT('',(6.6524474594101,6.91206400164531,5.0193446050682));
#1999=CARTESIAN_POINT('',(7.60566816719654,5.56526398596105,5.0193446050682));
#2000=CARTESIAN_POINT('',(7.0284976072011,5.15676166690454,4.31223782388165));
#2001=CARTESIAN_POINT('',(6.07527689941466,6.5035616825888,4.31223782388165));
#2002=CARTESIAN_POINT('',(6.6524474594101,6.91206400164531,5.0193446050682));
#2003=CARTESIAN_POINT('',(6.6524474594101,6.91206400164531,5.0193446050682));
#2004=CARTESIAN_POINT('',(7.60566816719654,5.56526398596105,5.0193446050682));
#2005=CARTESIAN_POINT('',(7.60566816719654,5.56526398596105,5.0193446050682));
#2006=CARTESIAN_POINT('',(7.0284976072011,5.15676166690454,4.31223782388165));
#2007=CARTESIAN_POINT('',(7.0284976072011,5.15676166690454,4.31223782388165));
#2008=CARTESIAN_POINT('',(6.07527689941466,6.5035616825888,4.31223782388165));
#2009=CARTESIAN_POINT('',(7.60566816719655,5.56526398596105,5.0193446050682));
#2010=CARTESIAN_POINT('',(7.0284976072011,5.15676166690454,4.31223782388165));
#2011=CARTESIAN_POINT('',(7.60566816719654,5.56526398596105,5.0193446050682));
#2012=CARTESIAN_POINT('',(8.55888887498298,4.21846397027679,5.0193446050682));
#2013=CARTESIAN_POINT('',(7.98171831498755,3.80996165122028,4.31223782388165));
#2014=CARTESIAN_POINT('',(7.0284976072011,5.15676166690454,4.31223782388165));
#2015=CARTESIAN_POINT('',(7.60566816719654,5.56526398596105,5.0193446050682));
#2016=CARTESIAN_POINT('',(7.60566816719654,5.56526398596105,5.0193446050682));
#2017=CARTESIAN_POINT('',(8.55888887498298,4.21846397027679,5.0193446050682));
#2018=CARTESIAN_POINT('',(8.55888887498298,4.21846397027679,5.0193446050682));
#2019=CARTESIAN_POINT('',(7.98171831498755,3.80996165122028,4.31223782388165));
#2020=CARTESIAN_POINT('',(7.98171831498755,3.80996165122028,4.31223782388165));
#2021=CARTESIAN_POINT('',(7.0284976072011,5.15676166690454,4.31223782388165));
#2022=CARTESIAN_POINT('',(3.41673518825551,12.7077663834448,5.72645138625475));
#2023=CARTESIAN_POINT('',(2.83956462826006,12.2992640643883,5.0193446050682));
#2024=CARTESIAN_POINT('',(3.41673518825553,12.7077663834448,5.72645138625475));
#2025=CARTESIAN_POINT('',(4.36995589604197,11.3609663677606,5.72645138625475));
#2026=CARTESIAN_POINT('',(3.79278533604653,10.9524640487041,5.0193446050682));
#2027=CARTESIAN_POINT('',(2.83956462826006,12.2992640643883,5.0193446050682));
#2028=CARTESIAN_POINT('',(3.41673518825553,12.7077663834448,5.72645138625475));
#2029=CARTESIAN_POINT('',(3.41673518825553,12.7077663834448,5.72645138625475));
#2030=CARTESIAN_POINT('',(4.36995589604197,11.3609663677606,5.72645138625475));
#2031=CARTESIAN_POINT('',(4.36995589604197,11.3609663677606,5.72645138625475));
#2032=CARTESIAN_POINT('',(3.79278533604653,10.9524640487041,5.0193446050682));
#2033=CARTESIAN_POINT('',(3.79278533604653,10.9524640487041,5.0193446050682));
#2034=CARTESIAN_POINT('',(2.83956462826006,12.2992640643883,5.0193446050682));
#2035=CARTESIAN_POINT('',(4.36995589604198,11.3609663677606,5.72645138625475));
#2036=CARTESIAN_POINT('',(3.79278533604653,10.9524640487041,5.0193446050682));
#2037=CARTESIAN_POINT('',(4.36995589604197,11.3609663677606,5.72645138625475));
#2038=CARTESIAN_POINT('',(5.32317660382841,10.0141663520763,5.72645138625475));
#2039=CARTESIAN_POINT('',(4.74600604383298,9.60566403301982,5.0193446050682));
#2040=CARTESIAN_POINT('',(3.79278533604653,10.9524640487041,5.0193446050682));
#2041=CARTESIAN_POINT('',(4.36995589604197,11.3609663677606,5.72645138625475));
#2042=CARTESIAN_POINT('',(4.36995589604197,11.3609663677606,5.72645138625475));
#2043=CARTESIAN_POINT('',(5.32317660382841,10.0141663520763,5.72645138625475));
#2044=CARTESIAN_POINT('',(5.32317660382841,10.0141663520763,5.72645138625475));
#2045=CARTESIAN_POINT('',(4.74600604383298,9.60566403301982,5.0193446050682));
#2046=CARTESIAN_POINT('',(4.74600604383298,9.60566403301982,5.0193446050682));
#2047=CARTESIAN_POINT('',(3.79278533604653,10.9524640487041,5.0193446050682));
#2048=CARTESIAN_POINT('',(5.32317660382842,10.0141663520763,5.72645138625475));
#2049=CARTESIAN_POINT('',(4.74600604383298,9.60566403301982,5.0193446050682));
#2050=CARTESIAN_POINT('',(5.32317660382841,10.0141663520763,5.72645138625475));
#2051=CARTESIAN_POINT('',(6.27639731161486,8.66736633639206,5.72645138625475));
#2052=CARTESIAN_POINT('',(5.69922675161942,8.25886401733555,5.0193446050682));
#2053=CARTESIAN_POINT('',(4.74600604383298,9.60566403301982,5.0193446050682));
#2054=CARTESIAN_POINT('',(5.32317660382841,10.0141663520763,5.72645138625475));
#2055=CARTESIAN_POINT('',(5.32317660382841,10.0141663520763,5.72645138625475));
#2056=CARTESIAN_POINT('',(6.27639731161486,8.66736633639206,5.72645138625475));
#2057=CARTESIAN_POINT('',(6.27639731161486,8.66736633639206,5.72645138625475));
#2058=CARTESIAN_POINT('',(5.69922675161942,8.25886401733555,5.0193446050682));
#2059=CARTESIAN_POINT('',(5.69922675161942,8.25886401733555,5.0193446050682));
#2060=CARTESIAN_POINT('',(4.74600604383298,9.60566403301982,5.0193446050682));
#2061=CARTESIAN_POINT('',(6.2763973116191,8.66736633638608,5.72645138625475));
#2062=CARTESIAN_POINT('',(5.69922675162366,8.25886401732957,5.0193446050682));
#2063=CARTESIAN_POINT('',(6.27639731161909,8.66736633638607,5.72645138625475));
#2064=CARTESIAN_POINT('',(7.22961801940556,7.3205663207018,5.72645138625475));
#2065=CARTESIAN_POINT('',(6.6524474594101,6.91206400164531,5.0193446050682));
#2066=CARTESIAN_POINT('',(5.69922675162366,8.25886401732957,5.0193446050682));
#2067=CARTESIAN_POINT('',(6.27639731161909,8.66736633638607,5.72645138625475));
#2068=CARTESIAN_POINT('',(6.27639731161909,8.66736633638607,5.72645138625475));
#2069=CARTESIAN_POINT('',(7.22961801940556,7.3205663207018,5.72645138625475));
#2070=CARTESIAN_POINT('',(7.22961801940556,7.3205663207018,5.72645138625475));
#2071=CARTESIAN_POINT('',(6.6524474594101,6.91206400164531,5.0193446050682));
#2072=CARTESIAN_POINT('',(6.6524474594101,6.91206400164531,5.0193446050682));
#2073=CARTESIAN_POINT('',(5.69922675162366,8.25886401732957,5.0193446050682));
#2074=CARTESIAN_POINT('',(7.22961801940554,7.32056632070181,5.72645138625475));
#2075=CARTESIAN_POINT('',(6.6524474594101,6.91206400164531,5.0193446050682));
#2076=CARTESIAN_POINT('',(7.22961801940556,7.3205663207018,5.72645138625475));
#2077=CARTESIAN_POINT('',(8.18283872719201,5.97376630501756,5.72645138625475));
#2078=CARTESIAN_POINT('',(7.60566816719654,5.56526398596105,5.0193446050682));
#2079=CARTESIAN_POINT('',(6.6524474594101,6.91206400164531,5.0193446050682));
#2080=CARTESIAN_POINT('',(7.22961801940556,7.3205663207018,5.72645138625475));
#2081=CARTESIAN_POINT('',(7.22961801940556,7.3205663207018,5.72645138625475));
#2082=CARTESIAN_POINT('',(8.18283872719201,5.97376630501756,5.72645138625475));
#2083=CARTESIAN_POINT('',(8.18283872719201,5.97376630501756,5.72645138625475));
#2084=CARTESIAN_POINT('',(7.60566816719654,5.56526398596105,5.0193446050682));
#2085=CARTESIAN_POINT('',(7.60566816719654,5.56526398596105,5.0193446050682));
#2086=CARTESIAN_POINT('',(6.6524474594101,6.91206400164531,5.0193446050682));
#2087=CARTESIAN_POINT('',(8.18283872719198,5.97376630501756,5.72645138625475));
#2088=CARTESIAN_POINT('',(7.60566816719654,5.56526398596105,5.0193446050682));
#2089=CARTESIAN_POINT('',(8.18283872719201,5.97376630501756,5.72645138625475));
#2090=CARTESIAN_POINT('',(9.13605943497845,4.6269662893333,5.72645138625475));
#2091=CARTESIAN_POINT('',(8.55888887498298,4.21846397027679,5.0193446050682));
#2092=CARTESIAN_POINT('',(7.60566816719654,5.56526398596105,5.0193446050682));
#2093=CARTESIAN_POINT('',(8.18283872719201,5.97376630501756,5.72645138625475));
#2094=CARTESIAN_POINT('',(8.18283872719201,5.97376630501756,5.72645138625475));
#2095=CARTESIAN_POINT('',(9.13605943497845,4.6269662893333,5.72645138625475));
#2096=CARTESIAN_POINT('',(9.13605943497845,4.6269662893333,5.72645138625475));
#2097=CARTESIAN_POINT('',(8.55888887498298,4.21846397027679,5.0193446050682));
#2098=CARTESIAN_POINT('',(8.55888887498298,4.21846397027679,5.0193446050682));
#2099=CARTESIAN_POINT('',(7.60566816719654,5.56526398596105,5.0193446050682));
#2100=CARTESIAN_POINT('',(3.99390574825097,13.1162687025013,6.43355816744129));
#2101=CARTESIAN_POINT('',(3.41673518825553,12.7077663834448,5.72645138625475));
#2102=CARTESIAN_POINT('',(3.99390574825097,13.1162687025013,6.4335581674413));
#2103=CARTESIAN_POINT('',(4.94712645603741,11.7694686868171,6.4335581674413));
#2104=CARTESIAN_POINT('',(4.36995589604197,11.3609663677606,5.72645138625475));
#2105=CARTESIAN_POINT('',(3.41673518825553,12.7077663834448,5.72645138625475));
#2106=CARTESIAN_POINT('',(3.99390574825097,13.1162687025013,6.4335581674413));
#2107=CARTESIAN_POINT('',(3.99390574825097,13.1162687025013,6.4335581674413));
#2108=CARTESIAN_POINT('',(4.94712645603741,11.7694686868171,6.4335581674413));
#2109=CARTESIAN_POINT('',(4.94712645603741,11.7694686868171,6.4335581674413));
#2110=CARTESIAN_POINT('',(4.36995589604197,11.3609663677606,5.72645138625475));
#2111=CARTESIAN_POINT('',(4.36995589604197,11.3609663677606,5.72645138625475));
#2112=CARTESIAN_POINT('',(3.41673518825553,12.7077663834448,5.72645138625475));
#2113=CARTESIAN_POINT('',(4.94712645603742,11.7694686868171,6.43355816744129));
#2114=CARTESIAN_POINT('',(4.36995589604197,11.3609663677606,5.72645138625475));
#2115=CARTESIAN_POINT('',(4.94712645603741,11.7694686868171,6.4335581674413));
#2116=CARTESIAN_POINT('',(5.90034716382385,10.4226686711328,6.4335581674413));
#2117=CARTESIAN_POINT('',(5.32317660382841,10.0141663520763,5.72645138625475));
#2118=CARTESIAN_POINT('',(4.36995589604197,11.3609663677606,5.72645138625475));
#2119=CARTESIAN_POINT('',(4.94712645603741,11.7694686868171,6.4335581674413));
#2120=CARTESIAN_POINT('',(4.94712645603741,11.7694686868171,6.4335581674413));
#2121=CARTESIAN_POINT('',(5.90034716382385,10.4226686711328,6.4335581674413));
#2122=CARTESIAN_POINT('',(5.90034716382385,10.4226686711328,6.4335581674413));
#2123=CARTESIAN_POINT('',(5.32317660382841,10.0141663520763,5.72645138625475));
#2124=CARTESIAN_POINT('',(5.32317660382841,10.0141663520763,5.72645138625475));
#2125=CARTESIAN_POINT('',(4.36995589604197,11.3609663677606,5.72645138625475));
#2126=CARTESIAN_POINT('',(5.90034716382386,10.4226686711328,6.43355816744129));
#2127=CARTESIAN_POINT('',(5.32317660382841,10.0141663520763,5.72645138625475));
#2128=CARTESIAN_POINT('',(5.90034716382385,10.4226686711328,6.4335581674413));
#2129=CARTESIAN_POINT('',(6.8535678716103,9.07586865544856,6.4335581674413));
#2130=CARTESIAN_POINT('',(6.27639731161486,8.66736633639206,5.72645138625475));
#2131=CARTESIAN_POINT('',(5.32317660382841,10.0141663520763,5.72645138625475));
#2132=CARTESIAN_POINT('',(5.90034716382385,10.4226686711328,6.4335581674413));
#2133=CARTESIAN_POINT('',(5.90034716382385,10.4226686711328,6.4335581674413));
#2134=CARTESIAN_POINT('',(6.8535678716103,9.07586865544856,6.4335581674413));
#2135=CARTESIAN_POINT('',(6.8535678716103,9.07586865544856,6.4335581674413));
#2136=CARTESIAN_POINT('',(6.27639731161486,8.66736633639206,5.72645138625475));
#2137=CARTESIAN_POINT('',(6.27639731161486,8.66736633639206,5.72645138625475));
#2138=CARTESIAN_POINT('',(5.32317660382841,10.0141663520763,5.72645138625475));
#2139=CARTESIAN_POINT('',(6.85356787161454,9.07586865544257,6.43355816744129));
#2140=CARTESIAN_POINT('',(6.27639731161909,8.66736633638607,5.72645138625475));
#2141=CARTESIAN_POINT('',(6.85356787161453,9.07586865544258,6.4335581674413));
#2142=CARTESIAN_POINT('',(7.806788579401,7.72906863975831,6.4335581674413));
#2143=CARTESIAN_POINT('',(7.22961801940556,7.3205663207018,5.72645138625475));
#2144=CARTESIAN_POINT('',(6.27639731161909,8.66736633638607,5.72645138625475));
#2145=CARTESIAN_POINT('',(6.85356787161453,9.07586865544258,6.4335581674413));
#2146=CARTESIAN_POINT('',(6.85356787161453,9.07586865544258,6.4335581674413));
#2147=CARTESIAN_POINT('',(7.806788579401,7.72906863975831,6.4335581674413));
#2148=CARTESIAN_POINT('',(7.806788579401,7.72906863975831,6.4335581674413));
#2149=CARTESIAN_POINT('',(7.22961801940556,7.3205663207018,5.72645138625475));
#2150=CARTESIAN_POINT('',(7.22961801940556,7.3205663207018,5.72645138625475));
#2151=CARTESIAN_POINT('',(6.27639731161909,8.66736633638607,5.72645138625475));
#2152=CARTESIAN_POINT('',(7.80678857940101,7.7290686397583,6.43355816744129));
#2153=CARTESIAN_POINT('',(7.22961801940556,7.3205663207018,5.72645138625475));
#2154=CARTESIAN_POINT('',(7.806788579401,7.72906863975831,6.4335581674413));
#2155=CARTESIAN_POINT('',(8.76000928718744,6.38226862407406,6.4335581674413));
#2156=CARTESIAN_POINT('',(8.18283872719201,5.97376630501756,5.72645138625475));
#2157=CARTESIAN_POINT('',(7.22961801940556,7.3205663207018,5.72645138625475));
#2158=CARTESIAN_POINT('',(7.806788579401,7.72906863975831,6.4335581674413));
#2159=CARTESIAN_POINT('',(7.806788579401,7.72906863975831,6.4335581674413));
#2160=CARTESIAN_POINT('',(8.76000928718744,6.38226862407406,6.4335581674413));
#2161=CARTESIAN_POINT('',(8.76000928718744,6.38226862407406,6.4335581674413));
#2162=CARTESIAN_POINT('',(8.18283872719201,5.97376630501756,5.72645138625475));
#2163=CARTESIAN_POINT('',(8.18283872719201,5.97376630501756,5.72645138625475));
#2164=CARTESIAN_POINT('',(7.22961801940556,7.3205663207018,5.72645138625475));
#2165=CARTESIAN_POINT('',(8.76000928718745,6.38226862407407,6.43355816744129));
#2166=CARTESIAN_POINT('',(8.18283872719201,5.97376630501756,5.72645138625475));
#2167=CARTESIAN_POINT('',(8.76000928718744,6.38226862407406,6.4335581674413));
#2168=CARTESIAN_POINT('',(9.71322999497389,5.03546860838979,6.4335581674413));
#2169=CARTESIAN_POINT('',(9.13605943497845,4.6269662893333,5.72645138625475));
#2170=CARTESIAN_POINT('',(8.18283872719201,5.97376630501756,5.72645138625475));
#2171=CARTESIAN_POINT('',(8.76000928718744,6.38226862407406,6.4335581674413));
#2172=CARTESIAN_POINT('',(8.76000928718744,6.38226862407406,6.4335581674413));
#2173=CARTESIAN_POINT('',(9.71322999497389,5.03546860838979,6.4335581674413));
#2174=CARTESIAN_POINT('',(9.71322999497389,5.03546860838979,6.4335581674413));
#2175=CARTESIAN_POINT('',(9.13605943497845,4.6269662893333,5.72645138625475));
#2176=CARTESIAN_POINT('',(9.13605943497845,4.6269662893333,5.72645138625475));
#2177=CARTESIAN_POINT('',(8.18283872719201,5.97376630501756,5.72645138625475));
#2178=CARTESIAN_POINT('',(4.57107630824641,13.5247710215578,7.14066494862784));
#2179=CARTESIAN_POINT('',(3.99390574825097,13.1162687025013,6.4335581674413));
#2180=CARTESIAN_POINT('',(4.5710763082464,13.5247710215579,7.14066494862784));
#2181=CARTESIAN_POINT('',(5.52429701603285,12.1779710058736,7.14066494862784));
#2182=CARTESIAN_POINT('',(4.94712645603741,11.7694686868171,6.4335581674413));
#2183=CARTESIAN_POINT('',(3.99390574825097,13.1162687025013,6.4335581674413));
#2184=CARTESIAN_POINT('',(4.5710763082464,13.5247710215579,7.14066494862784));
#2185=CARTESIAN_POINT('',(4.5710763082464,13.5247710215579,7.14066494862784));
#2186=CARTESIAN_POINT('',(5.52429701603285,12.1779710058736,7.14066494862784));
#2187=CARTESIAN_POINT('',(5.52429701603285,12.1779710058736,7.14066494862784));
#2188=CARTESIAN_POINT('',(4.94712645603741,11.7694686868171,6.4335581674413));
#2189=CARTESIAN_POINT('',(4.94712645603741,11.7694686868171,6.4335581674413));
#2190=CARTESIAN_POINT('',(3.99390574825097,13.1162687025013,6.4335581674413));
#2191=CARTESIAN_POINT('',(5.52429701603285,12.1779710058736,7.14066494862784));
#2192=CARTESIAN_POINT('',(4.94712645603741,11.7694686868171,6.4335581674413));
#2193=CARTESIAN_POINT('',(5.52429701603285,12.1779710058736,7.14066494862784));
#2194=CARTESIAN_POINT('',(6.47751772381929,10.8311709901893,7.14066494862784));
#2195=CARTESIAN_POINT('',(5.90034716382385,10.4226686711328,6.4335581674413));
#2196=CARTESIAN_POINT('',(4.94712645603741,11.7694686868171,6.4335581674413));
#2197=CARTESIAN_POINT('',(5.52429701603285,12.1779710058736,7.14066494862784));
#2198=CARTESIAN_POINT('',(5.52429701603285,12.1779710058736,7.14066494862784));
#2199=CARTESIAN_POINT('',(6.47751772381929,10.8311709901893,7.14066494862784));
#2200=CARTESIAN_POINT('',(6.47751772381929,10.8311709901893,7.14066494862784));
#2201=CARTESIAN_POINT('',(5.90034716382385,10.4226686711328,6.4335581674413));
#2202=CARTESIAN_POINT('',(5.90034716382385,10.4226686711328,6.4335581674413));
#2203=CARTESIAN_POINT('',(4.94712645603741,11.7694686868171,6.4335581674413));
#2204=CARTESIAN_POINT('',(6.4775177238193,10.8311709901893,7.14066494862784));
#2205=CARTESIAN_POINT('',(5.90034716382385,10.4226686711328,6.4335581674413));
#2206=CARTESIAN_POINT('',(6.47751772381929,10.8311709901893,7.14066494862784));
#2207=CARTESIAN_POINT('',(7.43073843160573,9.48437097450507,7.14066494862784));
#2208=CARTESIAN_POINT('',(6.8535678716103,9.07586865544856,6.4335581674413));
#2209=CARTESIAN_POINT('',(5.90034716382385,10.4226686711328,6.4335581674413));
#2210=CARTESIAN_POINT('',(6.47751772381929,10.8311709901893,7.14066494862784));
#2211=CARTESIAN_POINT('',(6.47751772381929,10.8311709901893,7.14066494862784));
#2212=CARTESIAN_POINT('',(7.43073843160573,9.48437097450507,7.14066494862784));
#2213=CARTESIAN_POINT('',(7.43073843160573,9.48437097450507,7.14066494862784));
#2214=CARTESIAN_POINT('',(6.8535678716103,9.07586865544856,6.4335581674413));
#2215=CARTESIAN_POINT('',(6.8535678716103,9.07586865544856,6.4335581674413));
#2216=CARTESIAN_POINT('',(5.90034716382385,10.4226686711328,6.4335581674413));
#2217=CARTESIAN_POINT('',(7.43073843160997,9.48437097449908,7.14066494862784));
#2218=CARTESIAN_POINT('',(6.85356787161453,9.07586865544258,6.4335581674413));
#2219=CARTESIAN_POINT('',(7.43073843161,9.48437097449909,7.14066494862784));
#2220=CARTESIAN_POINT('',(8.38395913939644,8.13757095881482,7.14066494862784));
#2221=CARTESIAN_POINT('',(7.806788579401,7.72906863975831,6.4335581674413));
#2222=CARTESIAN_POINT('',(6.85356787161453,9.07586865544258,6.4335581674413));
#2223=CARTESIAN_POINT('',(7.43073843161,9.48437097449909,7.14066494862784));
#2224=CARTESIAN_POINT('',(7.43073843161,9.48437097449909,7.14066494862784));
#2225=CARTESIAN_POINT('',(8.38395913939644,8.13757095881482,7.14066494862784));
#2226=CARTESIAN_POINT('',(8.38395913939644,8.13757095881482,7.14066494862784));
#2227=CARTESIAN_POINT('',(7.806788579401,7.72906863975831,6.4335581674413));
#2228=CARTESIAN_POINT('',(7.806788579401,7.72906863975831,6.4335581674413));
#2229=CARTESIAN_POINT('',(6.85356787161453,9.07586865544258,6.4335581674413));
#2230=CARTESIAN_POINT('',(8.38395913939644,8.13757095881481,7.14066494862784));
#2231=CARTESIAN_POINT('',(7.806788579401,7.72906863975831,6.4335581674413));
#2232=CARTESIAN_POINT('',(8.38395913939644,8.13757095881482,7.14066494862784));
#2233=CARTESIAN_POINT('',(9.33717984718288,6.79077094313057,7.14066494862784));
#2234=CARTESIAN_POINT('',(8.76000928718744,6.38226862407406,6.4335581674413));
#2235=CARTESIAN_POINT('',(7.806788579401,7.72906863975831,6.4335581674413));
#2236=CARTESIAN_POINT('',(8.38395913939644,8.13757095881482,7.14066494862784));
#2237=CARTESIAN_POINT('',(8.38395913939644,8.13757095881482,7.14066494862784));
#2238=CARTESIAN_POINT('',(9.33717984718288,6.79077094313057,7.14066494862784));
#2239=CARTESIAN_POINT('',(9.33717984718288,6.79077094313057,7.14066494862784));
#2240=CARTESIAN_POINT('',(8.76000928718744,6.38226862407406,6.4335581674413));
#2241=CARTESIAN_POINT('',(8.76000928718744,6.38226862407406,6.4335581674413));
#2242=CARTESIAN_POINT('',(7.806788579401,7.72906863975831,6.4335581674413));
#2243=CARTESIAN_POINT('',(9.33717984718289,6.79077094313056,7.14066494862784));
#2244=CARTESIAN_POINT('',(8.76000928718744,6.38226862407406,6.4335581674413));
#2245=CARTESIAN_POINT('',(9.33717984718288,6.79077094313057,7.14066494862784));
#2246=CARTESIAN_POINT('',(10.2904005549693,5.4439709274463,7.14066494862784));
#2247=CARTESIAN_POINT('',(9.71322999497389,5.03546860838979,6.4335581674413));
#2248=CARTESIAN_POINT('',(8.76000928718744,6.38226862407406,6.4335581674413));
#2249=CARTESIAN_POINT('',(9.33717984718288,6.79077094313057,7.14066494862784));
#2250=CARTESIAN_POINT('',(9.33717984718288,6.79077094313057,7.14066494862784));
#2251=CARTESIAN_POINT('',(10.2904005549693,5.4439709274463,7.14066494862784));
#2252=CARTESIAN_POINT('',(10.2904005549693,5.4439709274463,7.14066494862784));
#2253=CARTESIAN_POINT('',(9.71322999497389,5.03546860838979,6.4335581674413));
#2254=CARTESIAN_POINT('',(9.71322999497389,5.03546860838979,6.4335581674413));
#2255=CARTESIAN_POINT('',(8.76000928718744,6.38226862407406,6.4335581674413));
#2256=CARTESIAN_POINT('',(17.7873169525795,5.80383946700639,-0.588381000000068));
#2257=CARTESIAN_POINT('',(14.3412802401281,3.36484814249854,9.14610000001436));
#2258=CARTESIAN_POINT('',(17.7201157946332,5.7562767000063,5.00664310860734));
#2259=CARTESIAN_POINT('',(10.9999999999999,1.00000000000004,5.05256737011163));
#2260=CARTESIAN_POINT('',(16.4390477821368,4.84957893985364,4.05500000000681));
#2261=CARTESIAN_POINT('',(15.5917881359051,4.24991645822709,4.0550000000068));
#2262=CARTESIAN_POINT('',(13.7519532029612,2.94774186915129,4.0550000000068));
#2263=CARTESIAN_POINT('',(12.9046935567295,2.34807938752476,4.0550000000068));
#2264=CARTESIAN_POINT('',(17.3818077931172,5.51683343530514,1.07500000000238));
#2265=CARTESIAN_POINT('',(12.8516377985358,2.31052826873314,1.07500000000237));
#2266=CARTESIAN_POINT('',(16.4390477821368,4.84957893985364,5.3350000000087));
#2267=CARTESIAN_POINT('',(15.7778914107999,4.38163422875779,5.3350000000087));
#2268=CARTESIAN_POINT('',(15.7778914107999,4.38163422875779,4.0550000000068));
#2269=CARTESIAN_POINT('',(15.591788135905,4.24991645822709,5.3350000000087));
#2270=CARTESIAN_POINT('',(14.9306072772951,3.78195441584563,5.3350000000087));
#2271=CARTESIAN_POINT('',(14.9306072772952,3.78195441584563,4.0550000000068));
#2272=CARTESIAN_POINT('',(13.7519532029612,2.94774186915132,5.3350000000087));
#2273=CARTESIAN_POINT('',(13.0907968316243,2.47979715805545,5.3350000000087));
#2274=CARTESIAN_POINT('',(13.0907968316243,2.47979715805545,4.0550000000068));
#2275=CARTESIAN_POINT('',(12.9046935567295,2.34807938752478,5.33500000000869));
#2276=CARTESIAN_POINT('',(12.2435371853926,1.88013467642891,5.33500000000869));
#2277=CARTESIAN_POINT('',(12.2435371853926,1.8801346764289,4.05500000000679));
#2278=CARTESIAN_POINT('',(17.3818077931171,5.51683343530514,2.27500000000416));
#2279=CARTESIAN_POINT('',(15.8309471689936,4.41918534754943,2.27500000000416));
#2280=CARTESIAN_POINT('',(15.8309471689936,4.41918534754943,1.07500000000238));
#2281=CARTESIAN_POINT('',(12.8516377985358,2.31052826873311,2.27500000000415));
#2282=CARTESIAN_POINT('',(11.3007771744122,1.21288018097741,2.27500000000415));
#2283=CARTESIAN_POINT('',(11.3007771744122,1.21288018097742,1.07500000000237));
#2284=CARTESIAN_POINT('',(17.7201157946332,5.75627670000627,4.52970994047064E-14));
#2285=CARTESIAN_POINT('',(11.,1.,2.8421709430404E-14));
#2286=CARTESIAN_POINT('',(14.3412802401281,3.36484814249854,9.14610000001436));
#2287=CARTESIAN_POINT('',(17.7201157946332,5.7562767000063,5.00664310860734));
#2288=CARTESIAN_POINT('',(17.7201157946332,5.7562767000063,5.00664310860734));
#2289=CARTESIAN_POINT('',(17.7201157946332,5.75627670000627,4.52970994047064E-14));
#2290=CARTESIAN_POINT('',(10.9999999999999,1.00000000000004,5.05256737011163));
#2291=CARTESIAN_POINT('',(14.3412802401281,3.36484814249854,9.14610000001436));
#2292=CARTESIAN_POINT('',(16.4390477821368,4.84957893985364,4.05500000000681));
#2293=CARTESIAN_POINT('',(15.7778914107999,4.38163422875779,4.0550000000068));
#2294=CARTESIAN_POINT('',(15.5917881359051,4.24991645822709,4.0550000000068));
#2295=CARTESIAN_POINT('',(14.9306072772952,3.78195441584563,4.0550000000068));
#2296=CARTESIAN_POINT('',(13.7519532029612,2.94774186915129,4.0550000000068));
#2297=CARTESIAN_POINT('',(13.0907968316243,2.47979715805545,4.0550000000068));
#2298=CARTESIAN_POINT('',(12.9046935567295,2.34807938752476,4.0550000000068));
#2299=CARTESIAN_POINT('',(12.2435371853926,1.8801346764289,4.05500000000679));
#2300=CARTESIAN_POINT('',(17.3818077931172,5.51683343530514,1.07500000000238));
#2301=CARTESIAN_POINT('',(15.8309471689936,4.41918534754943,1.07500000000238));
#2302=CARTESIAN_POINT('',(12.8516377985358,2.31052826873314,1.07500000000237));
#2303=CARTESIAN_POINT('',(11.3007771744122,1.21288018097742,1.07500000000237));
#2304=CARTESIAN_POINT('',(16.4390477821368,4.84957893985364,5.3350000000087));
#2305=CARTESIAN_POINT('',(16.4390477821368,4.84957893985364,4.05500000000681));
#2306=CARTESIAN_POINT('',(15.7778914107999,4.38163422875779,5.3350000000087));
#2307=CARTESIAN_POINT('',(16.4390477821368,4.84957893985364,5.3350000000087));
#2308=CARTESIAN_POINT('',(15.7778914107999,4.38163422875779,4.0550000000068));
#2309=CARTESIAN_POINT('',(15.7778914107999,4.38163422875779,5.3350000000087));
#2310=CARTESIAN_POINT('',(15.591788135905,4.24991645822709,5.3350000000087));
#2311=CARTESIAN_POINT('',(15.5917881359051,4.24991645822709,4.0550000000068));
#2312=CARTESIAN_POINT('',(14.9306072772951,3.78195441584563,5.3350000000087));
#2313=CARTESIAN_POINT('',(15.591788135905,4.24991645822709,5.3350000000087));
#2314=CARTESIAN_POINT('',(14.9306072772952,3.78195441584563,4.0550000000068));
#2315=CARTESIAN_POINT('',(14.9306072772951,3.78195441584563,5.3350000000087));
#2316=CARTESIAN_POINT('',(13.7519532029612,2.94774186915132,5.3350000000087));
#2317=CARTESIAN_POINT('',(13.7519532029612,2.94774186915129,4.0550000000068));
#2318=CARTESIAN_POINT('',(13.0907968316243,2.47979715805545,5.3350000000087));
#2319=CARTESIAN_POINT('',(13.7519532029612,2.94774186915132,5.3350000000087));
#2320=CARTESIAN_POINT('',(13.0907968316243,2.47979715805545,4.0550000000068));
#2321=CARTESIAN_POINT('',(13.0907968316243,2.47979715805545,5.3350000000087));
#2322=CARTESIAN_POINT('',(12.9046935567295,2.34807938752478,5.33500000000869));
#2323=CARTESIAN_POINT('',(12.9046935567295,2.34807938752476,4.0550000000068));
#2324=CARTESIAN_POINT('',(12.2435371853926,1.88013467642891,5.33500000000869));
#2325=CARTESIAN_POINT('',(12.9046935567295,2.34807938752478,5.33500000000869));
#2326=CARTESIAN_POINT('',(12.2435371853926,1.8801346764289,4.05500000000679));
#2327=CARTESIAN_POINT('',(12.2435371853926,1.88013467642891,5.33500000000869));
#2328=CARTESIAN_POINT('',(17.3818077931171,5.51683343530514,2.27500000000416));
#2329=CARTESIAN_POINT('',(17.3818077931172,5.51683343530514,1.07500000000238));
#2330=CARTESIAN_POINT('',(15.8309471689936,4.41918534754943,2.27500000000416));
#2331=CARTESIAN_POINT('',(17.3818077931171,5.51683343530514,2.27500000000416));
#2332=CARTESIAN_POINT('',(15.8309471689936,4.41918534754943,1.07500000000238));
#2333=CARTESIAN_POINT('',(15.8309471689936,4.41918534754943,2.27500000000416));
#2334=CARTESIAN_POINT('',(12.8516377985358,2.31052826873311,2.27500000000415));
#2335=CARTESIAN_POINT('',(12.8516377985358,2.31052826873314,1.07500000000237));
#2336=CARTESIAN_POINT('',(11.3007771744122,1.21288018097741,2.27500000000415));
#2337=CARTESIAN_POINT('',(12.8516377985358,2.31052826873311,2.27500000000415));
#2338=CARTESIAN_POINT('',(11.3007771744122,1.21288018097742,1.07500000000237));
#2339=CARTESIAN_POINT('',(11.3007771744122,1.21288018097741,2.27500000000415));
#2340=CARTESIAN_POINT('',(17.7201157946332,5.75627670000627,4.52970994047064E-14));
#2341=CARTESIAN_POINT('',(11.,1.,2.8421709430404E-14));
#2342=CARTESIAN_POINT('',(11.,1.,2.8421709430404E-14));
#2343=CARTESIAN_POINT('',(10.9999999999999,1.00000000000004,5.05256737011163));
#2344=CARTESIAN_POINT('',(3.37827252724102,11.7686945908781,-0.491999999999924));
#2345=CARTESIAN_POINT('',(3.37827252724102,11.7686945908781,-0.491999999999924));
#2346=CARTESIAN_POINT('',(11.,1.,-0.491999999999924));
#2347=CARTESIAN_POINT('',(17.7201157946332,5.75627670000628,-0.491999999999924));
#2348=CARTESIAN_POINT('',(10.0983883218742,16.5249712908844,-0.491999999999924));
#2349=CARTESIAN_POINT('',(3.37827252724102,11.7686945908781,-0.491999999999924));
#2350=CARTESIAN_POINT('',(11.,1.,-0.491999999999924));
#2351=CARTESIAN_POINT('',(11.,1.,-0.491999999999924));
#2352=CARTESIAN_POINT('',(17.7201157946332,5.75627670000628,-0.491999999999924));
#2353=CARTESIAN_POINT('',(17.7201157946332,5.75627670000628,-0.491999999999924));
#2354=CARTESIAN_POINT('',(10.0983883218742,16.5249712908844,-0.491999999999924));
#2355=CARTESIAN_POINT('',(10.0983883218742,16.5249712908844,-0.491999999999924));
#2356=CARTESIAN_POINT('',(3.37827252724102,11.7686945908781,-0.491999999999924));
#2357=CARTESIAN_POINT('',(15.777892395753,4.38163422875779,4.05500000000681));
#2358=CARTESIAN_POINT('',(15.777892395753,4.38163422875779,4.05500000000681));
#2359=CARTESIAN_POINT('',(16.4390487670899,4.84957893985364,4.0550000000068));
#2360=CARTESIAN_POINT('',(16.4390487670899,4.84957893985364,5.3350000000087));
#2361=CARTESIAN_POINT('',(15.777892395753,4.38163422875779,5.3350000000087));
#2362=CARTESIAN_POINT('',(15.777892395753,4.38163422875779,4.05500000000681));
#2363=CARTESIAN_POINT('',(16.4390487670899,4.84957893985364,4.0550000000068));
#2364=CARTESIAN_POINT('',(16.4390487670899,4.84957893985364,4.0550000000068));
#2365=CARTESIAN_POINT('',(16.4390487670899,4.84957893985364,5.3350000000087));
#2366=CARTESIAN_POINT('',(16.4390487670899,4.84957893985364,5.3350000000087));
#2367=CARTESIAN_POINT('',(15.777892395753,4.38163422875779,5.3350000000087));
#2368=CARTESIAN_POINT('',(15.777892395753,4.38163422875779,5.3350000000087));
#2369=CARTESIAN_POINT('',(15.777892395753,4.38163422875779,4.05500000000681));
#2370=CARTESIAN_POINT('',(14.9306074333212,3.78195557584578,4.0550000000068));
#2371=CARTESIAN_POINT('',(14.9306074333212,3.78195557584578,4.0550000000068));
#2372=CARTESIAN_POINT('',(15.5917882919311,4.24991761822724,4.0550000000068));
#2373=CARTESIAN_POINT('',(15.5917882919312,4.24991761822724,5.3350000000087));
#2374=CARTESIAN_POINT('',(14.9306074333212,3.78195557584578,5.3350000000087));
#2375=CARTESIAN_POINT('',(14.9306074333212,3.78195557584578,4.0550000000068));
#2376=CARTESIAN_POINT('',(15.5917882919311,4.24991761822724,4.0550000000068));
#2377=CARTESIAN_POINT('',(15.5917882919311,4.24991761822724,4.0550000000068));
#2378=CARTESIAN_POINT('',(15.5917882919312,4.24991761822724,5.3350000000087));
#2379=CARTESIAN_POINT('',(15.5917882919312,4.24991761822724,5.3350000000087));
#2380=CARTESIAN_POINT('',(14.9306074333212,3.78195557584578,5.3350000000087));
#2381=CARTESIAN_POINT('',(14.9306074333212,3.78195557584578,5.3350000000087));
#2382=CARTESIAN_POINT('',(14.9306074333212,3.78195557584578,4.0550000000068));
#2383=CARTESIAN_POINT('',(13.0907964706421,2.47979569435122,4.0550000000068));
#2384=CARTESIAN_POINT('',(13.0907964706421,2.47979569435122,4.0550000000068));
#2385=CARTESIAN_POINT('',(13.751952841979,2.94774040544706,4.0550000000068));
#2386=CARTESIAN_POINT('',(13.751952841979,2.94774040544706,5.3350000000087));
#2387=CARTESIAN_POINT('',(13.0907964706421,2.4797956943512,5.3350000000087));
#2388=CARTESIAN_POINT('',(13.0907964706421,2.47979569435122,4.0550000000068));
#2389=CARTESIAN_POINT('',(13.751952841979,2.94774040544706,4.0550000000068));
#2390=CARTESIAN_POINT('',(13.751952841979,2.94774040544706,4.0550000000068));
#2391=CARTESIAN_POINT('',(13.751952841979,2.94774040544706,5.3350000000087));
#2392=CARTESIAN_POINT('',(13.751952841979,2.94774040544706,5.3350000000087));
#2393=CARTESIAN_POINT('',(13.0907964706421,2.4797956943512,5.3350000000087));
#2394=CARTESIAN_POINT('',(13.0907964706421,2.4797956943512,5.3350000000087));
#2395=CARTESIAN_POINT('',(13.0907964706421,2.47979569435122,4.0550000000068));
#2396=CARTESIAN_POINT('',(12.2435369491577,1.88013291358949,4.0550000000068));
#2397=CARTESIAN_POINT('',(12.2435369491577,1.88013291358949,4.0550000000068));
#2398=CARTESIAN_POINT('',(12.9046933204946,2.34807762468536,4.05500000000679));
#2399=CARTESIAN_POINT('',(12.9046933204946,2.34807762468534,5.33500000000869));
#2400=CARTESIAN_POINT('',(12.2435369491577,1.88013291358948,5.33500000000869));
#2401=CARTESIAN_POINT('',(12.2435369491577,1.88013291358949,4.0550000000068));
#2402=CARTESIAN_POINT('',(12.9046933204946,2.34807762468536,4.05500000000679));
#2403=CARTESIAN_POINT('',(12.9046933204946,2.34807762468536,4.05500000000679));
#2404=CARTESIAN_POINT('',(12.9046933204946,2.34807762468534,5.33500000000869));
#2405=CARTESIAN_POINT('',(12.9046933204946,2.34807762468534,5.33500000000869));
#2406=CARTESIAN_POINT('',(12.2435369491577,1.88013291358948,5.33500000000869));
#2407=CARTESIAN_POINT('',(12.2435369491577,1.88013291358948,5.33500000000869));
#2408=CARTESIAN_POINT('',(12.2435369491577,1.88013291358949,4.0550000000068));
#2409=CARTESIAN_POINT('',(15.8309469223022,4.4191837310791,1.07500000000238));
#2410=CARTESIAN_POINT('',(15.8309469223022,4.4191837310791,1.07500000000238));
#2411=CARTESIAN_POINT('',(17.3818075464258,5.51683181883481,1.07500000000238));
#2412=CARTESIAN_POINT('',(17.3818075464258,5.51683181883481,2.27500000000416));
#2413=CARTESIAN_POINT('',(15.8309469223023,4.4191837310791,2.27500000000416));
#2414=CARTESIAN_POINT('',(15.8309469223022,4.4191837310791,1.07500000000238));
#2415=CARTESIAN_POINT('',(17.3818075464258,5.51683181883481,1.07500000000238));
#2416=CARTESIAN_POINT('',(17.3818075464258,5.51683181883481,1.07500000000238));
#2417=CARTESIAN_POINT('',(17.3818075464258,5.51683181883481,2.27500000000416));
#2418=CARTESIAN_POINT('',(17.3818075464258,5.51683181883481,2.27500000000416));
#2419=CARTESIAN_POINT('',(15.8309469223023,4.4191837310791,2.27500000000416));
#2420=CARTESIAN_POINT('',(15.8309469223023,4.4191837310791,2.27500000000416));
#2421=CARTESIAN_POINT('',(15.8309469223022,4.4191837310791,1.07500000000238));
#2422=CARTESIAN_POINT('',(11.3007772161474,1.21288185952515,1.07500000000237));
#2423=CARTESIAN_POINT('',(11.3007772161474,1.21288185952515,1.07500000000237));
#2424=CARTESIAN_POINT('',(12.851637840271,2.31052994728087,1.07500000000237));
#2425=CARTESIAN_POINT('',(12.851637840271,2.31052994728088,2.27500000000415));
#2426=CARTESIAN_POINT('',(11.3007772161474,1.21288185952518,2.27500000000415));
#2427=CARTESIAN_POINT('',(11.3007772161474,1.21288185952515,1.07500000000237));
#2428=CARTESIAN_POINT('',(12.851637840271,2.31052994728087,1.07500000000237));
#2429=CARTESIAN_POINT('',(12.851637840271,2.31052994728087,1.07500000000237));
#2430=CARTESIAN_POINT('',(12.851637840271,2.31052994728088,2.27500000000415));
#2431=CARTESIAN_POINT('',(12.851637840271,2.31052994728088,2.27500000000415));
#2432=CARTESIAN_POINT('',(11.3007772161474,1.21288185952518,2.27500000000415));
#2433=CARTESIAN_POINT('',(11.3007772161474,1.21288185952518,2.27500000000415));
#2434=CARTESIAN_POINT('',(11.3007772161474,1.21288185952515,1.07500000000237));
#2435=CARTESIAN_POINT('',(6.10328902804316,13.6973720458738,3.19200000000553));
#2436=CARTESIAN_POINT('',(6.10328902804316,13.6973720458738,3.19200000000553));
#2437=CARTESIAN_POINT('',(4.67486476898193,12.6863803860988,3.19200000000553));
#2438=CARTESIAN_POINT('',(4.67486476898193,12.6863803860988,5.40500000000881));
#2439=CARTESIAN_POINT('',(6.10328902804316,13.6973720458738,5.40500000000881));
#2440=CARTESIAN_POINT('',(6.10328902804316,13.6973720458738,3.19200000000553));
#2441=CARTESIAN_POINT('',(4.67486476898193,12.6863803860988,3.19200000000553));
#2442=CARTESIAN_POINT('',(4.67486476898193,12.6863803860988,3.19200000000553));
#2443=CARTESIAN_POINT('',(4.67486476898193,12.6863803860988,5.40500000000881));
#2444=CARTESIAN_POINT('',(4.67486476898193,12.6863803860988,5.40500000000881));
#2445=CARTESIAN_POINT('',(6.10328902804316,13.6973720458738,5.40500000000881));
#2446=CARTESIAN_POINT('',(6.10328902804316,13.6973720458738,5.40500000000881));
#2447=CARTESIAN_POINT('',(6.10328902804316,13.6973720458738,3.19200000000553));
#2448=CARTESIAN_POINT('',(8.7642387350744,15.5807033449557,3.19200000000553));
#2449=CARTESIAN_POINT('',(8.7642387350744,15.5807033449557,3.19200000000553));
#2450=CARTESIAN_POINT('',(7.33581447601321,14.5697116851807,3.19200000000553));
#2451=CARTESIAN_POINT('',(7.33581447601319,14.5697116851807,5.40500000000881));
#2452=CARTESIAN_POINT('',(8.7642387350744,15.5807033449557,5.40500000000881));
#2453=CARTESIAN_POINT('',(8.7642387350744,15.5807033449557,3.19200000000553));
#2454=CARTESIAN_POINT('',(7.33581447601321,14.5697116851807,3.19200000000553));
#2455=CARTESIAN_POINT('',(7.33581447601321,14.5697116851807,3.19200000000553));
#2456=CARTESIAN_POINT('',(7.33581447601319,14.5697116851807,5.40500000000881));
#2457=CARTESIAN_POINT('',(7.33581447601319,14.5697116851807,5.40500000000881));
#2458=CARTESIAN_POINT('',(8.7642387350744,15.5807033449557,5.40500000000881));
#2459=CARTESIAN_POINT('',(8.7642387350744,15.5807033449557,5.40500000000881));
#2460=CARTESIAN_POINT('',(8.7642387350744,15.5807033449557,3.19200000000553));
#2461=CARTESIAN_POINT('',(9.51926956807492,16.1150857734563,0.0740000000009031));
#2462=CARTESIAN_POINT('',(9.51926956807492,16.1150857734563,0.0740000000009031));
#2463=CARTESIAN_POINT('',(7.33582105779564,14.5697128078003,0.0740000000009031));
#2464=CARTESIAN_POINT('',(7.33582105779564,14.5697128078003,2.66500000000476));
#2465=CARTESIAN_POINT('',(9.51926956807492,16.1150857734563,2.66500000000476));
#2466=CARTESIAN_POINT('',(9.51926956807492,16.1150857734563,0.0740000000009031));
#2467=CARTESIAN_POINT('',(7.33582105779564,14.5697128078003,0.0740000000009031));
#2468=CARTESIAN_POINT('',(7.33582105779564,14.5697128078003,0.0740000000009031));
#2469=CARTESIAN_POINT('',(7.33582105779564,14.5697128078003,2.66500000000476));
#2470=CARTESIAN_POINT('',(7.33582105779564,14.5697128078003,2.66500000000476));
#2471=CARTESIAN_POINT('',(9.51926956807492,16.1150857734563,2.66500000000476));
#2472=CARTESIAN_POINT('',(9.51926956807492,16.1150857734563,2.66500000000476));
#2473=CARTESIAN_POINT('',(9.51926956807492,16.1150857734563,0.0740000000009031));
#2474=CARTESIAN_POINT('',(6.10328972988856,13.6973714855535,0.0740000000009031));
#2475=CARTESIAN_POINT('',(6.10328972988856,13.6973714855535,0.0740000000009031));
#2476=CARTESIAN_POINT('',(3.91984121960929,12.1519985198975,0.0740000000009031));
#2477=CARTESIAN_POINT('',(3.91984121960929,12.1519985198975,2.66500000000476));
#2478=CARTESIAN_POINT('',(6.10328972988856,13.6973714855535,2.66500000000476));
#2479=CARTESIAN_POINT('',(6.10328972988856,13.6973714855535,0.0740000000009031));
#2480=CARTESIAN_POINT('',(3.91984121960929,12.1519985198975,0.0740000000009031));
#2481=CARTESIAN_POINT('',(3.91984121960929,12.1519985198975,0.0740000000009031));
#2482=CARTESIAN_POINT('',(3.91984121960929,12.1519985198975,2.66500000000476));
#2483=CARTESIAN_POINT('',(3.91984121960929,12.1519985198975,2.66500000000476));
#2484=CARTESIAN_POINT('',(6.10328972988856,13.6973714855535,2.66500000000476));
#2485=CARTESIAN_POINT('',(6.10328972988856,13.6973714855535,2.66500000000476));
#2486=CARTESIAN_POINT('',(6.10328972988856,13.6973714855535,0.0740000000009031));
#2487=CARTESIAN_POINT('',(10.9327978883794,0.952435948414135,-0.588381000000068));
#2488=CARTESIAN_POINT('',(10.9999990463257,0.999998715414252,-0.491999999999924));
#2489=CARTESIAN_POINT('',(17.7201148409589,5.75627541542054,-0.49199999999994));
#2490=CARTESIAN_POINT('',(10.9999990463257,0.999998715414252,4.52970994047064E-14));
#2491=CARTESIAN_POINT('',(17.7201148409589,5.75627541542054,2.8421709430404E-14));
#2492=CARTESIAN_POINT('',(10.9999990463257,0.999998715414252,-0.491999999999924));
#2493=CARTESIAN_POINT('',(17.7201148409589,5.75627541542054,-0.49199999999994));
#2494=CARTESIAN_POINT('',(17.7201148409589,5.75627541542054,-0.49199999999994));
#2495=CARTESIAN_POINT('',(17.7201148409589,5.75627541542054,2.8421709430404E-14));
#2496=CARTESIAN_POINT('',(10.9999990463257,0.999998715414252,4.52970994047064E-14));
#2497=CARTESIAN_POINT('',(17.7201148409589,5.75627541542054,2.8421709430404E-14));
#2498=CARTESIAN_POINT('',(10.9999990463257,0.999998715414252,4.52970994047064E-14));
#2499=CARTESIAN_POINT('',(10.9999990463257,0.999998715414252,-0.491999999999924));
#2500=CARTESIAN_POINT('',(10.0983883218743,16.5249712908845,5.00664310860733));
#2501=CARTESIAN_POINT('',(6.71955276736927,14.1335427333767,9.14610000001439));
#2502=CARTESIAN_POINT('',(14.3412802401282,3.36484814249854,9.1461000000144));
#2503=CARTESIAN_POINT('',(10.0983883218743,16.5249712908845,5.00664310860733));
#2504=CARTESIAN_POINT('',(17.7201157946332,5.75627670000628,5.00664310860734));
#2505=CARTESIAN_POINT('',(6.71955276736927,14.1335427333767,9.14610000001439));
#2506=CARTESIAN_POINT('',(14.3412802401282,3.36484814249854,9.1461000000144));
#2507=CARTESIAN_POINT('',(10.0983883218743,16.5249712908845,5.00664310860733));
#2508=CARTESIAN_POINT('',(17.7201157946332,5.75627670000628,5.00664310860734));
#2509=CARTESIAN_POINT('',(10.0983883218743,16.5249712908845,5.00664310860733));
#2510=CARTESIAN_POINT('',(6.71955276736927,14.1335427333767,9.14610000001439));
#2511=CARTESIAN_POINT('',(17.7201157946332,5.75627670000628,5.00664310860734));
#2512=CARTESIAN_POINT('',(14.3412802401282,3.36484814249854,9.1461000000144));
#2513=CARTESIAN_POINT('',(14.4499852803058,10.3766251586682,0.0260000000000273));
#2514=CARTESIAN_POINT('',(14.4499852803058,10.3766251586682,0.0260000000000273));
#2515=CARTESIAN_POINT('',(13.5372042389089,11.6662882039921,0.0260000000000273));
#2516=CARTESIAN_POINT('',(13.5372042389089,11.6662882039921,2.42420000000359));
#2517=CARTESIAN_POINT('',(14.4499852803058,10.3766251586682,2.42420000000359));
#2518=CARTESIAN_POINT('',(14.4499852803058,10.3766251586682,0.0260000000000273));
#2519=CARTESIAN_POINT('',(13.5372042389089,11.6662882039921,0.0260000000000273));
#2520=CARTESIAN_POINT('',(13.5372042389089,11.6662882039921,0.0260000000000273));
#2521=CARTESIAN_POINT('',(13.5372042389089,11.6662882039921,2.42420000000359));
#2522=CARTESIAN_POINT('',(13.5372042389089,11.6662882039921,2.42420000000359));
#2523=CARTESIAN_POINT('',(14.4499852803058,10.3766251586682,2.42420000000359));
#2524=CARTESIAN_POINT('',(14.4499852803058,10.3766251586682,2.42420000000359));
#2525=CARTESIAN_POINT('',(14.4499852803058,10.3766251586682,0.0260000000000273));
#2526=CARTESIAN_POINT('',(15.8590187992722,8.38580986275383,0.0150000000000174));
#2527=CARTESIAN_POINT('',(15.8590187992722,8.38580986275383,0.0150000000000174));
#2528=CARTESIAN_POINT('',(15.2327816797316,9.27061666093802,0.0150000000000174));
#2529=CARTESIAN_POINT('',(15.2327816797316,9.27061666093802,2.41800000000358));
#2530=CARTESIAN_POINT('',(15.8590187992722,8.38580986275383,2.41800000000358));
#2531=CARTESIAN_POINT('',(15.8590187992722,8.38580986275383,0.0150000000000174));
#2532=CARTESIAN_POINT('',(15.2327816797316,9.27061666093802,0.0150000000000174));
#2533=CARTESIAN_POINT('',(15.2327816797316,9.27061666093802,0.0150000000000174));
#2534=CARTESIAN_POINT('',(15.2327816797316,9.27061666093802,2.41800000000358));
#2535=CARTESIAN_POINT('',(15.2327816797316,9.27061666093802,2.41800000000358));
#2536=CARTESIAN_POINT('',(15.8590187992722,8.38580986275383,2.41800000000358));
#2537=CARTESIAN_POINT('',(15.8590187992722,8.38580986275383,2.41800000000358));
#2538=CARTESIAN_POINT('',(15.8590187992722,8.38580986275383,0.0150000000000174));
#2539=CARTESIAN_POINT('',(17.7201157946332,5.75627670000626,-0.491999999999924));
#2540=CARTESIAN_POINT('',(10.0983883218743,16.5249712908844,5.00664310860733));
#2541=CARTESIAN_POINT('',(17.7201157946332,5.75627670000627,5.00664310860733));
#2542=CARTESIAN_POINT('',(15.8590187992722,8.38580986275383,0.0150000000000174));
#2543=CARTESIAN_POINT('',(14.4499852803058,10.3766251586682,0.0260000000000273));
#2544=CARTESIAN_POINT('',(15.8590187992722,8.38580986275383,2.41800000000358));
#2545=CARTESIAN_POINT('',(15.2327816797316,9.27061666093802,2.41800000000358));
#2546=CARTESIAN_POINT('',(15.2327816797316,9.27061666093802,0.0150000000000174));
#2547=CARTESIAN_POINT('',(14.4499852803058,10.3766251586682,2.42420000000359));
#2548=CARTESIAN_POINT('',(13.5372042389089,11.6662882039921,2.42420000000359));
#2549=CARTESIAN_POINT('',(13.5372042389089,11.6662882039921,0.0260000000000273));
#2550=CARTESIAN_POINT('',(17.7201157946332,5.75627670000627,3.10862446895044E-14));
#2551=CARTESIAN_POINT('',(10.0983883218742,16.5249712908844,3.10862446895044E-14));
#2552=CARTESIAN_POINT('',(10.0983883218743,16.5249712908844,5.00664310860733));
#2553=CARTESIAN_POINT('',(17.7201157946332,5.75627670000627,5.00664310860733));
#2554=CARTESIAN_POINT('',(17.7201157946332,5.75627670000627,5.00664310860733));
#2555=CARTESIAN_POINT('',(17.7201157946332,5.75627670000627,3.10862446895044E-14));
#2556=CARTESIAN_POINT('',(15.8590187992722,8.38580986275383,0.0150000000000174));
#2557=CARTESIAN_POINT('',(15.2327816797316,9.27061666093802,0.0150000000000174));
#2558=CARTESIAN_POINT('',(14.4499852803058,10.3766251586682,0.0260000000000273));
#2559=CARTESIAN_POINT('',(13.5372042389089,11.6662882039921,0.0260000000000273));
#2560=CARTESIAN_POINT('',(15.8590187992722,8.38580986275383,2.41800000000358));
#2561=CARTESIAN_POINT('',(15.8590187992722,8.38580986275383,0.0150000000000174));
#2562=CARTESIAN_POINT('',(15.2327816797316,9.27061666093802,2.41800000000358));
#2563=CARTESIAN_POINT('',(15.8590187992722,8.38580986275383,2.41800000000358));
#2564=CARTESIAN_POINT('',(15.2327816797316,9.27061666093802,0.0150000000000174));
#2565=CARTESIAN_POINT('',(15.2327816797316,9.27061666093802,2.41800000000358));
#2566=CARTESIAN_POINT('',(14.4499852803058,10.3766251586682,2.42420000000359));
#2567=CARTESIAN_POINT('',(14.4499852803058,10.3766251586682,0.0260000000000273));
#2568=CARTESIAN_POINT('',(13.5372042389089,11.6662882039921,2.42420000000359));
#2569=CARTESIAN_POINT('',(14.4499852803058,10.3766251586682,2.42420000000359));
#2570=CARTESIAN_POINT('',(13.5372042389089,11.6662882039921,0.0260000000000273));
#2571=CARTESIAN_POINT('',(13.5372042389089,11.6662882039921,2.42420000000359));
#2572=CARTESIAN_POINT('',(17.7201157946332,5.75627670000627,3.10862446895044E-14));
#2573=CARTESIAN_POINT('',(10.0983883218742,16.5249712908844,3.10862446895044E-14));
#2574=CARTESIAN_POINT('',(10.0983883218742,16.5249712908844,3.10862446895044E-14));
#2575=CARTESIAN_POINT('',(10.0983883218743,16.5249712908844,5.00664310860733));
#2576=CARTESIAN_POINT('',(17.7201157946332,5.75627670000626,-0.491999999999924));
#2577=CARTESIAN_POINT('',(17.7201157946332,5.75627670000627,-0.491999999999924));
#2578=CARTESIAN_POINT('',(10.0983883218742,16.5249712908844,-0.491999999999924));
#2579=CARTESIAN_POINT('',(17.7201157946332,5.75627670000627,3.10862446895044E-14));
#2580=CARTESIAN_POINT('',(10.0983883218742,16.5249712908844,3.10862446895044E-14));
#2581=CARTESIAN_POINT('',(17.7201157946332,5.75627670000627,-0.491999999999924));
#2582=CARTESIAN_POINT('',(10.0983883218742,16.5249712908844,-0.491999999999924));
#2583=CARTESIAN_POINT('',(10.0983883218742,16.5249712908844,-0.491999999999924));
#2584=CARTESIAN_POINT('',(10.0983883218742,16.5249712908844,3.10862446895044E-14));
#2585=CARTESIAN_POINT('',(17.7201157946332,5.75627670000627,3.10862446895044E-14));
#2586=CARTESIAN_POINT('',(10.0983883218742,16.5249712908844,3.10862446895044E-14));
#2587=CARTESIAN_POINT('',(17.7201157946332,5.75627670000627,3.10862446895044E-14));
#2588=CARTESIAN_POINT('',(17.7201157946332,5.75627670000627,-0.491999999999924));
#2589=CARTESIAN_POINT('',(3.31107136929472,11.7211318238781,9.24248100001452));
#2590=CARTESIAN_POINT('',(6.71955276736927,14.1335427333766,9.14610000001437));
#2591=CARTESIAN_POINT('',(10.0983883218743,16.5249712908844,5.00664310860734));
#2592=CARTESIAN_POINT('',(3.37827252724102,11.7686945908782,5.05256737011165));
#2593=CARTESIAN_POINT('',(3.91984121960928,12.1519990802177,0.0740000000009031));
#2594=CARTESIAN_POINT('',(4.67486547082734,12.6863803860988,3.19200000000553));
#2595=CARTESIAN_POINT('',(7.33581580484989,14.5697134208796,3.19200000000553));
#2596=CARTESIAN_POINT('',(7.33581580484989,14.5697134208796,0.0740000000009031));
#2597=CARTESIAN_POINT('',(3.91984121960928,12.1519990802177,2.66500000000476));
#2598=CARTESIAN_POINT('',(6.10328972988856,13.6973720458738,2.66500000000476));
#2599=CARTESIAN_POINT('',(6.10328972988856,13.6973720458738,0.0740000000009031));
#2600=CARTESIAN_POINT('',(4.67486547082734,12.6863803860988,5.40500000000881));
#2601=CARTESIAN_POINT('',(6.10328972988856,13.6973720458738,5.40500000000881));
#2602=CARTESIAN_POINT('',(6.10328972988856,13.6973720458738,3.19200000000553));
#2603=CARTESIAN_POINT('',(7.33581580484989,14.5697134208796,5.40500000000881));
#2604=CARTESIAN_POINT('',(8.7642400639111,15.5807050806546,5.40500000000881));
#2605=CARTESIAN_POINT('',(8.76424006391107,15.5807050806546,3.19200000000553));
#2606=CARTESIAN_POINT('',(7.33581580484989,14.5697134208796,2.66500000000476));
#2607=CARTESIAN_POINT('',(9.51926431512916,16.1150863865356,2.66500000000476));
#2608=CARTESIAN_POINT('',(9.51926431512916,16.1150863865356,0.0740000000009031));
#2609=CARTESIAN_POINT('',(10.0983883218742,16.5249712908844,3.10862446895044E-14));
#2610=CARTESIAN_POINT('',(3.37827252724099,11.7686945908782,3.81916720471054E-14));
#2611=CARTESIAN_POINT('',(6.71955276736927,14.1335427333766,9.14610000001437));
#2612=CARTESIAN_POINT('',(10.0983883218743,16.5249712908844,5.00664310860734));
#2613=CARTESIAN_POINT('',(10.0983883218743,16.5249712908844,5.00664310860734));
#2614=CARTESIAN_POINT('',(10.0983883218742,16.5249712908844,3.10862446895044E-14));
#2615=CARTESIAN_POINT('',(3.37827252724102,11.7686945908782,5.05256737011165));
#2616=CARTESIAN_POINT('',(6.71955276736927,14.1335427333766,9.14610000001437));
#2617=CARTESIAN_POINT('',(3.91984121960928,12.1519990802177,0.0740000000009031));
#2618=CARTESIAN_POINT('',(6.10328972988856,13.6973720458738,0.0740000000009031));
#2619=CARTESIAN_POINT('',(4.67486547082734,12.6863803860988,3.19200000000553));
#2620=CARTESIAN_POINT('',(6.10328972988856,13.6973720458738,3.19200000000553));
#2621=CARTESIAN_POINT('',(7.33581580484989,14.5697134208796,3.19200000000553));
#2622=CARTESIAN_POINT('',(8.76424006391107,15.5807050806546,3.19200000000553));
#2623=CARTESIAN_POINT('',(7.33581580484989,14.5697134208796,0.0740000000009031));
#2624=CARTESIAN_POINT('',(9.51926431512916,16.1150863865356,0.0740000000009031));
#2625=CARTESIAN_POINT('',(3.91984121960928,12.1519990802177,2.66500000000476));
#2626=CARTESIAN_POINT('',(3.91984121960928,12.1519990802177,0.0740000000009031));
#2627=CARTESIAN_POINT('',(6.10328972988856,13.6973720458738,2.66500000000476));
#2628=CARTESIAN_POINT('',(3.91984121960928,12.1519990802177,2.66500000000476));
#2629=CARTESIAN_POINT('',(6.10328972988856,13.6973720458738,0.0740000000009031));
#2630=CARTESIAN_POINT('',(6.10328972988856,13.6973720458738,2.66500000000476));
#2631=CARTESIAN_POINT('',(4.67486547082734,12.6863803860988,5.40500000000881));
#2632=CARTESIAN_POINT('',(4.67486547082734,12.6863803860988,3.19200000000553));
#2633=CARTESIAN_POINT('',(6.10328972988856,13.6973720458738,5.40500000000881));
#2634=CARTESIAN_POINT('',(4.67486547082734,12.6863803860988,5.40500000000881));
#2635=CARTESIAN_POINT('',(6.10328972988856,13.6973720458738,3.19200000000553));
#2636=CARTESIAN_POINT('',(6.10328972988856,13.6973720458738,5.40500000000881));
#2637=CARTESIAN_POINT('',(7.33581580484989,14.5697134208796,5.40500000000881));
#2638=CARTESIAN_POINT('',(7.33581580484989,14.5697134208796,3.19200000000553));
#2639=CARTESIAN_POINT('',(8.7642400639111,15.5807050806546,5.40500000000881));
#2640=CARTESIAN_POINT('',(7.33581580484989,14.5697134208796,5.40500000000881));
#2641=CARTESIAN_POINT('',(8.76424006391107,15.5807050806546,3.19200000000553));
#2642=CARTESIAN_POINT('',(8.7642400639111,15.5807050806546,5.40500000000881));
#2643=CARTESIAN_POINT('',(7.33581580484989,14.5697134208796,2.66500000000476));
#2644=CARTESIAN_POINT('',(7.33581580484989,14.5697134208796,0.0740000000009031));
#2645=CARTESIAN_POINT('',(9.51926431512916,16.1150863865356,2.66500000000476));
#2646=CARTESIAN_POINT('',(7.33581580484989,14.5697134208796,2.66500000000476));
#2647=CARTESIAN_POINT('',(9.51926431512916,16.1150863865356,0.0740000000009031));
#2648=CARTESIAN_POINT('',(9.51926431512916,16.1150863865356,2.66500000000476));
#2649=CARTESIAN_POINT('',(10.0983883218742,16.5249712908844,3.10862446895044E-14));
#2650=CARTESIAN_POINT('',(3.37827252724099,11.7686945908782,3.81916720471054E-14));
#2651=CARTESIAN_POINT('',(3.37827252724099,11.7686945908782,3.81916720471054E-14));
#2652=CARTESIAN_POINT('',(3.37827252724102,11.7686945908782,5.05256737011165));
#2653=CARTESIAN_POINT('',(3.31107136929472,11.7211318238781,9.24248100001452));
#2654=CARTESIAN_POINT('',(10.0983883218742,16.5249712908844,-0.491999999999924));
#2655=CARTESIAN_POINT('',(3.37827252724099,11.7686945908782,-0.491999999999924));
#2656=CARTESIAN_POINT('',(10.0983883218742,16.5249712908844,3.10862446895044E-14));
#2657=CARTESIAN_POINT('',(3.37827252724099,11.7686945908782,3.81916720471054E-14));
#2658=CARTESIAN_POINT('',(10.0983883218742,16.5249712908844,-0.491999999999924));
#2659=CARTESIAN_POINT('',(3.37827252724099,11.7686945908782,-0.491999999999924));
#2660=CARTESIAN_POINT('',(3.37827252724099,11.7686945908782,-0.491999999999924));
#2661=CARTESIAN_POINT('',(3.37827252724099,11.7686945908782,3.81916720471054E-14));
#2662=CARTESIAN_POINT('',(10.0983883218742,16.5249712908844,3.10862446895044E-14));
#2663=CARTESIAN_POINT('',(3.37827252724099,11.7686945908782,3.81916720471054E-14));
#2664=CARTESIAN_POINT('',(10.0983883218742,16.5249712908844,3.10862446895044E-14));
#2665=CARTESIAN_POINT('',(10.0983883218742,16.5249712908844,-0.491999999999924));
#2666=CARTESIAN_POINT('',(3.37827252724099,11.7686945908781,-0.49199999999994));
#2667=CARTESIAN_POINT('',(3.37827252724099,11.7686945908782,-0.49199999999994));
#2668=CARTESIAN_POINT('',(11.,1.,-0.49199999999994));
#2669=CARTESIAN_POINT('',(3.37827252724099,11.7686945908782,7.105427357601E-15));
#2670=CARTESIAN_POINT('',(11.,1.,0.));
#2671=CARTESIAN_POINT('',(3.37827252724099,11.7686945908782,-0.49199999999994));
#2672=CARTESIAN_POINT('',(11.,1.,-0.49199999999994));
#2673=CARTESIAN_POINT('',(11.,1.,-0.49199999999994));
#2674=CARTESIAN_POINT('',(11.,1.,0.));
#2675=CARTESIAN_POINT('',(3.37827252724099,11.7686945908782,7.105427357601E-15));
#2676=CARTESIAN_POINT('',(11.,1.,0.));
#2677=CARTESIAN_POINT('',(3.37827252724099,11.7686945908782,7.105427357601E-15));
#2678=CARTESIAN_POINT('',(3.37827252724099,11.7686945908782,-0.49199999999994));
#2679=CARTESIAN_POINT('',(10.9999999999999,1.00000000000004,5.05256737011163));
#2680=CARTESIAN_POINT('',(14.3412802401281,3.36484814249854,9.14610000001436));
#2681=CARTESIAN_POINT('',(6.71955276736927,14.1335427333767,9.14610000001439));
#2682=CARTESIAN_POINT('',(10.9999999999999,1.00000000000004,5.05256737011163));
#2683=CARTESIAN_POINT('',(3.37827252724097,11.7686945908782,5.05256737011165));
#2684=CARTESIAN_POINT('',(14.3412802401281,3.36484814249854,9.14610000001436));
#2685=CARTESIAN_POINT('',(6.71955276736927,14.1335427333767,9.14610000001439));
#2686=CARTESIAN_POINT('',(10.9999999999999,1.00000000000004,5.05256737011163));
#2687=CARTESIAN_POINT('',(3.37827252724097,11.7686945908782,5.05256737011165));
#2688=CARTESIAN_POINT('',(10.9999999999999,1.00000000000004,5.05256737011163));
#2689=CARTESIAN_POINT('',(14.3412802401281,3.36484814249854,9.14610000001436));
#2690=CARTESIAN_POINT('',(3.37827252724097,11.7686945908782,5.05256737011165));
#2691=CARTESIAN_POINT('',(6.71955276736927,14.1335427333767,9.14610000001439));
#2692=CARTESIAN_POINT('',(3.37827252724096,11.7686945908782,0.));
#2693=CARTESIAN_POINT('',(11.,1.,0.));
#2694=CARTESIAN_POINT('',(10.9999999999999,1.00000000000004,5.05256737011163));
#2695=CARTESIAN_POINT('',(3.37827252724102,11.7686945908782,5.05256737011165));
#2696=CARTESIAN_POINT('',(3.37827252724099,11.7686945908782,3.81916720471054E-14));
#2697=CARTESIAN_POINT('',(6.72986008387031,7.03325594905753,0.0740000000001197));
#2698=CARTESIAN_POINT('',(7.84483945722218,5.45790805192149,0.0740000000001197));
#2699=CARTESIAN_POINT('',(7.84483945722218,5.45790805192149,2.39200000000356));
#2700=CARTESIAN_POINT('',(6.72986008387031,7.03325594905753,2.39200000000356));
#2701=CARTESIAN_POINT('',(11.,1.,0.));
#2702=CARTESIAN_POINT('',(10.9999999999999,1.00000000000004,5.05256737011163));
#2703=CARTESIAN_POINT('',(10.9999999999999,1.00000000000004,5.05256737011163));
#2704=CARTESIAN_POINT('',(3.37827252724102,11.7686945908782,5.05256737011165));
#2705=CARTESIAN_POINT('',(3.37827252724102,11.7686945908782,5.05256737011165));
#2706=CARTESIAN_POINT('',(3.37827252724099,11.7686945908782,3.81916720471054E-14));
#2707=CARTESIAN_POINT('',(3.37827252724099,11.7686945908782,3.81916720471054E-14));
#2708=CARTESIAN_POINT('',(11.,1.,0.));
#2709=CARTESIAN_POINT('',(6.72986008387031,7.03325594905753,0.0740000000001197));
#2710=CARTESIAN_POINT('',(7.84483945722218,5.45790805192149,0.0740000000001197));
#2711=CARTESIAN_POINT('',(7.84483945722218,5.45790805192149,0.0740000000001197));
#2712=CARTESIAN_POINT('',(7.84483945722218,5.45790805192149,2.39200000000356));
#2713=CARTESIAN_POINT('',(7.84483945722218,5.45790805192149,2.39200000000356));
#2714=CARTESIAN_POINT('',(6.72986008387031,7.03325594905753,2.39200000000356));
#2715=CARTESIAN_POINT('',(6.72986008387031,7.03325594905753,2.39200000000356));
#2716=CARTESIAN_POINT('',(6.72986008387031,7.03325594905753,0.0740000000001197));
#2717=CARTESIAN_POINT('',(3.37827252724096,11.7686945908782,0.));
#2718=CARTESIAN_POINT('',(6.72986008387031,7.03325594905753,0.0740000000001197));
#2719=CARTESIAN_POINT('',(7.84483945722218,5.45790805192149,0.0740000000001197));
#2720=CARTESIAN_POINT('',(7.84483945722218,5.45790805192149,2.39200000000356));
#2721=CARTESIAN_POINT('',(6.72986008387031,7.03325594905753,2.39200000000356));
#2722=CARTESIAN_POINT('',(6.72986008387031,7.03325594905753,0.0740000000001197));
#2723=CARTESIAN_POINT('',(7.84483945722218,5.45790805192149,0.0740000000001197));
#2724=CARTESIAN_POINT('',(7.84483945722218,5.45790805192149,0.0740000000001197));
#2725=CARTESIAN_POINT('',(7.84483945722218,5.45790805192149,2.39200000000356));
#2726=CARTESIAN_POINT('',(7.84483945722218,5.45790805192149,2.39200000000356));
#2727=CARTESIAN_POINT('',(6.72986008387031,7.03325594905753,2.39200000000356));
#2728=CARTESIAN_POINT('',(6.72986008387031,7.03325594905753,2.39200000000356));
#2729=CARTESIAN_POINT('',(6.72986008387031,7.03325594905753,0.0740000000001197));
#2730=CARTESIAN_POINT('',(0.,0.,0.));
ENDSEC;
END-ISO-10303-21;
