ISO-10303-21;
HEADER;
/* Generated by software containing ST-Developer
 * from STEP Tools, Inc. (www.steptools.com) 
 */
/* OPTION: using custom schema-name function */

FILE_DESCRIPTION(
/* description */ (''),
/* implementation_level */ '2;1');

FILE_NAME(
/* name */ 'Owner-Occupier1_LOD3_STEP',
/* time_stamp */ '2026-04-10T17:26:48+02:00',
/* author */ (''),
/* organization */ (''),
/* preprocessor_version */ 'ST-DEVELOPER v19.2',
/* originating_system */ 'Rhino 8.29',
/* authorisation */ '');

FILE_SCHEMA (('AUTOMOTIVE_DESIGN'));
ENDSEC;

DATA;
#10=SHAPE_REPRESENTATION_RELATIONSHIP('','',#2080,#572);
#11=FACE_BOUND('',#765,.T.);
#12=FACE_BOUND('',#766,.T.);
#13=FACE_BOUND('',#767,.T.);
#14=FACE_BOUND('',#768,.T.);
#15=FACE_BOUND('',#770,.T.);
#16=FACE_BOUND('',#771,.T.);
#17=FACE_BOUND('',#772,.T.);
#18=FACE_BOUND('',#773,.T.);
#19=FACE_BOUND('',#774,.T.);
#20=FACE_BOUND('',#775,.T.);
#21=FACE_BOUND('',#777,.T.);
#22=FACE_BOUND('',#778,.T.);
#23=FACE_BOUND('',#780,.T.);
#24=COLOUR_RGB('',0.,0.,1.);
#25=COLOUR_RGB('',0.,0.,1.);
#26=COLOUR_RGB('',0.,0.,1.);
#27=COLOUR_RGB('',1.,1.,0.);
#28=COLOUR_RGB('',1.,1.,0.);
#29=COLOUR_RGB('',0.,1.,1.);
#30=COLOUR_RGB('',0.,1.,1.);
#31=COLOUR_RGB('',0.,1.,1.);
#32=COLOUR_RGB('',0.,1.,1.);
#33=COLOUR_RGB('',1.,0.,0.);
#34=COLOUR_RGB('',1.,0.,0.);
#35=COLOUR_RGB('',0.749019607843137,1.,0.749019607843137);
#36=COLOUR_RGB('',0.749019607843137,1.,0.749019607843137);
#37=COLOUR_RGB('',0.749019607843137,1.,0.749019607843137);
#38=COLOUR_RGB('',0.749019607843137,1.,0.749019607843137);
#39=COLOUR_RGB('',0.647058823529412,0.549019607843137,1.);
#40=COLOUR_RGB('',0.647058823529412,0.549019607843137,1.);
#41=COLOUR_RGB('',0.647058823529412,0.549019607843137,1.);
#42=COLOUR_RGB('',0.647058823529412,0.549019607843137,1.);
#43=COLOUR_RGB('',0.647058823529412,0.549019607843137,1.);
#44=COLOUR_RGB('',0.647058823529412,0.549019607843137,1.);
#45=COLOUR_RGB('',0.647058823529412,0.549019607843137,1.);
#46=COLOUR_RGB('',0.647058823529412,0.549019607843137,1.);
#47=COLOUR_RGB('',0.647058823529412,0.549019607843137,1.);
#48=COLOUR_RGB('',0.647058823529412,0.549019607843137,1.);
#49=COLOUR_RGB('',0.647058823529412,0.549019607843137,1.);
#50=COLOUR_RGB('',0.647058823529412,0.549019607843137,1.);
#51=COLOUR_RGB('',0.647058823529412,0.549019607843137,1.);
#52=COLOUR_RGB('',0.647058823529412,0.549019607843137,1.);
#53=COLOUR_RGB('',0.647058823529412,0.549019607843137,1.);
#54=COLOUR_RGB('',0.647058823529412,0.549019607843137,1.);
#55=COLOUR_RGB('',0.647058823529412,0.549019607843137,1.);
#56=COLOUR_RGB('',0.647058823529412,0.549019607843137,1.);
#57=COLOUR_RGB('',0.647058823529412,0.549019607843137,1.);
#58=COLOUR_RGB('',0.647058823529412,0.549019607843137,1.);
#59=COLOUR_RGB('',0.647058823529412,0.549019607843137,1.);
#60=COLOUR_RGB('',0.647058823529412,0.549019607843137,1.);
#61=COLOUR_RGB('',0.647058823529412,0.549019607843137,1.);
#62=COLOUR_RGB('',0.647058823529412,0.549019607843137,1.);
#63=COLOUR_RGB('',0.647058823529412,0.549019607843137,1.);
#64=COLOUR_RGB('',0.647058823529412,0.549019607843137,1.);
#65=COLOUR_RGB('',0.647058823529412,0.549019607843137,1.);
#66=COLOUR_RGB('',0.647058823529412,0.549019607843137,1.);
#67=COLOUR_RGB('',0.647058823529412,0.549019607843137,1.);
#68=COLOUR_RGB('',0.647058823529412,0.549019607843137,1.);
#69=COLOUR_RGB('',0.647058823529412,0.549019607843137,1.);
#70=COLOUR_RGB('',0.647058823529412,0.549019607843137,1.);
#71=COLOUR_RGB('',0.647058823529412,0.549019607843137,1.);
#72=COLOUR_RGB('',0.647058823529412,0.549019607843137,1.);
#73=COLOUR_RGB('',0.647058823529412,0.549019607843137,1.);
#74=COLOUR_RGB('',0.647058823529412,0.549019607843137,1.);
#75=COLOUR_RGB('',0.247058823529412,0.749019607843137,0.749019607843137);
#76=COLOUR_RGB('',1.,1.,0.);
#77=COLOUR_RGB('',1.,1.,0.);
#78=COLOUR_RGB('',1.,1.,0.);
#79=COLOUR_RGB('',1.,1.,0.);
#80=COLOUR_RGB('',1.,1.,0.);
#81=COLOUR_RGB('',1.,1.,0.);
#82=COLOUR_RGB('',0.,0.,1.);
#83=COLOUR_RGB('',0.,0.,1.);
#84=FILL_AREA_STYLE_COLOUR('',#24);
#85=FILL_AREA_STYLE_COLOUR('',#25);
#86=FILL_AREA_STYLE_COLOUR('',#26);
#87=FILL_AREA_STYLE_COLOUR('',#27);
#88=FILL_AREA_STYLE_COLOUR('',#28);
#89=FILL_AREA_STYLE_COLOUR('',#29);
#90=FILL_AREA_STYLE_COLOUR('',#30);
#91=FILL_AREA_STYLE_COLOUR('',#31);
#92=FILL_AREA_STYLE_COLOUR('',#32);
#93=FILL_AREA_STYLE_COLOUR('',#33);
#94=FILL_AREA_STYLE_COLOUR('',#34);
#95=FILL_AREA_STYLE_COLOUR('',#35);
#96=FILL_AREA_STYLE_COLOUR('',#36);
#97=FILL_AREA_STYLE_COLOUR('',#37);
#98=FILL_AREA_STYLE_COLOUR('',#38);
#99=FILL_AREA_STYLE_COLOUR('',#39);
#100=FILL_AREA_STYLE_COLOUR('',#40);
#101=FILL_AREA_STYLE_COLOUR('',#41);
#102=FILL_AREA_STYLE_COLOUR('',#42);
#103=FILL_AREA_STYLE_COLOUR('',#43);
#104=FILL_AREA_STYLE_COLOUR('',#44);
#105=FILL_AREA_STYLE_COLOUR('',#45);
#106=FILL_AREA_STYLE_COLOUR('',#46);
#107=FILL_AREA_STYLE_COLOUR('',#47);
#108=FILL_AREA_STYLE_COLOUR('',#48);
#109=FILL_AREA_STYLE_COLOUR('',#49);
#110=FILL_AREA_STYLE_COLOUR('',#50);
#111=FILL_AREA_STYLE_COLOUR('',#51);
#112=FILL_AREA_STYLE_COLOUR('',#52);
#113=FILL_AREA_STYLE_COLOUR('',#53);
#114=FILL_AREA_STYLE_COLOUR('',#54);
#115=FILL_AREA_STYLE_COLOUR('',#55);
#116=FILL_AREA_STYLE_COLOUR('',#56);
#117=FILL_AREA_STYLE_COLOUR('',#57);
#118=FILL_AREA_STYLE_COLOUR('',#58);
#119=FILL_AREA_STYLE_COLOUR('',#59);
#120=FILL_AREA_STYLE_COLOUR('',#60);
#121=FILL_AREA_STYLE_COLOUR('',#61);
#122=FILL_AREA_STYLE_COLOUR('',#62);
#123=FILL_AREA_STYLE_COLOUR('',#63);
#124=FILL_AREA_STYLE_COLOUR('',#64);
#125=FILL_AREA_STYLE_COLOUR('',#65);
#126=FILL_AREA_STYLE_COLOUR('',#66);
#127=FILL_AREA_STYLE_COLOUR('',#67);
#128=FILL_AREA_STYLE_COLOUR('',#68);
#129=FILL_AREA_STYLE_COLOUR('',#69);
#130=FILL_AREA_STYLE_COLOUR('',#70);
#131=FILL_AREA_STYLE_COLOUR('',#71);
#132=FILL_AREA_STYLE_COLOUR('',#72);
#133=FILL_AREA_STYLE_COLOUR('',#73);
#134=FILL_AREA_STYLE_COLOUR('',#74);
#135=FILL_AREA_STYLE_COLOUR('',#75);
#136=FILL_AREA_STYLE_COLOUR('',#76);
#137=FILL_AREA_STYLE_COLOUR('',#77);
#138=FILL_AREA_STYLE_COLOUR('',#78);
#139=FILL_AREA_STYLE_COLOUR('',#79);
#140=FILL_AREA_STYLE_COLOUR('',#80);
#141=FILL_AREA_STYLE_COLOUR('',#81);
#142=FILL_AREA_STYLE_COLOUR('',#82);
#143=FILL_AREA_STYLE_COLOUR('',#83);
#144=FILL_AREA_STYLE('',(#84));
#145=FILL_AREA_STYLE('',(#85));
#146=FILL_AREA_STYLE('',(#86));
#147=FILL_AREA_STYLE('',(#87));
#148=FILL_AREA_STYLE('',(#88));
#149=FILL_AREA_STYLE('',(#89));
#150=FILL_AREA_STYLE('',(#90));
#151=FILL_AREA_STYLE('',(#91));
#152=FILL_AREA_STYLE('',(#92));
#153=FILL_AREA_STYLE('',(#93));
#154=FILL_AREA_STYLE('',(#94));
#155=FILL_AREA_STYLE('',(#95));
#156=FILL_AREA_STYLE('',(#96));
#157=FILL_AREA_STYLE('',(#97));
#158=FILL_AREA_STYLE('',(#98));
#159=FILL_AREA_STYLE('',(#99));
#160=FILL_AREA_STYLE('',(#100));
#161=FILL_AREA_STYLE('',(#101));
#162=FILL_AREA_STYLE('',(#102));
#163=FILL_AREA_STYLE('',(#103));
#164=FILL_AREA_STYLE('',(#104));
#165=FILL_AREA_STYLE('',(#105));
#166=FILL_AREA_STYLE('',(#106));
#167=FILL_AREA_STYLE('',(#107));
#168=FILL_AREA_STYLE('',(#108));
#169=FILL_AREA_STYLE('',(#109));
#170=FILL_AREA_STYLE('',(#110));
#171=FILL_AREA_STYLE('',(#111));
#172=FILL_AREA_STYLE('',(#112));
#173=FILL_AREA_STYLE('',(#113));
#174=FILL_AREA_STYLE('',(#114));
#175=FILL_AREA_STYLE('',(#115));
#176=FILL_AREA_STYLE('',(#116));
#177=FILL_AREA_STYLE('',(#117));
#178=FILL_AREA_STYLE('',(#118));
#179=FILL_AREA_STYLE('',(#119));
#180=FILL_AREA_STYLE('',(#120));
#181=FILL_AREA_STYLE('',(#121));
#182=FILL_AREA_STYLE('',(#122));
#183=FILL_AREA_STYLE('',(#123));
#184=FILL_AREA_STYLE('',(#124));
#185=FILL_AREA_STYLE('',(#125));
#186=FILL_AREA_STYLE('',(#126));
#187=FILL_AREA_STYLE('',(#127));
#188=FILL_AREA_STYLE('',(#128));
#189=FILL_AREA_STYLE('',(#129));
#190=FILL_AREA_STYLE('',(#130));
#191=FILL_AREA_STYLE('',(#131));
#192=FILL_AREA_STYLE('',(#132));
#193=FILL_AREA_STYLE('',(#133));
#194=FILL_AREA_STYLE('',(#134));
#195=FILL_AREA_STYLE('',(#135));
#196=FILL_AREA_STYLE('',(#136));
#197=FILL_AREA_STYLE('',(#137));
#198=FILL_AREA_STYLE('',(#138));
#199=FILL_AREA_STYLE('',(#139));
#200=FILL_AREA_STYLE('',(#140));
#201=FILL_AREA_STYLE('',(#141));
#202=FILL_AREA_STYLE('',(#142));
#203=FILL_AREA_STYLE('',(#143));
#204=SURFACE_STYLE_FILL_AREA(#144);
#205=SURFACE_STYLE_FILL_AREA(#145);
#206=SURFACE_STYLE_FILL_AREA(#146);
#207=SURFACE_STYLE_FILL_AREA(#147);
#208=SURFACE_STYLE_FILL_AREA(#148);
#209=SURFACE_STYLE_FILL_AREA(#149);
#210=SURFACE_STYLE_FILL_AREA(#150);
#211=SURFACE_STYLE_FILL_AREA(#151);
#212=SURFACE_STYLE_FILL_AREA(#152);
#213=SURFACE_STYLE_FILL_AREA(#153);
#214=SURFACE_STYLE_FILL_AREA(#154);
#215=SURFACE_STYLE_FILL_AREA(#155);
#216=SURFACE_STYLE_FILL_AREA(#156);
#217=SURFACE_STYLE_FILL_AREA(#157);
#218=SURFACE_STYLE_FILL_AREA(#158);
#219=SURFACE_STYLE_FILL_AREA(#159);
#220=SURFACE_STYLE_FILL_AREA(#160);
#221=SURFACE_STYLE_FILL_AREA(#161);
#222=SURFACE_STYLE_FILL_AREA(#162);
#223=SURFACE_STYLE_FILL_AREA(#163);
#224=SURFACE_STYLE_FILL_AREA(#164);
#225=SURFACE_STYLE_FILL_AREA(#165);
#226=SURFACE_STYLE_FILL_AREA(#166);
#227=SURFACE_STYLE_FILL_AREA(#167);
#228=SURFACE_STYLE_FILL_AREA(#168);
#229=SURFACE_STYLE_FILL_AREA(#169);
#230=SURFACE_STYLE_FILL_AREA(#170);
#231=SURFACE_STYLE_FILL_AREA(#171);
#232=SURFACE_STYLE_FILL_AREA(#172);
#233=SURFACE_STYLE_FILL_AREA(#173);
#234=SURFACE_STYLE_FILL_AREA(#174);
#235=SURFACE_STYLE_FILL_AREA(#175);
#236=SURFACE_STYLE_FILL_AREA(#176);
#237=SURFACE_STYLE_FILL_AREA(#177);
#238=SURFACE_STYLE_FILL_AREA(#178);
#239=SURFACE_STYLE_FILL_AREA(#179);
#240=SURFACE_STYLE_FILL_AREA(#180);
#241=SURFACE_STYLE_FILL_AREA(#181);
#242=SURFACE_STYLE_FILL_AREA(#182);
#243=SURFACE_STYLE_FILL_AREA(#183);
#244=SURFACE_STYLE_FILL_AREA(#184);
#245=SURFACE_STYLE_FILL_AREA(#185);
#246=SURFACE_STYLE_FILL_AREA(#186);
#247=SURFACE_STYLE_FILL_AREA(#187);
#248=SURFACE_STYLE_FILL_AREA(#188);
#249=SURFACE_STYLE_FILL_AREA(#189);
#250=SURFACE_STYLE_FILL_AREA(#190);
#251=SURFACE_STYLE_FILL_AREA(#191);
#252=SURFACE_STYLE_FILL_AREA(#192);
#253=SURFACE_STYLE_FILL_AREA(#193);
#254=SURFACE_STYLE_FILL_AREA(#194);
#255=SURFACE_STYLE_FILL_AREA(#195);
#256=SURFACE_STYLE_FILL_AREA(#196);
#257=SURFACE_STYLE_FILL_AREA(#197);
#258=SURFACE_STYLE_FILL_AREA(#198);
#259=SURFACE_STYLE_FILL_AREA(#199);
#260=SURFACE_STYLE_FILL_AREA(#200);
#261=SURFACE_STYLE_FILL_AREA(#201);
#262=SURFACE_STYLE_FILL_AREA(#202);
#263=SURFACE_STYLE_FILL_AREA(#203);
#264=SURFACE_SIDE_STYLE('Door_03|parent=WallSurface_03',(#204));
#265=SURFACE_SIDE_STYLE('Door_02|parent=WallSurface_03',(#205));
#266=SURFACE_SIDE_STYLE('Door_01|parent=WallSurface_01',(#206));
#267=SURFACE_SIDE_STYLE('Window_06|parent=WallSurface_04',(#207));
#268=SURFACE_SIDE_STYLE('Window_01|parent=WallSurface_04',(#208));
#269=SURFACE_SIDE_STYLE('WallSurface_06',(#209));
#270=SURFACE_SIDE_STYLE('WallSurface_05',(#210));
#271=SURFACE_SIDE_STYLE('WallSurface_08',(#211));
#272=SURFACE_SIDE_STYLE('WallSurface_07',(#212));
#273=SURFACE_SIDE_STYLE('RoofSurface_02',(#213));
#274=SURFACE_SIDE_STYLE('RoofSurface_01',(#214));
#275=SURFACE_SIDE_STYLE('WallSurface_02',(#215));
#276=SURFACE_SIDE_STYLE('WallSurface_04',(#216));
#277=SURFACE_SIDE_STYLE('WallSurface_03',(#217));
#278=SURFACE_SIDE_STYLE('WallSurface_01',(#218));
#279=SURFACE_SIDE_STYLE('SolarPanelSurface_31|parent=RoofSurface_02',(#219));
#280=SURFACE_SIDE_STYLE('SolarPanelSurface_32|parent=RoofSurface_02',(#220));
#281=SURFACE_SIDE_STYLE('SolarPanelSurface_33|parent=RoofSurface_02',(#221));
#282=SURFACE_SIDE_STYLE('SolarPanelSurface_34|parent=RoofSurface_02',(#222));
#283=SURFACE_SIDE_STYLE('SolarPanelSurface_35|parent=RoofSurface_02',(#223));
#284=SURFACE_SIDE_STYLE('SolarPanelSurface_36|parent=RoofSurface_02',(#224));
#285=SURFACE_SIDE_STYLE('SolarPanelSurface_25|parent=RoofSurface_02',(#225));
#286=SURFACE_SIDE_STYLE('SolarPanelSurface_26|parent=RoofSurface_02',(#226));
#287=SURFACE_SIDE_STYLE('SolarPanelSurface_27|parent=RoofSurface_02',(#227));
#288=SURFACE_SIDE_STYLE('SolarPanelSurface_28|parent=RoofSurface_02',(#228));
#289=SURFACE_SIDE_STYLE('SolarPanelSurface_29|parent=RoofSurface_02',(#229));
#290=SURFACE_SIDE_STYLE('SolarPanelSurface_30|parent=RoofSurface_02',(#230));
#291=SURFACE_SIDE_STYLE('SolarPanelSurface_19|parent=RoofSurface_02',(#231));
#292=SURFACE_SIDE_STYLE('SolarPanelSurface_20|parent=RoofSurface_02',(#232));
#293=SURFACE_SIDE_STYLE('SolarPanelSurface_21|parent=RoofSurface_02',(#233));
#294=SURFACE_SIDE_STYLE('SolarPanelSurface_22|parent=RoofSurface_02',(#234));
#295=SURFACE_SIDE_STYLE('SolarPanelSurface_23|parent=RoofSurface_02',(#235));
#296=SURFACE_SIDE_STYLE('SolarPanelSurface_24|parent=RoofSurface_02',(#236));
#297=SURFACE_SIDE_STYLE('SolarPanelSurface_13|parent=RoofSurface_02',(#237));
#298=SURFACE_SIDE_STYLE('SolarPanelSurface_14|parent=RoofSurface_02',(#238));
#299=SURFACE_SIDE_STYLE('SolarPanelSurface_15|parent=RoofSurface_02',(#239));
#300=SURFACE_SIDE_STYLE('SolarPanelSurface_16|parent=RoofSurface_02',(#240));
#301=SURFACE_SIDE_STYLE('SolarPanelSurface_17|parent=RoofSurface_02',(#241));
#302=SURFACE_SIDE_STYLE('SolarPanelSurface_18|parent=RoofSurface_02',(#242));
#303=SURFACE_SIDE_STYLE('SolarPanelSurface_07|parent=RoofSurface_02',(#243));
#304=SURFACE_SIDE_STYLE('SolarPanelSurface_08|parent=RoofSurface_02',(#244));
#305=SURFACE_SIDE_STYLE('SolarPanelSurface_09|parent=RoofSurface_02',(#245));
#306=SURFACE_SIDE_STYLE('SolarPanelSurface_10|parent=RoofSurface_02',(#246));
#307=SURFACE_SIDE_STYLE('SolarPanelSurface_11|parent=RoofSurface_02',(#247));
#308=SURFACE_SIDE_STYLE('SolarPanelSurface_12|parent=RoofSurface_02',(#248));
#309=SURFACE_SIDE_STYLE('SolarPanelSurface_01|parent=RoofSurface_02',(#249));
#310=SURFACE_SIDE_STYLE('SolarPanelSurface_02|parent=RoofSurface_02',(#250));
#311=SURFACE_SIDE_STYLE('SolarPanelSurface_03|parent=RoofSurface_02',(#251));
#312=SURFACE_SIDE_STYLE('SolarPanelSurface_04|parent=RoofSurface_02',(#252));
#313=SURFACE_SIDE_STYLE('SolarPanelSurface_05|parent=RoofSurface_02',(#253));
#314=SURFACE_SIDE_STYLE('SolarPanelSurface_06|parent=RoofSurface_02',(#254));
#315=SURFACE_SIDE_STYLE('GroundSurface_01',(#255));
#316=SURFACE_SIDE_STYLE('Window_05|parent=WallSurface_04',(#256));
#317=SURFACE_SIDE_STYLE('Window_04|parent=WallSurface_04',(#257));
#318=SURFACE_SIDE_STYLE('Window_03|parent=WallSurface_04',(#258));
#319=SURFACE_SIDE_STYLE('Window_02|parent=WallSurface_04',(#259));
#320=SURFACE_SIDE_STYLE('Window_08|parent=WallSurface_02',(#260));
#321=SURFACE_SIDE_STYLE('Window_07|parent=WallSurface_02',(#261));
#322=SURFACE_SIDE_STYLE('Door_04|parent=WallSurface_02',(#262));
#323=SURFACE_SIDE_STYLE('Door_05|parent=WallSurface_02',(#263));
#324=SURFACE_STYLE_USAGE(.BOTH.,#264);
#325=SURFACE_STYLE_USAGE(.BOTH.,#265);
#326=SURFACE_STYLE_USAGE(.BOTH.,#266);
#327=SURFACE_STYLE_USAGE(.BOTH.,#267);
#328=SURFACE_STYLE_USAGE(.BOTH.,#268);
#329=SURFACE_STYLE_USAGE(.BOTH.,#269);
#330=SURFACE_STYLE_USAGE(.BOTH.,#270);
#331=SURFACE_STYLE_USAGE(.BOTH.,#271);
#332=SURFACE_STYLE_USAGE(.BOTH.,#272);
#333=SURFACE_STYLE_USAGE(.BOTH.,#273);
#334=SURFACE_STYLE_USAGE(.BOTH.,#274);
#335=SURFACE_STYLE_USAGE(.BOTH.,#275);
#336=SURFACE_STYLE_USAGE(.BOTH.,#276);
#337=SURFACE_STYLE_USAGE(.BOTH.,#277);
#338=SURFACE_STYLE_USAGE(.BOTH.,#278);
#339=SURFACE_STYLE_USAGE(.BOTH.,#279);
#340=SURFACE_STYLE_USAGE(.BOTH.,#280);
#341=SURFACE_STYLE_USAGE(.BOTH.,#281);
#342=SURFACE_STYLE_USAGE(.BOTH.,#282);
#343=SURFACE_STYLE_USAGE(.BOTH.,#283);
#344=SURFACE_STYLE_USAGE(.BOTH.,#284);
#345=SURFACE_STYLE_USAGE(.BOTH.,#285);
#346=SURFACE_STYLE_USAGE(.BOTH.,#286);
#347=SURFACE_STYLE_USAGE(.BOTH.,#287);
#348=SURFACE_STYLE_USAGE(.BOTH.,#288);
#349=SURFACE_STYLE_USAGE(.BOTH.,#289);
#350=SURFACE_STYLE_USAGE(.BOTH.,#290);
#351=SURFACE_STYLE_USAGE(.BOTH.,#291);
#352=SURFACE_STYLE_USAGE(.BOTH.,#292);
#353=SURFACE_STYLE_USAGE(.BOTH.,#293);
#354=SURFACE_STYLE_USAGE(.BOTH.,#294);
#355=SURFACE_STYLE_USAGE(.BOTH.,#295);
#356=SURFACE_STYLE_USAGE(.BOTH.,#296);
#357=SURFACE_STYLE_USAGE(.BOTH.,#297);
#358=SURFACE_STYLE_USAGE(.BOTH.,#298);
#359=SURFACE_STYLE_USAGE(.BOTH.,#299);
#360=SURFACE_STYLE_USAGE(.BOTH.,#300);
#361=SURFACE_STYLE_USAGE(.BOTH.,#301);
#362=SURFACE_STYLE_USAGE(.BOTH.,#302);
#363=SURFACE_STYLE_USAGE(.BOTH.,#303);
#364=SURFACE_STYLE_USAGE(.BOTH.,#304);
#365=SURFACE_STYLE_USAGE(.BOTH.,#305);
#366=SURFACE_STYLE_USAGE(.BOTH.,#306);
#367=SURFACE_STYLE_USAGE(.BOTH.,#307);
#368=SURFACE_STYLE_USAGE(.BOTH.,#308);
#369=SURFACE_STYLE_USAGE(.BOTH.,#309);
#370=SURFACE_STYLE_USAGE(.BOTH.,#310);
#371=SURFACE_STYLE_USAGE(.BOTH.,#311);
#372=SURFACE_STYLE_USAGE(.BOTH.,#312);
#373=SURFACE_STYLE_USAGE(.BOTH.,#313);
#374=SURFACE_STYLE_USAGE(.BOTH.,#314);
#375=SURFACE_STYLE_USAGE(.BOTH.,#315);
#376=SURFACE_STYLE_USAGE(.BOTH.,#316);
#377=SURFACE_STYLE_USAGE(.BOTH.,#317);
#378=SURFACE_STYLE_USAGE(.BOTH.,#318);
#379=SURFACE_STYLE_USAGE(.BOTH.,#319);
#380=SURFACE_STYLE_USAGE(.BOTH.,#320);
#381=SURFACE_STYLE_USAGE(.BOTH.,#321);
#382=SURFACE_STYLE_USAGE(.BOTH.,#322);
#383=SURFACE_STYLE_USAGE(.BOTH.,#323);
#384=MECHANICAL_DESIGN_GEOMETRIC_PRESENTATION_REPRESENTATION('',(#445,#446,
#447,#448,#449,#450,#451,#452,#453,#454,#455,#456,#457,#458,#459,#460,#461,
#462,#463,#464,#465,#466,#467,#468,#469,#470,#471,#472,#473,#474,#475,#476,
#477,#478,#479,#480,#481,#482,#483,#484,#485,#486,#487,#488,#489,#490,#491,
#492,#493,#494,#495,#496,#497,#498,#499,#500,#501,#502,#503,#504),#2079);
#385=PRESENTATION_STYLE_ASSIGNMENT((#324));
#386=PRESENTATION_STYLE_ASSIGNMENT((#325));
#387=PRESENTATION_STYLE_ASSIGNMENT((#326));
#388=PRESENTATION_STYLE_ASSIGNMENT((#327));
#389=PRESENTATION_STYLE_ASSIGNMENT((#328));
#390=PRESENTATION_STYLE_ASSIGNMENT((#329));
#391=PRESENTATION_STYLE_ASSIGNMENT((#330));
#392=PRESENTATION_STYLE_ASSIGNMENT((#331));
#393=PRESENTATION_STYLE_ASSIGNMENT((#332));
#394=PRESENTATION_STYLE_ASSIGNMENT((#333));
#395=PRESENTATION_STYLE_ASSIGNMENT((#334));
#396=PRESENTATION_STYLE_ASSIGNMENT((#335));
#397=PRESENTATION_STYLE_ASSIGNMENT((#336));
#398=PRESENTATION_STYLE_ASSIGNMENT((#337));
#399=PRESENTATION_STYLE_ASSIGNMENT((#338));
#400=PRESENTATION_STYLE_ASSIGNMENT((#339));
#401=PRESENTATION_STYLE_ASSIGNMENT((#340));
#402=PRESENTATION_STYLE_ASSIGNMENT((#341));
#403=PRESENTATION_STYLE_ASSIGNMENT((#342));
#404=PRESENTATION_STYLE_ASSIGNMENT((#343));
#405=PRESENTATION_STYLE_ASSIGNMENT((#344));
#406=PRESENTATION_STYLE_ASSIGNMENT((#345));
#407=PRESENTATION_STYLE_ASSIGNMENT((#346));
#408=PRESENTATION_STYLE_ASSIGNMENT((#347));
#409=PRESENTATION_STYLE_ASSIGNMENT((#348));
#410=PRESENTATION_STYLE_ASSIGNMENT((#349));
#411=PRESENTATION_STYLE_ASSIGNMENT((#350));
#412=PRESENTATION_STYLE_ASSIGNMENT((#351));
#413=PRESENTATION_STYLE_ASSIGNMENT((#352));
#414=PRESENTATION_STYLE_ASSIGNMENT((#353));
#415=PRESENTATION_STYLE_ASSIGNMENT((#354));
#416=PRESENTATION_STYLE_ASSIGNMENT((#355));
#417=PRESENTATION_STYLE_ASSIGNMENT((#356));
#418=PRESENTATION_STYLE_ASSIGNMENT((#357));
#419=PRESENTATION_STYLE_ASSIGNMENT((#358));
#420=PRESENTATION_STYLE_ASSIGNMENT((#359));
#421=PRESENTATION_STYLE_ASSIGNMENT((#360));
#422=PRESENTATION_STYLE_ASSIGNMENT((#361));
#423=PRESENTATION_STYLE_ASSIGNMENT((#362));
#424=PRESENTATION_STYLE_ASSIGNMENT((#363));
#425=PRESENTATION_STYLE_ASSIGNMENT((#364));
#426=PRESENTATION_STYLE_ASSIGNMENT((#365));
#427=PRESENTATION_STYLE_ASSIGNMENT((#366));
#428=PRESENTATION_STYLE_ASSIGNMENT((#367));
#429=PRESENTATION_STYLE_ASSIGNMENT((#368));
#430=PRESENTATION_STYLE_ASSIGNMENT((#369));
#431=PRESENTATION_STYLE_ASSIGNMENT((#370));
#432=PRESENTATION_STYLE_ASSIGNMENT((#371));
#433=PRESENTATION_STYLE_ASSIGNMENT((#372));
#434=PRESENTATION_STYLE_ASSIGNMENT((#373));
#435=PRESENTATION_STYLE_ASSIGNMENT((#374));
#436=PRESENTATION_STYLE_ASSIGNMENT((#375));
#437=PRESENTATION_STYLE_ASSIGNMENT((#376));
#438=PRESENTATION_STYLE_ASSIGNMENT((#377));
#439=PRESENTATION_STYLE_ASSIGNMENT((#378));
#440=PRESENTATION_STYLE_ASSIGNMENT((#379));
#441=PRESENTATION_STYLE_ASSIGNMENT((#380));
#442=PRESENTATION_STYLE_ASSIGNMENT((#381));
#443=PRESENTATION_STYLE_ASSIGNMENT((#382));
#444=PRESENTATION_STYLE_ASSIGNMENT((#383));
#445=STYLED_ITEM('',(#385),#512);
#446=STYLED_ITEM('',(#386),#513);
#447=STYLED_ITEM('',(#387),#514);
#448=STYLED_ITEM('',(#388),#515);
#449=STYLED_ITEM('',(#389),#516);
#450=STYLED_ITEM('',(#390),#517);
#451=STYLED_ITEM('',(#391),#518);
#452=STYLED_ITEM('',(#392),#519);
#453=STYLED_ITEM('',(#393),#520);
#454=STYLED_ITEM('',(#394),#521);
#455=STYLED_ITEM('',(#395),#522);
#456=STYLED_ITEM('',(#396),#523);
#457=STYLED_ITEM('',(#397),#524);
#458=STYLED_ITEM('',(#398),#525);
#459=STYLED_ITEM('',(#399),#526);
#460=STYLED_ITEM('',(#400),#527);
#461=STYLED_ITEM('',(#401),#528);
#462=STYLED_ITEM('',(#402),#529);
#463=STYLED_ITEM('',(#403),#530);
#464=STYLED_ITEM('',(#404),#531);
#465=STYLED_ITEM('',(#405),#532);
#466=STYLED_ITEM('',(#406),#533);
#467=STYLED_ITEM('',(#407),#534);
#468=STYLED_ITEM('',(#408),#535);
#469=STYLED_ITEM('',(#409),#536);
#470=STYLED_ITEM('',(#410),#537);
#471=STYLED_ITEM('',(#411),#538);
#472=STYLED_ITEM('',(#412),#539);
#473=STYLED_ITEM('',(#413),#540);
#474=STYLED_ITEM('',(#414),#541);
#475=STYLED_ITEM('',(#415),#542);
#476=STYLED_ITEM('',(#416),#543);
#477=STYLED_ITEM('',(#417),#544);
#478=STYLED_ITEM('',(#418),#545);
#479=STYLED_ITEM('',(#419),#546);
#480=STYLED_ITEM('',(#420),#547);
#481=STYLED_ITEM('',(#421),#548);
#482=STYLED_ITEM('',(#422),#549);
#483=STYLED_ITEM('',(#423),#550);
#484=STYLED_ITEM('',(#424),#551);
#485=STYLED_ITEM('',(#425),#552);
#486=STYLED_ITEM('',(#426),#553);
#487=STYLED_ITEM('',(#427),#554);
#488=STYLED_ITEM('',(#428),#555);
#489=STYLED_ITEM('',(#429),#556);
#490=STYLED_ITEM('',(#430),#557);
#491=STYLED_ITEM('',(#431),#558);
#492=STYLED_ITEM('',(#432),#559);
#493=STYLED_ITEM('',(#433),#560);
#494=STYLED_ITEM('',(#434),#561);
#495=STYLED_ITEM('',(#435),#562);
#496=STYLED_ITEM('',(#436),#563);
#497=STYLED_ITEM('',(#437),#564);
#498=STYLED_ITEM('',(#438),#565);
#499=STYLED_ITEM('',(#439),#566);
#500=STYLED_ITEM('',(#440),#567);
#501=STYLED_ITEM('',(#441),#568);
#502=STYLED_ITEM('',(#442),#569);
#503=STYLED_ITEM('',(#443),#570);
#504=STYLED_ITEM('',(#444),#571);
#505=PRESENTATION_LAYER_ASSIGNMENT('bldg_lod3_Door','',(#512,#513,#514,
#570,#571));
#506=PRESENTATION_LAYER_ASSIGNMENT('bldg_lod3_Window','',(#515,#516,#564,
#565,#566,#567,#568,#569));
#507=PRESENTATION_LAYER_ASSIGNMENT('bldg_lod3_UndergroundWallSurface',
'',(#517,#518,#519,#520));
#508=PRESENTATION_LAYER_ASSIGNMENT('bldg_lod3_RoofSurface','',(#521,#522));
#509=PRESENTATION_LAYER_ASSIGNMENT('bldg_lod3_WallSurface','',(#523,#524,
#525,#526));
#510=PRESENTATION_LAYER_ASSIGNMENT('bldg_Lod3_PVPanelSurface','',(#527,
#528,#529,#530,#531,#532,#533,#534,#535,#536,#537,#538,#539,#540,#541,#542,
#543,#544,#545,#546,#547,#548,#549,#550,#551,#552,#553,#554,#555,#556,#557,
#558,#559,#560,#561,#562));
#511=PRESENTATION_LAYER_ASSIGNMENT('bldg_lod3_GroundSurface','',(#563));
#512=SHELL_BASED_SURFACE_MODEL('Door_03|parent=WallSurface_03',(#573));
#513=SHELL_BASED_SURFACE_MODEL('Door_02|parent=WallSurface_03',(#574));
#514=SHELL_BASED_SURFACE_MODEL('Door_01|parent=WallSurface_01',(#575));
#515=SHELL_BASED_SURFACE_MODEL('Window_06|parent=WallSurface_04',(#576));
#516=SHELL_BASED_SURFACE_MODEL('Window_01|parent=WallSurface_04',(#577));
#517=SHELL_BASED_SURFACE_MODEL('WallSurface_06',(#578));
#518=SHELL_BASED_SURFACE_MODEL('WallSurface_05',(#579));
#519=SHELL_BASED_SURFACE_MODEL('WallSurface_08',(#580));
#520=SHELL_BASED_SURFACE_MODEL('WallSurface_07',(#581));
#521=SHELL_BASED_SURFACE_MODEL('RoofSurface_02',(#582));
#522=SHELL_BASED_SURFACE_MODEL('RoofSurface_01',(#583));
#523=SHELL_BASED_SURFACE_MODEL('WallSurface_02',(#584));
#524=SHELL_BASED_SURFACE_MODEL('WallSurface_04',(#585));
#525=SHELL_BASED_SURFACE_MODEL('WallSurface_03',(#586));
#526=SHELL_BASED_SURFACE_MODEL('WallSurface_01',(#587));
#527=SHELL_BASED_SURFACE_MODEL(
'SolarPanelSurface_31|parent=RoofSurface_02',(#588));
#528=SHELL_BASED_SURFACE_MODEL(
'SolarPanelSurface_32|parent=RoofSurface_02',(#589));
#529=SHELL_BASED_SURFACE_MODEL(
'SolarPanelSurface_33|parent=RoofSurface_02',(#590));
#530=SHELL_BASED_SURFACE_MODEL(
'SolarPanelSurface_34|parent=RoofSurface_02',(#591));
#531=SHELL_BASED_SURFACE_MODEL(
'SolarPanelSurface_35|parent=RoofSurface_02',(#592));
#532=SHELL_BASED_SURFACE_MODEL(
'SolarPanelSurface_36|parent=RoofSurface_02',(#593));
#533=SHELL_BASED_SURFACE_MODEL(
'SolarPanelSurface_25|parent=RoofSurface_02',(#594));
#534=SHELL_BASED_SURFACE_MODEL(
'SolarPanelSurface_26|parent=RoofSurface_02',(#595));
#535=SHELL_BASED_SURFACE_MODEL(
'SolarPanelSurface_27|parent=RoofSurface_02',(#596));
#536=SHELL_BASED_SURFACE_MODEL(
'SolarPanelSurface_28|parent=RoofSurface_02',(#597));
#537=SHELL_BASED_SURFACE_MODEL(
'SolarPanelSurface_29|parent=RoofSurface_02',(#598));
#538=SHELL_BASED_SURFACE_MODEL(
'SolarPanelSurface_30|parent=RoofSurface_02',(#599));
#539=SHELL_BASED_SURFACE_MODEL(
'SolarPanelSurface_19|parent=RoofSurface_02',(#600));
#540=SHELL_BASED_SURFACE_MODEL(
'SolarPanelSurface_20|parent=RoofSurface_02',(#601));
#541=SHELL_BASED_SURFACE_MODEL(
'SolarPanelSurface_21|parent=RoofSurface_02',(#602));
#542=SHELL_BASED_SURFACE_MODEL(
'SolarPanelSurface_22|parent=RoofSurface_02',(#603));
#543=SHELL_BASED_SURFACE_MODEL(
'SolarPanelSurface_23|parent=RoofSurface_02',(#604));
#544=SHELL_BASED_SURFACE_MODEL(
'SolarPanelSurface_24|parent=RoofSurface_02',(#605));
#545=SHELL_BASED_SURFACE_MODEL(
'SolarPanelSurface_13|parent=RoofSurface_02',(#606));
#546=SHELL_BASED_SURFACE_MODEL(
'SolarPanelSurface_14|parent=RoofSurface_02',(#607));
#547=SHELL_BASED_SURFACE_MODEL(
'SolarPanelSurface_15|parent=RoofSurface_02',(#608));
#548=SHELL_BASED_SURFACE_MODEL(
'SolarPanelSurface_16|parent=RoofSurface_02',(#609));
#549=SHELL_BASED_SURFACE_MODEL(
'SolarPanelSurface_17|parent=RoofSurface_02',(#610));
#550=SHELL_BASED_SURFACE_MODEL(
'SolarPanelSurface_18|parent=RoofSurface_02',(#611));
#551=SHELL_BASED_SURFACE_MODEL(
'SolarPanelSurface_07|parent=RoofSurface_02',(#612));
#552=SHELL_BASED_SURFACE_MODEL(
'SolarPanelSurface_08|parent=RoofSurface_02',(#613));
#553=SHELL_BASED_SURFACE_MODEL(
'SolarPanelSurface_09|parent=RoofSurface_02',(#614));
#554=SHELL_BASED_SURFACE_MODEL(
'SolarPanelSurface_10|parent=RoofSurface_02',(#615));
#555=SHELL_BASED_SURFACE_MODEL(
'SolarPanelSurface_11|parent=RoofSurface_02',(#616));
#556=SHELL_BASED_SURFACE_MODEL(
'SolarPanelSurface_12|parent=RoofSurface_02',(#617));
#557=SHELL_BASED_SURFACE_MODEL(
'SolarPanelSurface_01|parent=RoofSurface_02',(#618));
#558=SHELL_BASED_SURFACE_MODEL(
'SolarPanelSurface_02|parent=RoofSurface_02',(#619));
#559=SHELL_BASED_SURFACE_MODEL(
'SolarPanelSurface_03|parent=RoofSurface_02',(#620));
#560=SHELL_BASED_SURFACE_MODEL(
'SolarPanelSurface_04|parent=RoofSurface_02',(#621));
#561=SHELL_BASED_SURFACE_MODEL(
'SolarPanelSurface_05|parent=RoofSurface_02',(#622));
#562=SHELL_BASED_SURFACE_MODEL(
'SolarPanelSurface_06|parent=RoofSurface_02',(#623));
#563=SHELL_BASED_SURFACE_MODEL('GroundSurface_01',(#624));
#564=SHELL_BASED_SURFACE_MODEL('Window_05|parent=WallSurface_04',(#625));
#565=SHELL_BASED_SURFACE_MODEL('Window_04|parent=WallSurface_04',(#626));
#566=SHELL_BASED_SURFACE_MODEL('Window_03|parent=WallSurface_04',(#627));
#567=SHELL_BASED_SURFACE_MODEL('Window_02|parent=WallSurface_04',(#628));
#568=SHELL_BASED_SURFACE_MODEL('Window_08|parent=WallSurface_02',(#629));
#569=SHELL_BASED_SURFACE_MODEL('Window_07|parent=WallSurface_02',(#630));
#570=SHELL_BASED_SURFACE_MODEL('Door_04|parent=WallSurface_02',(#631));
#571=SHELL_BASED_SURFACE_MODEL('Door_05|parent=WallSurface_02',(#632));
#572=MANIFOLD_SURFACE_SHAPE_REPRESENTATION('shell_rep_0',(#512,#513,#514,
#515,#516,#517,#518,#519,#520,#521,#522,#523,#524,#525,#526,#527,#528,#529,
#530,#531,#532,#533,#534,#535,#536,#537,#538,#539,#540,#541,#542,#543,#544,
#545,#546,#547,#548,#549,#550,#551,#552,#553,#554,#555,#556,#557,#558,#559,
#560,#561,#562,#563,#564,#565,#566,#567,#568,#569,#570,#571,#2142),#2079);
#573=OPEN_SHELL('',(#633));
#574=OPEN_SHELL('',(#634));
#575=OPEN_SHELL('',(#635));
#576=OPEN_SHELL('',(#636));
#577=OPEN_SHELL('',(#637));
#578=OPEN_SHELL('',(#638));
#579=OPEN_SHELL('',(#639));
#580=OPEN_SHELL('',(#640));
#581=OPEN_SHELL('',(#641));
#582=OPEN_SHELL('',(#642));
#583=OPEN_SHELL('',(#643));
#584=OPEN_SHELL('',(#644));
#585=OPEN_SHELL('',(#645));
#586=OPEN_SHELL('',(#646));
#587=OPEN_SHELL('',(#647));
#588=OPEN_SHELL('',(#648));
#589=OPEN_SHELL('',(#649));
#590=OPEN_SHELL('',(#650));
#591=OPEN_SHELL('',(#651));
#592=OPEN_SHELL('',(#652));
#593=OPEN_SHELL('',(#653));
#594=OPEN_SHELL('',(#654));
#595=OPEN_SHELL('',(#655));
#596=OPEN_SHELL('',(#656));
#597=OPEN_SHELL('',(#657));
#598=OPEN_SHELL('',(#658));
#599=OPEN_SHELL('',(#659));
#600=OPEN_SHELL('',(#660));
#601=OPEN_SHELL('',(#661));
#602=OPEN_SHELL('',(#662));
#603=OPEN_SHELL('',(#663));
#604=OPEN_SHELL('',(#664));
#605=OPEN_SHELL('',(#665));
#606=OPEN_SHELL('',(#666));
#607=OPEN_SHELL('',(#667));
#608=OPEN_SHELL('',(#668));
#609=OPEN_SHELL('',(#669));
#610=OPEN_SHELL('',(#670));
#611=OPEN_SHELL('',(#671));
#612=OPEN_SHELL('',(#672));
#613=OPEN_SHELL('',(#673));
#614=OPEN_SHELL('',(#674));
#615=OPEN_SHELL('',(#675));
#616=OPEN_SHELL('',(#676));
#617=OPEN_SHELL('',(#677));
#618=OPEN_SHELL('',(#678));
#619=OPEN_SHELL('',(#679));
#620=OPEN_SHELL('',(#680));
#621=OPEN_SHELL('',(#681));
#622=OPEN_SHELL('',(#682));
#623=OPEN_SHELL('',(#683));
#624=OPEN_SHELL('',(#684));
#625=OPEN_SHELL('',(#685));
#626=OPEN_SHELL('',(#686));
#627=OPEN_SHELL('',(#687));
#628=OPEN_SHELL('',(#688));
#629=OPEN_SHELL('',(#689));
#630=OPEN_SHELL('',(#690));
#631=OPEN_SHELL('',(#691));
#632=OPEN_SHELL('',(#692));
#633=ADVANCED_FACE('',(#693),#2002,.T.);
#634=ADVANCED_FACE('',(#694),#2003,.T.);
#635=ADVANCED_FACE('',(#695),#2004,.T.);
#636=ADVANCED_FACE('',(#696),#2005,.T.);
#637=ADVANCED_FACE('',(#697),#2006,.T.);
#638=ADVANCED_FACE('',(#698),#2007,.T.);
#639=ADVANCED_FACE('',(#699),#2008,.T.);
#640=ADVANCED_FACE('',(#700),#2009,.T.);
#641=ADVANCED_FACE('',(#701),#2010,.T.);
#642=ADVANCED_FACE('',(#702),#2011,.T.);
#643=ADVANCED_FACE('',(#703),#2012,.T.);
#644=ADVANCED_FACE('',(#704,#11,#12,#13,#14),#2013,.T.);
#645=ADVANCED_FACE('',(#705,#15,#16,#17,#18,#19,#20),#2014,.T.);
#646=ADVANCED_FACE('',(#706,#21,#22),#2015,.T.);
#647=ADVANCED_FACE('',(#707,#23),#2016,.T.);
#648=ADVANCED_FACE('',(#708),#2017,.T.);
#649=ADVANCED_FACE('',(#709),#2018,.T.);
#650=ADVANCED_FACE('',(#710),#2019,.T.);
#651=ADVANCED_FACE('',(#711),#2020,.T.);
#652=ADVANCED_FACE('',(#712),#2021,.T.);
#653=ADVANCED_FACE('',(#713),#2022,.T.);
#654=ADVANCED_FACE('',(#714),#2023,.T.);
#655=ADVANCED_FACE('',(#715),#2024,.T.);
#656=ADVANCED_FACE('',(#716),#2025,.T.);
#657=ADVANCED_FACE('',(#717),#2026,.T.);
#658=ADVANCED_FACE('',(#718),#2027,.T.);
#659=ADVANCED_FACE('',(#719),#2028,.T.);
#660=ADVANCED_FACE('',(#720),#2029,.T.);
#661=ADVANCED_FACE('',(#721),#2030,.T.);
#662=ADVANCED_FACE('',(#722),#2031,.T.);
#663=ADVANCED_FACE('',(#723),#2032,.T.);
#664=ADVANCED_FACE('',(#724),#2033,.T.);
#665=ADVANCED_FACE('',(#725),#2034,.T.);
#666=ADVANCED_FACE('',(#726),#2035,.T.);
#667=ADVANCED_FACE('',(#727),#2036,.T.);
#668=ADVANCED_FACE('',(#728),#2037,.T.);
#669=ADVANCED_FACE('',(#729),#2038,.T.);
#670=ADVANCED_FACE('',(#730),#2039,.T.);
#671=ADVANCED_FACE('',(#731),#2040,.T.);
#672=ADVANCED_FACE('',(#732),#2041,.T.);
#673=ADVANCED_FACE('',(#733),#2042,.T.);
#674=ADVANCED_FACE('',(#734),#2043,.T.);
#675=ADVANCED_FACE('',(#735),#2044,.T.);
#676=ADVANCED_FACE('',(#736),#2045,.T.);
#677=ADVANCED_FACE('',(#737),#2046,.T.);
#678=ADVANCED_FACE('',(#738),#2047,.T.);
#679=ADVANCED_FACE('',(#739),#2048,.T.);
#680=ADVANCED_FACE('',(#740),#2049,.T.);
#681=ADVANCED_FACE('',(#741),#2050,.T.);
#682=ADVANCED_FACE('',(#742),#2051,.T.);
#683=ADVANCED_FACE('',(#743),#2052,.T.);
#684=ADVANCED_FACE('',(#744),#2053,.T.);
#685=ADVANCED_FACE('',(#745),#2054,.T.);
#686=ADVANCED_FACE('',(#746),#2055,.T.);
#687=ADVANCED_FACE('',(#747),#2056,.T.);
#688=ADVANCED_FACE('',(#748),#2057,.T.);
#689=ADVANCED_FACE('',(#749),#2058,.T.);
#690=ADVANCED_FACE('',(#750),#2059,.T.);
#691=ADVANCED_FACE('',(#751),#2060,.T.);
#692=ADVANCED_FACE('',(#752),#2061,.T.);
#693=FACE_OUTER_BOUND('',#753,.T.);
#694=FACE_OUTER_BOUND('',#754,.T.);
#695=FACE_OUTER_BOUND('',#755,.T.);
#696=FACE_OUTER_BOUND('',#756,.T.);
#697=FACE_OUTER_BOUND('',#757,.T.);
#698=FACE_OUTER_BOUND('',#758,.T.);
#699=FACE_OUTER_BOUND('',#759,.T.);
#700=FACE_OUTER_BOUND('',#760,.T.);
#701=FACE_OUTER_BOUND('',#761,.T.);
#702=FACE_OUTER_BOUND('',#762,.T.);
#703=FACE_OUTER_BOUND('',#763,.T.);
#704=FACE_OUTER_BOUND('',#764,.T.);
#705=FACE_OUTER_BOUND('',#769,.T.);
#706=FACE_OUTER_BOUND('',#776,.T.);
#707=FACE_OUTER_BOUND('',#779,.T.);
#708=FACE_OUTER_BOUND('',#781,.T.);
#709=FACE_OUTER_BOUND('',#782,.T.);
#710=FACE_OUTER_BOUND('',#783,.T.);
#711=FACE_OUTER_BOUND('',#784,.T.);
#712=FACE_OUTER_BOUND('',#785,.T.);
#713=FACE_OUTER_BOUND('',#786,.T.);
#714=FACE_OUTER_BOUND('',#787,.T.);
#715=FACE_OUTER_BOUND('',#788,.T.);
#716=FACE_OUTER_BOUND('',#789,.T.);
#717=FACE_OUTER_BOUND('',#790,.T.);
#718=FACE_OUTER_BOUND('',#791,.T.);
#719=FACE_OUTER_BOUND('',#792,.T.);
#720=FACE_OUTER_BOUND('',#793,.T.);
#721=FACE_OUTER_BOUND('',#794,.T.);
#722=FACE_OUTER_BOUND('',#795,.T.);
#723=FACE_OUTER_BOUND('',#796,.T.);
#724=FACE_OUTER_BOUND('',#797,.T.);
#725=FACE_OUTER_BOUND('',#798,.T.);
#726=FACE_OUTER_BOUND('',#799,.T.);
#727=FACE_OUTER_BOUND('',#800,.T.);
#728=FACE_OUTER_BOUND('',#801,.T.);
#729=FACE_OUTER_BOUND('',#802,.T.);
#730=FACE_OUTER_BOUND('',#803,.T.);
#731=FACE_OUTER_BOUND('',#804,.T.);
#732=FACE_OUTER_BOUND('',#805,.T.);
#733=FACE_OUTER_BOUND('',#806,.T.);
#734=FACE_OUTER_BOUND('',#807,.T.);
#735=FACE_OUTER_BOUND('',#808,.T.);
#736=FACE_OUTER_BOUND('',#809,.T.);
#737=FACE_OUTER_BOUND('',#810,.T.);
#738=FACE_OUTER_BOUND('',#811,.T.);
#739=FACE_OUTER_BOUND('',#812,.T.);
#740=FACE_OUTER_BOUND('',#813,.T.);
#741=FACE_OUTER_BOUND('',#814,.T.);
#742=FACE_OUTER_BOUND('',#815,.T.);
#743=FACE_OUTER_BOUND('',#816,.T.);
#744=FACE_OUTER_BOUND('',#817,.T.);
#745=FACE_OUTER_BOUND('',#818,.T.);
#746=FACE_OUTER_BOUND('',#819,.T.);
#747=FACE_OUTER_BOUND('',#820,.T.);
#748=FACE_OUTER_BOUND('',#821,.T.);
#749=FACE_OUTER_BOUND('',#822,.T.);
#750=FACE_OUTER_BOUND('',#823,.T.);
#751=FACE_OUTER_BOUND('',#824,.T.);
#752=FACE_OUTER_BOUND('',#825,.T.);
#753=EDGE_LOOP('',(#826,#827,#828,#829));
#754=EDGE_LOOP('',(#830,#831,#832,#833));
#755=EDGE_LOOP('',(#834,#835,#836,#837));
#756=EDGE_LOOP('',(#838,#839,#840,#841));
#757=EDGE_LOOP('',(#842,#843,#844,#845));
#758=EDGE_LOOP('',(#846,#847,#848,#849));
#759=EDGE_LOOP('',(#850,#851,#852,#853));
#760=EDGE_LOOP('',(#854,#855,#856,#857));
#761=EDGE_LOOP('',(#858,#859,#860,#861));
#762=EDGE_LOOP('',(#862,#863,#864,#865));
#763=EDGE_LOOP('',(#866,#867,#868,#869));
#764=EDGE_LOOP('',(#870,#871,#872,#873,#874));
#765=EDGE_LOOP('',(#875,#876,#877,#878));
#766=EDGE_LOOP('',(#879,#880,#881,#882));
#767=EDGE_LOOP('',(#883,#884,#885,#886));
#768=EDGE_LOOP('',(#887,#888,#889,#890));
#769=EDGE_LOOP('',(#891,#892,#893,#894,#895));
#770=EDGE_LOOP('',(#896,#897,#898,#899));
#771=EDGE_LOOP('',(#900,#901,#902,#903));
#772=EDGE_LOOP('',(#904,#905,#906,#907));
#773=EDGE_LOOP('',(#908,#909,#910,#911));
#774=EDGE_LOOP('',(#912,#913,#914,#915));
#775=EDGE_LOOP('',(#916,#917,#918,#919));
#776=EDGE_LOOP('',(#920,#921,#922,#923));
#777=EDGE_LOOP('',(#924,#925,#926,#927));
#778=EDGE_LOOP('',(#928,#929,#930,#931));
#779=EDGE_LOOP('',(#932,#933,#934,#935));
#780=EDGE_LOOP('',(#936,#937,#938,#939));
#781=EDGE_LOOP('',(#940,#941,#942,#943));
#782=EDGE_LOOP('',(#944,#945,#946,#947));
#783=EDGE_LOOP('',(#948,#949,#950,#951));
#784=EDGE_LOOP('',(#952,#953,#954,#955));
#785=EDGE_LOOP('',(#956,#957,#958,#959));
#786=EDGE_LOOP('',(#960,#961,#962,#963));
#787=EDGE_LOOP('',(#964,#965,#966,#967));
#788=EDGE_LOOP('',(#968,#969,#970,#971));
#789=EDGE_LOOP('',(#972,#973,#974,#975));
#790=EDGE_LOOP('',(#976,#977,#978,#979));
#791=EDGE_LOOP('',(#980,#981,#982,#983));
#792=EDGE_LOOP('',(#984,#985,#986,#987));
#793=EDGE_LOOP('',(#988,#989,#990,#991));
#794=EDGE_LOOP('',(#992,#993,#994,#995));
#795=EDGE_LOOP('',(#996,#997,#998,#999));
#796=EDGE_LOOP('',(#1000,#1001,#1002,#1003));
#797=EDGE_LOOP('',(#1004,#1005,#1006,#1007));
#798=EDGE_LOOP('',(#1008,#1009,#1010,#1011));
#799=EDGE_LOOP('',(#1012,#1013,#1014,#1015));
#800=EDGE_LOOP('',(#1016,#1017,#1018,#1019));
#801=EDGE_LOOP('',(#1020,#1021,#1022,#1023));
#802=EDGE_LOOP('',(#1024,#1025,#1026,#1027));
#803=EDGE_LOOP('',(#1028,#1029,#1030,#1031));
#804=EDGE_LOOP('',(#1032,#1033,#1034,#1035));
#805=EDGE_LOOP('',(#1036,#1037,#1038,#1039));
#806=EDGE_LOOP('',(#1040,#1041,#1042,#1043));
#807=EDGE_LOOP('',(#1044,#1045,#1046,#1047));
#808=EDGE_LOOP('',(#1048,#1049,#1050,#1051));
#809=EDGE_LOOP('',(#1052,#1053,#1054,#1055));
#810=EDGE_LOOP('',(#1056,#1057,#1058,#1059));
#811=EDGE_LOOP('',(#1060,#1061,#1062,#1063));
#812=EDGE_LOOP('',(#1064,#1065,#1066,#1067));
#813=EDGE_LOOP('',(#1068,#1069,#1070,#1071));
#814=EDGE_LOOP('',(#1072,#1073,#1074,#1075));
#815=EDGE_LOOP('',(#1076,#1077,#1078,#1079));
#816=EDGE_LOOP('',(#1080,#1081,#1082,#1083));
#817=EDGE_LOOP('',(#1084,#1085,#1086,#1087));
#818=EDGE_LOOP('',(#1088,#1089,#1090,#1091));
#819=EDGE_LOOP('',(#1092,#1093,#1094,#1095));
#820=EDGE_LOOP('',(#1096,#1097,#1098,#1099));
#821=EDGE_LOOP('',(#1100,#1101,#1102,#1103));
#822=EDGE_LOOP('',(#1104,#1105,#1106,#1107));
#823=EDGE_LOOP('',(#1108,#1109,#1110,#1111));
#824=EDGE_LOOP('',(#1112,#1113,#1114,#1115));
#825=EDGE_LOOP('',(#1116,#1117,#1118,#1119));
#826=ORIENTED_EDGE('',*,*,#1120,.T.);
#827=ORIENTED_EDGE('',*,*,#1121,.T.);
#828=ORIENTED_EDGE('',*,*,#1122,.T.);
#829=ORIENTED_EDGE('',*,*,#1123,.T.);
#830=ORIENTED_EDGE('',*,*,#1124,.T.);
#831=ORIENTED_EDGE('',*,*,#1125,.T.);
#832=ORIENTED_EDGE('',*,*,#1126,.T.);
#833=ORIENTED_EDGE('',*,*,#1127,.T.);
#834=ORIENTED_EDGE('',*,*,#1128,.T.);
#835=ORIENTED_EDGE('',*,*,#1129,.T.);
#836=ORIENTED_EDGE('',*,*,#1130,.T.);
#837=ORIENTED_EDGE('',*,*,#1131,.T.);
#838=ORIENTED_EDGE('',*,*,#1132,.T.);
#839=ORIENTED_EDGE('',*,*,#1133,.T.);
#840=ORIENTED_EDGE('',*,*,#1134,.T.);
#841=ORIENTED_EDGE('',*,*,#1135,.T.);
#842=ORIENTED_EDGE('',*,*,#1136,.T.);
#843=ORIENTED_EDGE('',*,*,#1137,.T.);
#844=ORIENTED_EDGE('',*,*,#1138,.T.);
#845=ORIENTED_EDGE('',*,*,#1139,.T.);
#846=ORIENTED_EDGE('',*,*,#1143,.T.);
#847=ORIENTED_EDGE('',*,*,#1140,.T.);
#848=ORIENTED_EDGE('',*,*,#1141,.T.);
#849=ORIENTED_EDGE('',*,*,#1142,.F.);
#850=ORIENTED_EDGE('',*,*,#1147,.T.);
#851=ORIENTED_EDGE('',*,*,#1144,.T.);
#852=ORIENTED_EDGE('',*,*,#1145,.T.);
#853=ORIENTED_EDGE('',*,*,#1146,.F.);
#854=ORIENTED_EDGE('',*,*,#1151,.T.);
#855=ORIENTED_EDGE('',*,*,#1148,.T.);
#856=ORIENTED_EDGE('',*,*,#1149,.T.);
#857=ORIENTED_EDGE('',*,*,#1150,.F.);
#858=ORIENTED_EDGE('',*,*,#1155,.T.);
#859=ORIENTED_EDGE('',*,*,#1152,.T.);
#860=ORIENTED_EDGE('',*,*,#1153,.T.);
#861=ORIENTED_EDGE('',*,*,#1154,.F.);
#862=ORIENTED_EDGE('',*,*,#1158,.T.);
#863=ORIENTED_EDGE('',*,*,#1156,.T.);
#864=ORIENTED_EDGE('',*,*,#1159,.F.);
#865=ORIENTED_EDGE('',*,*,#1157,.F.);
#866=ORIENTED_EDGE('',*,*,#1162,.T.);
#867=ORIENTED_EDGE('',*,*,#1160,.T.);
#868=ORIENTED_EDGE('',*,*,#1163,.F.);
#869=ORIENTED_EDGE('',*,*,#1161,.F.);
#870=ORIENTED_EDGE('',*,*,#1183,.T.);
#871=ORIENTED_EDGE('',*,*,#1184,.T.);
#872=ORIENTED_EDGE('',*,*,#1166,.T.);
#873=ORIENTED_EDGE('',*,*,#1164,.T.);
#874=ORIENTED_EDGE('',*,*,#1165,.T.);
#875=ORIENTED_EDGE('',*,*,#1167,.T.);
#876=ORIENTED_EDGE('',*,*,#1173,.T.);
#877=ORIENTED_EDGE('',*,*,#1172,.T.);
#878=ORIENTED_EDGE('',*,*,#1171,.T.);
#879=ORIENTED_EDGE('',*,*,#1168,.T.);
#880=ORIENTED_EDGE('',*,*,#1176,.T.);
#881=ORIENTED_EDGE('',*,*,#1175,.T.);
#882=ORIENTED_EDGE('',*,*,#1174,.T.);
#883=ORIENTED_EDGE('',*,*,#1169,.T.);
#884=ORIENTED_EDGE('',*,*,#1179,.T.);
#885=ORIENTED_EDGE('',*,*,#1178,.T.);
#886=ORIENTED_EDGE('',*,*,#1177,.T.);
#887=ORIENTED_EDGE('',*,*,#1170,.T.);
#888=ORIENTED_EDGE('',*,*,#1182,.T.);
#889=ORIENTED_EDGE('',*,*,#1181,.T.);
#890=ORIENTED_EDGE('',*,*,#1180,.T.);
#891=ORIENTED_EDGE('',*,*,#1186,.F.);
#892=ORIENTED_EDGE('',*,*,#1185,.F.);
#893=ORIENTED_EDGE('',*,*,#1187,.F.);
#894=ORIENTED_EDGE('',*,*,#1213,.F.);
#895=ORIENTED_EDGE('',*,*,#1212,.F.);
#896=ORIENTED_EDGE('',*,*,#1188,.T.);
#897=ORIENTED_EDGE('',*,*,#1196,.T.);
#898=ORIENTED_EDGE('',*,*,#1195,.T.);
#899=ORIENTED_EDGE('',*,*,#1194,.T.);
#900=ORIENTED_EDGE('',*,*,#1189,.T.);
#901=ORIENTED_EDGE('',*,*,#1199,.T.);
#902=ORIENTED_EDGE('',*,*,#1198,.T.);
#903=ORIENTED_EDGE('',*,*,#1197,.T.);
#904=ORIENTED_EDGE('',*,*,#1190,.T.);
#905=ORIENTED_EDGE('',*,*,#1202,.T.);
#906=ORIENTED_EDGE('',*,*,#1201,.T.);
#907=ORIENTED_EDGE('',*,*,#1200,.T.);
#908=ORIENTED_EDGE('',*,*,#1191,.T.);
#909=ORIENTED_EDGE('',*,*,#1205,.T.);
#910=ORIENTED_EDGE('',*,*,#1204,.T.);
#911=ORIENTED_EDGE('',*,*,#1203,.T.);
#912=ORIENTED_EDGE('',*,*,#1192,.T.);
#913=ORIENTED_EDGE('',*,*,#1208,.T.);
#914=ORIENTED_EDGE('',*,*,#1207,.T.);
#915=ORIENTED_EDGE('',*,*,#1206,.T.);
#916=ORIENTED_EDGE('',*,*,#1193,.T.);
#917=ORIENTED_EDGE('',*,*,#1211,.T.);
#918=ORIENTED_EDGE('',*,*,#1210,.T.);
#919=ORIENTED_EDGE('',*,*,#1209,.T.);
#920=ORIENTED_EDGE('',*,*,#1224,.T.);
#921=ORIENTED_EDGE('',*,*,#1225,.T.);
#922=ORIENTED_EDGE('',*,*,#1214,.T.);
#923=ORIENTED_EDGE('',*,*,#1215,.T.);
#924=ORIENTED_EDGE('',*,*,#1218,.F.);
#925=ORIENTED_EDGE('',*,*,#1219,.F.);
#926=ORIENTED_EDGE('',*,*,#1220,.F.);
#927=ORIENTED_EDGE('',*,*,#1216,.F.);
#928=ORIENTED_EDGE('',*,*,#1221,.F.);
#929=ORIENTED_EDGE('',*,*,#1222,.F.);
#930=ORIENTED_EDGE('',*,*,#1223,.F.);
#931=ORIENTED_EDGE('',*,*,#1217,.F.);
#932=ORIENTED_EDGE('',*,*,#1226,.T.);
#933=ORIENTED_EDGE('',*,*,#1227,.T.);
#934=ORIENTED_EDGE('',*,*,#1228,.T.);
#935=ORIENTED_EDGE('',*,*,#1229,.T.);
#936=ORIENTED_EDGE('',*,*,#1233,.F.);
#937=ORIENTED_EDGE('',*,*,#1232,.F.);
#938=ORIENTED_EDGE('',*,*,#1231,.F.);
#939=ORIENTED_EDGE('',*,*,#1230,.F.);
#940=ORIENTED_EDGE('',*,*,#1237,.F.);
#941=ORIENTED_EDGE('',*,*,#1236,.F.);
#942=ORIENTED_EDGE('',*,*,#1235,.F.);
#943=ORIENTED_EDGE('',*,*,#1234,.F.);
#944=ORIENTED_EDGE('',*,*,#1241,.F.);
#945=ORIENTED_EDGE('',*,*,#1240,.F.);
#946=ORIENTED_EDGE('',*,*,#1239,.F.);
#947=ORIENTED_EDGE('',*,*,#1238,.F.);
#948=ORIENTED_EDGE('',*,*,#1245,.F.);
#949=ORIENTED_EDGE('',*,*,#1244,.F.);
#950=ORIENTED_EDGE('',*,*,#1243,.F.);
#951=ORIENTED_EDGE('',*,*,#1242,.F.);
#952=ORIENTED_EDGE('',*,*,#1249,.F.);
#953=ORIENTED_EDGE('',*,*,#1248,.F.);
#954=ORIENTED_EDGE('',*,*,#1247,.F.);
#955=ORIENTED_EDGE('',*,*,#1246,.F.);
#956=ORIENTED_EDGE('',*,*,#1253,.F.);
#957=ORIENTED_EDGE('',*,*,#1252,.F.);
#958=ORIENTED_EDGE('',*,*,#1251,.F.);
#959=ORIENTED_EDGE('',*,*,#1250,.F.);
#960=ORIENTED_EDGE('',*,*,#1257,.F.);
#961=ORIENTED_EDGE('',*,*,#1256,.F.);
#962=ORIENTED_EDGE('',*,*,#1255,.F.);
#963=ORIENTED_EDGE('',*,*,#1254,.F.);
#964=ORIENTED_EDGE('',*,*,#1261,.F.);
#965=ORIENTED_EDGE('',*,*,#1260,.F.);
#966=ORIENTED_EDGE('',*,*,#1259,.F.);
#967=ORIENTED_EDGE('',*,*,#1258,.F.);
#968=ORIENTED_EDGE('',*,*,#1265,.F.);
#969=ORIENTED_EDGE('',*,*,#1264,.F.);
#970=ORIENTED_EDGE('',*,*,#1263,.F.);
#971=ORIENTED_EDGE('',*,*,#1262,.F.);
#972=ORIENTED_EDGE('',*,*,#1269,.F.);
#973=ORIENTED_EDGE('',*,*,#1268,.F.);
#974=ORIENTED_EDGE('',*,*,#1267,.F.);
#975=ORIENTED_EDGE('',*,*,#1266,.F.);
#976=ORIENTED_EDGE('',*,*,#1273,.F.);
#977=ORIENTED_EDGE('',*,*,#1272,.F.);
#978=ORIENTED_EDGE('',*,*,#1271,.F.);
#979=ORIENTED_EDGE('',*,*,#1270,.F.);
#980=ORIENTED_EDGE('',*,*,#1277,.F.);
#981=ORIENTED_EDGE('',*,*,#1276,.F.);
#982=ORIENTED_EDGE('',*,*,#1275,.F.);
#983=ORIENTED_EDGE('',*,*,#1274,.F.);
#984=ORIENTED_EDGE('',*,*,#1281,.F.);
#985=ORIENTED_EDGE('',*,*,#1280,.F.);
#986=ORIENTED_EDGE('',*,*,#1279,.F.);
#987=ORIENTED_EDGE('',*,*,#1278,.F.);
#988=ORIENTED_EDGE('',*,*,#1285,.F.);
#989=ORIENTED_EDGE('',*,*,#1284,.F.);
#990=ORIENTED_EDGE('',*,*,#1283,.F.);
#991=ORIENTED_EDGE('',*,*,#1282,.F.);
#992=ORIENTED_EDGE('',*,*,#1289,.F.);
#993=ORIENTED_EDGE('',*,*,#1288,.F.);
#994=ORIENTED_EDGE('',*,*,#1287,.F.);
#995=ORIENTED_EDGE('',*,*,#1286,.F.);
#996=ORIENTED_EDGE('',*,*,#1293,.F.);
#997=ORIENTED_EDGE('',*,*,#1292,.F.);
#998=ORIENTED_EDGE('',*,*,#1291,.F.);
#999=ORIENTED_EDGE('',*,*,#1290,.F.);
#1000=ORIENTED_EDGE('',*,*,#1297,.F.);
#1001=ORIENTED_EDGE('',*,*,#1296,.F.);
#1002=ORIENTED_EDGE('',*,*,#1295,.F.);
#1003=ORIENTED_EDGE('',*,*,#1294,.F.);
#1004=ORIENTED_EDGE('',*,*,#1301,.F.);
#1005=ORIENTED_EDGE('',*,*,#1300,.F.);
#1006=ORIENTED_EDGE('',*,*,#1299,.F.);
#1007=ORIENTED_EDGE('',*,*,#1298,.F.);
#1008=ORIENTED_EDGE('',*,*,#1305,.F.);
#1009=ORIENTED_EDGE('',*,*,#1304,.F.);
#1010=ORIENTED_EDGE('',*,*,#1303,.F.);
#1011=ORIENTED_EDGE('',*,*,#1302,.F.);
#1012=ORIENTED_EDGE('',*,*,#1309,.F.);
#1013=ORIENTED_EDGE('',*,*,#1308,.F.);
#1014=ORIENTED_EDGE('',*,*,#1307,.F.);
#1015=ORIENTED_EDGE('',*,*,#1306,.F.);
#1016=ORIENTED_EDGE('',*,*,#1313,.F.);
#1017=ORIENTED_EDGE('',*,*,#1312,.F.);
#1018=ORIENTED_EDGE('',*,*,#1311,.F.);
#1019=ORIENTED_EDGE('',*,*,#1310,.F.);
#1020=ORIENTED_EDGE('',*,*,#1317,.F.);
#1021=ORIENTED_EDGE('',*,*,#1316,.F.);
#1022=ORIENTED_EDGE('',*,*,#1315,.F.);
#1023=ORIENTED_EDGE('',*,*,#1314,.F.);
#1024=ORIENTED_EDGE('',*,*,#1321,.F.);
#1025=ORIENTED_EDGE('',*,*,#1320,.F.);
#1026=ORIENTED_EDGE('',*,*,#1319,.F.);
#1027=ORIENTED_EDGE('',*,*,#1318,.F.);
#1028=ORIENTED_EDGE('',*,*,#1325,.F.);
#1029=ORIENTED_EDGE('',*,*,#1324,.F.);
#1030=ORIENTED_EDGE('',*,*,#1323,.F.);
#1031=ORIENTED_EDGE('',*,*,#1322,.F.);
#1032=ORIENTED_EDGE('',*,*,#1329,.F.);
#1033=ORIENTED_EDGE('',*,*,#1328,.F.);
#1034=ORIENTED_EDGE('',*,*,#1327,.F.);
#1035=ORIENTED_EDGE('',*,*,#1326,.F.);
#1036=ORIENTED_EDGE('',*,*,#1333,.F.);
#1037=ORIENTED_EDGE('',*,*,#1332,.F.);
#1038=ORIENTED_EDGE('',*,*,#1331,.F.);
#1039=ORIENTED_EDGE('',*,*,#1330,.F.);
#1040=ORIENTED_EDGE('',*,*,#1337,.F.);
#1041=ORIENTED_EDGE('',*,*,#1336,.F.);
#1042=ORIENTED_EDGE('',*,*,#1335,.F.);
#1043=ORIENTED_EDGE('',*,*,#1334,.F.);
#1044=ORIENTED_EDGE('',*,*,#1341,.F.);
#1045=ORIENTED_EDGE('',*,*,#1340,.F.);
#1046=ORIENTED_EDGE('',*,*,#1339,.F.);
#1047=ORIENTED_EDGE('',*,*,#1338,.F.);
#1048=ORIENTED_EDGE('',*,*,#1345,.F.);
#1049=ORIENTED_EDGE('',*,*,#1344,.F.);
#1050=ORIENTED_EDGE('',*,*,#1343,.F.);
#1051=ORIENTED_EDGE('',*,*,#1342,.F.);
#1052=ORIENTED_EDGE('',*,*,#1349,.F.);
#1053=ORIENTED_EDGE('',*,*,#1348,.F.);
#1054=ORIENTED_EDGE('',*,*,#1347,.F.);
#1055=ORIENTED_EDGE('',*,*,#1346,.F.);
#1056=ORIENTED_EDGE('',*,*,#1353,.F.);
#1057=ORIENTED_EDGE('',*,*,#1352,.F.);
#1058=ORIENTED_EDGE('',*,*,#1351,.F.);
#1059=ORIENTED_EDGE('',*,*,#1350,.F.);
#1060=ORIENTED_EDGE('',*,*,#1357,.F.);
#1061=ORIENTED_EDGE('',*,*,#1356,.F.);
#1062=ORIENTED_EDGE('',*,*,#1355,.F.);
#1063=ORIENTED_EDGE('',*,*,#1354,.F.);
#1064=ORIENTED_EDGE('',*,*,#1361,.F.);
#1065=ORIENTED_EDGE('',*,*,#1360,.F.);
#1066=ORIENTED_EDGE('',*,*,#1359,.F.);
#1067=ORIENTED_EDGE('',*,*,#1358,.F.);
#1068=ORIENTED_EDGE('',*,*,#1365,.F.);
#1069=ORIENTED_EDGE('',*,*,#1364,.F.);
#1070=ORIENTED_EDGE('',*,*,#1363,.F.);
#1071=ORIENTED_EDGE('',*,*,#1362,.F.);
#1072=ORIENTED_EDGE('',*,*,#1369,.F.);
#1073=ORIENTED_EDGE('',*,*,#1368,.F.);
#1074=ORIENTED_EDGE('',*,*,#1367,.F.);
#1075=ORIENTED_EDGE('',*,*,#1366,.F.);
#1076=ORIENTED_EDGE('',*,*,#1373,.F.);
#1077=ORIENTED_EDGE('',*,*,#1372,.F.);
#1078=ORIENTED_EDGE('',*,*,#1371,.F.);
#1079=ORIENTED_EDGE('',*,*,#1370,.F.);
#1080=ORIENTED_EDGE('',*,*,#1377,.F.);
#1081=ORIENTED_EDGE('',*,*,#1376,.F.);
#1082=ORIENTED_EDGE('',*,*,#1375,.F.);
#1083=ORIENTED_EDGE('',*,*,#1374,.F.);
#1084=ORIENTED_EDGE('',*,*,#1381,.F.);
#1085=ORIENTED_EDGE('',*,*,#1380,.F.);
#1086=ORIENTED_EDGE('',*,*,#1379,.F.);
#1087=ORIENTED_EDGE('',*,*,#1378,.F.);
#1088=ORIENTED_EDGE('',*,*,#1382,.T.);
#1089=ORIENTED_EDGE('',*,*,#1383,.T.);
#1090=ORIENTED_EDGE('',*,*,#1384,.T.);
#1091=ORIENTED_EDGE('',*,*,#1385,.T.);
#1092=ORIENTED_EDGE('',*,*,#1386,.T.);
#1093=ORIENTED_EDGE('',*,*,#1387,.T.);
#1094=ORIENTED_EDGE('',*,*,#1388,.T.);
#1095=ORIENTED_EDGE('',*,*,#1389,.T.);
#1096=ORIENTED_EDGE('',*,*,#1390,.T.);
#1097=ORIENTED_EDGE('',*,*,#1391,.T.);
#1098=ORIENTED_EDGE('',*,*,#1392,.T.);
#1099=ORIENTED_EDGE('',*,*,#1393,.T.);
#1100=ORIENTED_EDGE('',*,*,#1394,.T.);
#1101=ORIENTED_EDGE('',*,*,#1395,.T.);
#1102=ORIENTED_EDGE('',*,*,#1396,.T.);
#1103=ORIENTED_EDGE('',*,*,#1397,.T.);
#1104=ORIENTED_EDGE('',*,*,#1398,.T.);
#1105=ORIENTED_EDGE('',*,*,#1399,.T.);
#1106=ORIENTED_EDGE('',*,*,#1400,.T.);
#1107=ORIENTED_EDGE('',*,*,#1401,.T.);
#1108=ORIENTED_EDGE('',*,*,#1402,.T.);
#1109=ORIENTED_EDGE('',*,*,#1403,.T.);
#1110=ORIENTED_EDGE('',*,*,#1404,.T.);
#1111=ORIENTED_EDGE('',*,*,#1405,.T.);
#1112=ORIENTED_EDGE('',*,*,#1406,.T.);
#1113=ORIENTED_EDGE('',*,*,#1407,.T.);
#1114=ORIENTED_EDGE('',*,*,#1408,.T.);
#1115=ORIENTED_EDGE('',*,*,#1409,.T.);
#1116=ORIENTED_EDGE('',*,*,#1410,.T.);
#1117=ORIENTED_EDGE('',*,*,#1411,.T.);
#1118=ORIENTED_EDGE('',*,*,#1412,.T.);
#1119=ORIENTED_EDGE('',*,*,#1413,.T.);
#1120=EDGE_CURVE('',#1708,#1709,#1414,.T.);
#1121=EDGE_CURVE('',#1709,#1710,#1415,.T.);
#1122=EDGE_CURVE('',#1710,#1711,#1416,.T.);
#1123=EDGE_CURVE('',#1711,#1708,#1417,.T.);
#1124=EDGE_CURVE('',#1712,#1713,#1418,.T.);
#1125=EDGE_CURVE('',#1713,#1714,#1419,.T.);
#1126=EDGE_CURVE('',#1714,#1715,#1420,.T.);
#1127=EDGE_CURVE('',#1715,#1712,#1421,.T.);
#1128=EDGE_CURVE('',#1716,#1717,#1422,.T.);
#1129=EDGE_CURVE('',#1717,#1718,#1423,.T.);
#1130=EDGE_CURVE('',#1718,#1719,#1424,.T.);
#1131=EDGE_CURVE('',#1719,#1716,#1425,.T.);
#1132=EDGE_CURVE('',#1720,#1721,#1426,.T.);
#1133=EDGE_CURVE('',#1721,#1722,#1427,.T.);
#1134=EDGE_CURVE('',#1722,#1723,#1428,.T.);
#1135=EDGE_CURVE('',#1723,#1720,#1429,.T.);
#1136=EDGE_CURVE('',#1724,#1725,#1430,.T.);
#1137=EDGE_CURVE('',#1725,#1726,#1431,.T.);
#1138=EDGE_CURVE('',#1726,#1727,#1432,.T.);
#1139=EDGE_CURVE('',#1727,#1724,#1433,.T.);
#1140=EDGE_CURVE('',#1728,#1729,#1434,.T.);
#1141=EDGE_CURVE('',#1729,#1731,#1435,.T.);
#1142=EDGE_CURVE('',#1730,#1731,#1436,.T.);
#1143=EDGE_CURVE('',#1730,#1728,#1437,.T.);
#1144=EDGE_CURVE('',#1732,#1733,#1438,.T.);
#1145=EDGE_CURVE('',#1733,#1735,#1439,.T.);
#1146=EDGE_CURVE('',#1734,#1735,#1440,.T.);
#1147=EDGE_CURVE('',#1734,#1732,#1441,.T.);
#1148=EDGE_CURVE('',#1736,#1737,#1442,.T.);
#1149=EDGE_CURVE('',#1737,#1739,#1443,.T.);
#1150=EDGE_CURVE('',#1738,#1739,#1444,.T.);
#1151=EDGE_CURVE('',#1738,#1736,#1445,.T.);
#1152=EDGE_CURVE('',#1740,#1741,#1446,.T.);
#1153=EDGE_CURVE('',#1741,#1743,#1447,.T.);
#1154=EDGE_CURVE('',#1742,#1743,#1448,.T.);
#1155=EDGE_CURVE('',#1742,#1740,#1449,.T.);
#1156=EDGE_CURVE('',#1744,#1745,#1450,.T.);
#1157=EDGE_CURVE('',#1746,#1747,#1451,.T.);
#1158=EDGE_CURVE('',#1746,#1744,#1452,.T.);
#1159=EDGE_CURVE('',#1747,#1745,#1453,.T.);
#1160=EDGE_CURVE('',#1748,#1749,#1454,.T.);
#1161=EDGE_CURVE('',#1750,#1751,#1455,.T.);
#1162=EDGE_CURVE('',#1750,#1748,#1456,.T.);
#1163=EDGE_CURVE('',#1751,#1749,#1457,.T.);
#1164=EDGE_CURVE('',#1752,#1753,#1458,.T.);
#1165=EDGE_CURVE('',#1753,#1771,#1459,.T.);
#1166=EDGE_CURVE('',#1754,#1752,#1460,.T.);
#1167=EDGE_CURVE('',#1755,#1761,#1461,.T.);
#1168=EDGE_CURVE('',#1756,#1764,#1462,.T.);
#1169=EDGE_CURVE('',#1757,#1767,#1463,.T.);
#1170=EDGE_CURVE('',#1758,#1770,#1464,.T.);
#1171=EDGE_CURVE('',#1759,#1755,#1465,.T.);
#1172=EDGE_CURVE('',#1760,#1759,#1466,.T.);
#1173=EDGE_CURVE('',#1761,#1760,#1467,.T.);
#1174=EDGE_CURVE('',#1762,#1756,#1468,.T.);
#1175=EDGE_CURVE('',#1763,#1762,#1469,.T.);
#1176=EDGE_CURVE('',#1764,#1763,#1470,.T.);
#1177=EDGE_CURVE('',#1765,#1757,#1471,.T.);
#1178=EDGE_CURVE('',#1766,#1765,#1472,.T.);
#1179=EDGE_CURVE('',#1767,#1766,#1473,.T.);
#1180=EDGE_CURVE('',#1768,#1758,#1474,.T.);
#1181=EDGE_CURVE('',#1769,#1768,#1475,.T.);
#1182=EDGE_CURVE('',#1770,#1769,#1476,.T.);
#1183=EDGE_CURVE('',#1771,#1772,#1477,.T.);
#1184=EDGE_CURVE('',#1772,#1754,#1478,.T.);
#1185=EDGE_CURVE('',#1773,#1774,#1479,.T.);
#1186=EDGE_CURVE('',#1774,#1800,#1480,.T.);
#1187=EDGE_CURVE('',#1775,#1773,#1481,.T.);
#1188=EDGE_CURVE('',#1776,#1784,#1482,.T.);
#1189=EDGE_CURVE('',#1777,#1787,#1483,.T.);
#1190=EDGE_CURVE('',#1778,#1790,#1484,.T.);
#1191=EDGE_CURVE('',#1779,#1793,#1485,.T.);
#1192=EDGE_CURVE('',#1780,#1796,#1486,.T.);
#1193=EDGE_CURVE('',#1781,#1799,#1487,.T.);
#1194=EDGE_CURVE('',#1782,#1776,#1488,.T.);
#1195=EDGE_CURVE('',#1783,#1782,#1489,.T.);
#1196=EDGE_CURVE('',#1784,#1783,#1490,.T.);
#1197=EDGE_CURVE('',#1785,#1777,#1491,.T.);
#1198=EDGE_CURVE('',#1786,#1785,#1492,.T.);
#1199=EDGE_CURVE('',#1787,#1786,#1493,.T.);
#1200=EDGE_CURVE('',#1788,#1778,#1494,.T.);
#1201=EDGE_CURVE('',#1789,#1788,#1495,.T.);
#1202=EDGE_CURVE('',#1790,#1789,#1496,.T.);
#1203=EDGE_CURVE('',#1791,#1779,#1497,.T.);
#1204=EDGE_CURVE('',#1792,#1791,#1498,.T.);
#1205=EDGE_CURVE('',#1793,#1792,#1499,.T.);
#1206=EDGE_CURVE('',#1794,#1780,#1500,.T.);
#1207=EDGE_CURVE('',#1795,#1794,#1501,.T.);
#1208=EDGE_CURVE('',#1796,#1795,#1502,.T.);
#1209=EDGE_CURVE('',#1797,#1781,#1503,.T.);
#1210=EDGE_CURVE('',#1798,#1797,#1504,.T.);
#1211=EDGE_CURVE('',#1799,#1798,#1505,.T.);
#1212=EDGE_CURVE('',#1800,#1801,#1506,.T.);
#1213=EDGE_CURVE('',#1801,#1775,#1507,.T.);
#1214=EDGE_CURVE('',#1802,#1803,#1508,.T.);
#1215=EDGE_CURVE('',#1803,#1812,#1509,.T.);
#1216=EDGE_CURVE('',#1804,#1808,#1510,.T.);
#1217=EDGE_CURVE('',#1805,#1811,#1511,.T.);
#1218=EDGE_CURVE('',#1806,#1804,#1512,.T.);
#1219=EDGE_CURVE('',#1807,#1806,#1513,.T.);
#1220=EDGE_CURVE('',#1808,#1807,#1514,.T.);
#1221=EDGE_CURVE('',#1809,#1805,#1515,.T.);
#1222=EDGE_CURVE('',#1810,#1809,#1516,.T.);
#1223=EDGE_CURVE('',#1811,#1810,#1517,.T.);
#1224=EDGE_CURVE('',#1812,#1813,#1518,.T.);
#1225=EDGE_CURVE('',#1813,#1802,#1519,.T.);
#1226=EDGE_CURVE('',#1814,#1815,#1520,.T.);
#1227=EDGE_CURVE('',#1815,#1816,#1521,.T.);
#1228=EDGE_CURVE('',#1816,#1817,#1522,.T.);
#1229=EDGE_CURVE('',#1817,#1814,#1523,.T.);
#1230=EDGE_CURVE('',#1818,#1819,#1524,.T.);
#1231=EDGE_CURVE('',#1819,#1820,#1525,.T.);
#1232=EDGE_CURVE('',#1820,#1821,#1526,.T.);
#1233=EDGE_CURVE('',#1821,#1818,#1527,.T.);
#1234=EDGE_CURVE('',#1822,#1823,#1528,.T.);
#1235=EDGE_CURVE('',#1823,#1824,#1529,.T.);
#1236=EDGE_CURVE('',#1824,#1825,#1530,.T.);
#1237=EDGE_CURVE('',#1825,#1822,#1531,.T.);
#1238=EDGE_CURVE('',#1826,#1827,#1532,.T.);
#1239=EDGE_CURVE('',#1827,#1828,#1533,.T.);
#1240=EDGE_CURVE('',#1828,#1829,#1534,.T.);
#1241=EDGE_CURVE('',#1829,#1826,#1535,.T.);
#1242=EDGE_CURVE('',#1830,#1831,#1536,.T.);
#1243=EDGE_CURVE('',#1831,#1832,#1537,.T.);
#1244=EDGE_CURVE('',#1832,#1833,#1538,.T.);
#1245=EDGE_CURVE('',#1833,#1830,#1539,.T.);
#1246=EDGE_CURVE('',#1834,#1835,#1540,.T.);
#1247=EDGE_CURVE('',#1835,#1836,#1541,.T.);
#1248=EDGE_CURVE('',#1836,#1837,#1542,.T.);
#1249=EDGE_CURVE('',#1837,#1834,#1543,.T.);
#1250=EDGE_CURVE('',#1838,#1839,#1544,.T.);
#1251=EDGE_CURVE('',#1839,#1840,#1545,.T.);
#1252=EDGE_CURVE('',#1840,#1841,#1546,.T.);
#1253=EDGE_CURVE('',#1841,#1838,#1547,.T.);
#1254=EDGE_CURVE('',#1842,#1843,#1548,.T.);
#1255=EDGE_CURVE('',#1843,#1844,#1549,.T.);
#1256=EDGE_CURVE('',#1844,#1845,#1550,.T.);
#1257=EDGE_CURVE('',#1845,#1842,#1551,.T.);
#1258=EDGE_CURVE('',#1846,#1847,#1552,.T.);
#1259=EDGE_CURVE('',#1847,#1848,#1553,.T.);
#1260=EDGE_CURVE('',#1848,#1849,#1554,.T.);
#1261=EDGE_CURVE('',#1849,#1846,#1555,.T.);
#1262=EDGE_CURVE('',#1850,#1851,#1556,.T.);
#1263=EDGE_CURVE('',#1851,#1852,#1557,.T.);
#1264=EDGE_CURVE('',#1852,#1853,#1558,.T.);
#1265=EDGE_CURVE('',#1853,#1850,#1559,.T.);
#1266=EDGE_CURVE('',#1854,#1855,#1560,.T.);
#1267=EDGE_CURVE('',#1855,#1856,#1561,.T.);
#1268=EDGE_CURVE('',#1856,#1857,#1562,.T.);
#1269=EDGE_CURVE('',#1857,#1854,#1563,.T.);
#1270=EDGE_CURVE('',#1858,#1859,#1564,.T.);
#1271=EDGE_CURVE('',#1859,#1860,#1565,.T.);
#1272=EDGE_CURVE('',#1860,#1861,#1566,.T.);
#1273=EDGE_CURVE('',#1861,#1858,#1567,.T.);
#1274=EDGE_CURVE('',#1862,#1863,#1568,.T.);
#1275=EDGE_CURVE('',#1863,#1864,#1569,.T.);
#1276=EDGE_CURVE('',#1864,#1865,#1570,.T.);
#1277=EDGE_CURVE('',#1865,#1862,#1571,.T.);
#1278=EDGE_CURVE('',#1866,#1867,#1572,.T.);
#1279=EDGE_CURVE('',#1867,#1868,#1573,.T.);
#1280=EDGE_CURVE('',#1868,#1869,#1574,.T.);
#1281=EDGE_CURVE('',#1869,#1866,#1575,.T.);
#1282=EDGE_CURVE('',#1870,#1871,#1576,.T.);
#1283=EDGE_CURVE('',#1871,#1872,#1577,.T.);
#1284=EDGE_CURVE('',#1872,#1873,#1578,.T.);
#1285=EDGE_CURVE('',#1873,#1870,#1579,.T.);
#1286=EDGE_CURVE('',#1874,#1875,#1580,.T.);
#1287=EDGE_CURVE('',#1875,#1876,#1581,.T.);
#1288=EDGE_CURVE('',#1876,#1877,#1582,.T.);
#1289=EDGE_CURVE('',#1877,#1874,#1583,.T.);
#1290=EDGE_CURVE('',#1878,#1879,#1584,.T.);
#1291=EDGE_CURVE('',#1879,#1880,#1585,.T.);
#1292=EDGE_CURVE('',#1880,#1881,#1586,.T.);
#1293=EDGE_CURVE('',#1881,#1878,#1587,.T.);
#1294=EDGE_CURVE('',#1882,#1883,#1588,.T.);
#1295=EDGE_CURVE('',#1883,#1884,#1589,.T.);
#1296=EDGE_CURVE('',#1884,#1885,#1590,.T.);
#1297=EDGE_CURVE('',#1885,#1882,#1591,.T.);
#1298=EDGE_CURVE('',#1886,#1887,#1592,.T.);
#1299=EDGE_CURVE('',#1887,#1888,#1593,.T.);
#1300=EDGE_CURVE('',#1888,#1889,#1594,.T.);
#1301=EDGE_CURVE('',#1889,#1886,#1595,.T.);
#1302=EDGE_CURVE('',#1890,#1891,#1596,.T.);
#1303=EDGE_CURVE('',#1891,#1892,#1597,.T.);
#1304=EDGE_CURVE('',#1892,#1893,#1598,.T.);
#1305=EDGE_CURVE('',#1893,#1890,#1599,.T.);
#1306=EDGE_CURVE('',#1894,#1895,#1600,.T.);
#1307=EDGE_CURVE('',#1895,#1896,#1601,.T.);
#1308=EDGE_CURVE('',#1896,#1897,#1602,.T.);
#1309=EDGE_CURVE('',#1897,#1894,#1603,.T.);
#1310=EDGE_CURVE('',#1898,#1899,#1604,.T.);
#1311=EDGE_CURVE('',#1899,#1900,#1605,.T.);
#1312=EDGE_CURVE('',#1900,#1901,#1606,.T.);
#1313=EDGE_CURVE('',#1901,#1898,#1607,.T.);
#1314=EDGE_CURVE('',#1902,#1903,#1608,.T.);
#1315=EDGE_CURVE('',#1903,#1904,#1609,.T.);
#1316=EDGE_CURVE('',#1904,#1905,#1610,.T.);
#1317=EDGE_CURVE('',#1905,#1902,#1611,.T.);
#1318=EDGE_CURVE('',#1906,#1907,#1612,.T.);
#1319=EDGE_CURVE('',#1907,#1908,#1613,.T.);
#1320=EDGE_CURVE('',#1908,#1909,#1614,.T.);
#1321=EDGE_CURVE('',#1909,#1906,#1615,.T.);
#1322=EDGE_CURVE('',#1910,#1911,#1616,.T.);
#1323=EDGE_CURVE('',#1911,#1912,#1617,.T.);
#1324=EDGE_CURVE('',#1912,#1913,#1618,.T.);
#1325=EDGE_CURVE('',#1913,#1910,#1619,.T.);
#1326=EDGE_CURVE('',#1914,#1915,#1620,.T.);
#1327=EDGE_CURVE('',#1915,#1916,#1621,.T.);
#1328=EDGE_CURVE('',#1916,#1917,#1622,.T.);
#1329=EDGE_CURVE('',#1917,#1914,#1623,.T.);
#1330=EDGE_CURVE('',#1918,#1919,#1624,.T.);
#1331=EDGE_CURVE('',#1919,#1920,#1625,.T.);
#1332=EDGE_CURVE('',#1920,#1921,#1626,.T.);
#1333=EDGE_CURVE('',#1921,#1918,#1627,.T.);
#1334=EDGE_CURVE('',#1922,#1923,#1628,.T.);
#1335=EDGE_CURVE('',#1923,#1924,#1629,.T.);
#1336=EDGE_CURVE('',#1924,#1925,#1630,.T.);
#1337=EDGE_CURVE('',#1925,#1922,#1631,.T.);
#1338=EDGE_CURVE('',#1926,#1927,#1632,.T.);
#1339=EDGE_CURVE('',#1927,#1928,#1633,.T.);
#1340=EDGE_CURVE('',#1928,#1929,#1634,.T.);
#1341=EDGE_CURVE('',#1929,#1926,#1635,.T.);
#1342=EDGE_CURVE('',#1930,#1931,#1636,.T.);
#1343=EDGE_CURVE('',#1931,#1932,#1637,.T.);
#1344=EDGE_CURVE('',#1932,#1933,#1638,.T.);
#1345=EDGE_CURVE('',#1933,#1930,#1639,.T.);
#1346=EDGE_CURVE('',#1934,#1935,#1640,.T.);
#1347=EDGE_CURVE('',#1935,#1936,#1641,.T.);
#1348=EDGE_CURVE('',#1936,#1937,#1642,.T.);
#1349=EDGE_CURVE('',#1937,#1934,#1643,.T.);
#1350=EDGE_CURVE('',#1938,#1939,#1644,.T.);
#1351=EDGE_CURVE('',#1939,#1940,#1645,.T.);
#1352=EDGE_CURVE('',#1940,#1941,#1646,.T.);
#1353=EDGE_CURVE('',#1941,#1938,#1647,.T.);
#1354=EDGE_CURVE('',#1942,#1943,#1648,.T.);
#1355=EDGE_CURVE('',#1943,#1944,#1649,.T.);
#1356=EDGE_CURVE('',#1944,#1945,#1650,.T.);
#1357=EDGE_CURVE('',#1945,#1942,#1651,.T.);
#1358=EDGE_CURVE('',#1946,#1947,#1652,.T.);
#1359=EDGE_CURVE('',#1947,#1948,#1653,.T.);
#1360=EDGE_CURVE('',#1948,#1949,#1654,.T.);
#1361=EDGE_CURVE('',#1949,#1946,#1655,.T.);
#1362=EDGE_CURVE('',#1950,#1951,#1656,.T.);
#1363=EDGE_CURVE('',#1951,#1952,#1657,.T.);
#1364=EDGE_CURVE('',#1952,#1953,#1658,.T.);
#1365=EDGE_CURVE('',#1953,#1950,#1659,.T.);
#1366=EDGE_CURVE('',#1954,#1955,#1660,.T.);
#1367=EDGE_CURVE('',#1955,#1956,#1661,.T.);
#1368=EDGE_CURVE('',#1956,#1957,#1662,.T.);
#1369=EDGE_CURVE('',#1957,#1954,#1663,.T.);
#1370=EDGE_CURVE('',#1958,#1959,#1664,.T.);
#1371=EDGE_CURVE('',#1959,#1960,#1665,.T.);
#1372=EDGE_CURVE('',#1960,#1961,#1666,.T.);
#1373=EDGE_CURVE('',#1961,#1958,#1667,.T.);
#1374=EDGE_CURVE('',#1962,#1963,#1668,.T.);
#1375=EDGE_CURVE('',#1963,#1964,#1669,.T.);
#1376=EDGE_CURVE('',#1964,#1965,#1670,.T.);
#1377=EDGE_CURVE('',#1965,#1962,#1671,.T.);
#1378=EDGE_CURVE('',#1966,#1967,#1672,.T.);
#1379=EDGE_CURVE('',#1967,#1968,#1673,.T.);
#1380=EDGE_CURVE('',#1968,#1969,#1674,.T.);
#1381=EDGE_CURVE('',#1969,#1966,#1675,.T.);
#1382=EDGE_CURVE('',#1970,#1971,#1676,.T.);
#1383=EDGE_CURVE('',#1971,#1972,#1677,.T.);
#1384=EDGE_CURVE('',#1972,#1973,#1678,.T.);
#1385=EDGE_CURVE('',#1973,#1970,#1679,.T.);
#1386=EDGE_CURVE('',#1974,#1975,#1680,.T.);
#1387=EDGE_CURVE('',#1975,#1976,#1681,.T.);
#1388=EDGE_CURVE('',#1976,#1977,#1682,.T.);
#1389=EDGE_CURVE('',#1977,#1974,#1683,.T.);
#1390=EDGE_CURVE('',#1978,#1979,#1684,.T.);
#1391=EDGE_CURVE('',#1979,#1980,#1685,.T.);
#1392=EDGE_CURVE('',#1980,#1981,#1686,.T.);
#1393=EDGE_CURVE('',#1981,#1978,#1687,.T.);
#1394=EDGE_CURVE('',#1982,#1983,#1688,.T.);
#1395=EDGE_CURVE('',#1983,#1984,#1689,.T.);
#1396=EDGE_CURVE('',#1984,#1985,#1690,.T.);
#1397=EDGE_CURVE('',#1985,#1982,#1691,.T.);
#1398=EDGE_CURVE('',#1986,#1987,#1692,.T.);
#1399=EDGE_CURVE('',#1987,#1988,#1693,.T.);
#1400=EDGE_CURVE('',#1988,#1989,#1694,.T.);
#1401=EDGE_CURVE('',#1989,#1986,#1695,.T.);
#1402=EDGE_CURVE('',#1990,#1991,#1696,.T.);
#1403=EDGE_CURVE('',#1991,#1992,#1697,.T.);
#1404=EDGE_CURVE('',#1992,#1993,#1698,.T.);
#1405=EDGE_CURVE('',#1993,#1990,#1699,.T.);
#1406=EDGE_CURVE('',#1994,#1995,#1700,.T.);
#1407=EDGE_CURVE('',#1995,#1996,#1701,.T.);
#1408=EDGE_CURVE('',#1996,#1997,#1702,.T.);
#1409=EDGE_CURVE('',#1997,#1994,#1703,.T.);
#1410=EDGE_CURVE('',#1998,#1999,#1704,.T.);
#1411=EDGE_CURVE('',#1999,#2000,#1705,.T.);
#1412=EDGE_CURVE('',#2000,#2001,#1706,.T.);
#1413=EDGE_CURVE('',#2001,#1998,#1707,.T.);
#1414=B_SPLINE_CURVE_WITH_KNOTS('',1,(#2213,#2214),.UNSPECIFIED.,.F.,.F.,
(2,2),(0.,1.58000000000234),.UNSPECIFIED.);
#1415=B_SPLINE_CURVE_WITH_KNOTS('',1,(#2215,#2216),.UNSPECIFIED.,.F.,.F.,
(2,2),(0.,2.39820000000356),.UNSPECIFIED.);
#1416=B_SPLINE_CURVE_WITH_KNOTS('',1,(#2217,#2218),.UNSPECIFIED.,.F.,.F.,
(2,2),(0.,1.58000000000234),.UNSPECIFIED.);
#1417=B_SPLINE_CURVE_WITH_KNOTS('',1,(#2219,#2220),.UNSPECIFIED.,.F.,.F.,
(2,2),(0.,2.39820000000356),.UNSPECIFIED.);
#1418=B_SPLINE_CURVE_WITH_KNOTS('',1,(#2226,#2227),.UNSPECIFIED.,.F.,.F.,
(2,2),(0.,1.08400000000161),.UNSPECIFIED.);
#1419=B_SPLINE_CURVE_WITH_KNOTS('',1,(#2228,#2229),.UNSPECIFIED.,.F.,.F.,
(2,2),(0.,2.40300000000357),.UNSPECIFIED.);
#1420=B_SPLINE_CURVE_WITH_KNOTS('',1,(#2230,#2231),.UNSPECIFIED.,.F.,.F.,
(2,2),(0.,1.08400000000161),.UNSPECIFIED.);
#1421=B_SPLINE_CURVE_WITH_KNOTS('',1,(#2232,#2233),.UNSPECIFIED.,.F.,.F.,
(2,2),(0.,2.40300000000357),.UNSPECIFIED.);
#1422=B_SPLINE_CURVE_WITH_KNOTS('',1,(#2239,#2240),.UNSPECIFIED.,.F.,.F.,
(2,2),(-7.39150000001098,-5.46150000000813),.UNSPECIFIED.);
#1423=B_SPLINE_CURVE_WITH_KNOTS('',1,(#2241,#2242),.UNSPECIFIED.,.F.,.F.,
(2,2),(0.,2.31800000000344),.UNSPECIFIED.);
#1424=B_SPLINE_CURVE_WITH_KNOTS('',1,(#2243,#2244),.UNSPECIFIED.,.F.,.F.,
(2,2),(0.,1.93000000000288),.UNSPECIFIED.);
#1425=B_SPLINE_CURVE_WITH_KNOTS('',1,(#2245,#2246),.UNSPECIFIED.,.F.,.F.,
(2,2),(0.,2.31800000000344),.UNSPECIFIED.);
#1426=B_SPLINE_CURVE_WITH_KNOTS('',1,(#2252,#2253),.UNSPECIFIED.,.F.,.F.,
(2,2),(0.,1.90000000000282),.UNSPECIFIED.);
#1427=B_SPLINE_CURVE_WITH_KNOTS('',1,(#2254,#2255),.UNSPECIFIED.,.F.,.F.,
(2,2),(0.,1.20000000000178),.UNSPECIFIED.);
#1428=B_SPLINE_CURVE_WITH_KNOTS('',1,(#2256,#2257),.UNSPECIFIED.,.F.,.F.,
(2,2),(0.,1.90000000000282),.UNSPECIFIED.);
#1429=B_SPLINE_CURVE_WITH_KNOTS('',1,(#2258,#2259),.UNSPECIFIED.,.F.,.F.,
(2,2),(0.,1.20000000000178),.UNSPECIFIED.);
#1430=B_SPLINE_CURVE_WITH_KNOTS('',1,(#2265,#2266),.UNSPECIFIED.,.F.,.F.,
(2,2),(0.,1.90000000000282),.UNSPECIFIED.);
#1431=B_SPLINE_CURVE_WITH_KNOTS('',1,(#2267,#2268),.UNSPECIFIED.,.F.,.F.,
(2,2),(0.,1.20000000000178),.UNSPECIFIED.);
#1432=B_SPLINE_CURVE_WITH_KNOTS('',1,(#2269,#2270),.UNSPECIFIED.,.F.,.F.,
(2,2),(0.,1.90000000000282),.UNSPECIFIED.);
#1433=B_SPLINE_CURVE_WITH_KNOTS('',1,(#2271,#2272),.UNSPECIFIED.,.F.,.F.,
(2,2),(0.,1.20000000000178),.UNSPECIFIED.);
#1434=B_SPLINE_CURVE_WITH_KNOTS('',1,(#2278,#2279),.UNSPECIFIED.,.F.,.F.,
(2,2),(0.,8.23299000001222),.UNSPECIFIED.);
#1435=B_SPLINE_CURVE_WITH_KNOTS('',1,(#2280,#2281),.UNSPECIFIED.,.F.,.F.,
(2,2),(0.,0.491999999999969),.UNSPECIFIED.);
#1436=B_SPLINE_CURVE_WITH_KNOTS('',1,(#2282,#2283),.UNSPECIFIED.,.F.,.F.,
(2,2),(2.67754156512028,3.86651388799957),.UNSPECIFIED.);
#1437=B_SPLINE_CURVE_WITH_KNOTS('',1,(#2284,#2285),.UNSPECIFIED.,.F.,.F.,
(2,2),(5.0066431086073,5.49864310860727),.UNSPECIFIED.);
#1438=B_SPLINE_CURVE_WITH_KNOTS('',1,(#2291,#2292),.UNSPECIFIED.,.F.,.F.,
(2,2),(0.,13.1930100000196),.UNSPECIFIED.);
#1439=B_SPLINE_CURVE_WITH_KNOTS('',1,(#2293,#2294),.UNSPECIFIED.,.F.,.F.,
(2,2),(0.,0.491999999999955),.UNSPECIFIED.);
#1440=B_SPLINE_CURVE_WITH_KNOTS('',1,(#2295,#2296),.UNSPECIFIED.,.F.,.F.,
(2,2),(-3.22151000000483,9.97150000001479),.UNSPECIFIED.);
#1441=B_SPLINE_CURVE_WITH_KNOTS('',1,(#2297,#2298),.UNSPECIFIED.,.F.,.F.,
(2,2),(5.0066431086073,5.49864310860725),.UNSPECIFIED.);
#1442=B_SPLINE_CURVE_WITH_KNOTS('',1,(#2304,#2305),.UNSPECIFIED.,.F.,.F.,
(2,2),(0.,8.23299000001224),.UNSPECIFIED.);
#1443=B_SPLINE_CURVE_WITH_KNOTS('',1,(#2306,#2307),.UNSPECIFIED.,.F.,.F.,
(2,2),(0.,0.491999999999962),.UNSPECIFIED.);
#1444=B_SPLINE_CURVE_WITH_KNOTS('',1,(#2308,#2309),.UNSPECIFIED.,.F.,.F.,
(2,2),(-0.772264898262932,0.416707424616373),.UNSPECIFIED.);
#1445=B_SPLINE_CURVE_WITH_KNOTS('',1,(#2310,#2311),.UNSPECIFIED.,.F.,.F.,
(2,2),(5.00664310860731,5.49864310860727),.UNSPECIFIED.);
#1446=B_SPLINE_CURVE_WITH_KNOTS('',1,(#2317,#2318),.UNSPECIFIED.,.F.,.F.,
(2,2),(0.,13.1930100000196),.UNSPECIFIED.);
#1447=B_SPLINE_CURVE_WITH_KNOTS('',1,(#2319,#2320),.UNSPECIFIED.,.F.,.F.,
(2,2),(0.,0.491999999999944),.UNSPECIFIED.);
#1448=B_SPLINE_CURVE_WITH_KNOTS('',1,(#2321,#2322),.UNSPECIFIED.,.F.,.F.,
(2,2),(-5.80151000000865,7.39150000001098),.UNSPECIFIED.);
#1449=B_SPLINE_CURVE_WITH_KNOTS('',1,(#2323,#2324),.UNSPECIFIED.,.F.,.F.,
(2,2),(5.00664310860731,5.49864310860725),.UNSPECIFIED.);
#1450=B_SPLINE_CURVE_WITH_KNOTS('',1,(#2330,#2331),.UNSPECIFIED.,.F.,.F.,
(2,2),(0.,13193.0100000196),.UNSPECIFIED.);
#1451=B_SPLINE_CURVE_WITH_KNOTS('',1,(#2332,#2333),.UNSPECIFIED.,.F.,.F.,
(2,2),(0.,13193.0100000196),.UNSPECIFIED.);
#1452=B_SPLINE_CURVE_WITH_KNOTS('',1,(#2334,#2335),.UNSPECIFIED.,.F.,.F.,
(2,2),(-5854.10655914872,0.),.UNSPECIFIED.);
#1453=B_SPLINE_CURVE_WITH_KNOTS('',1,(#2336,#2337),.UNSPECIFIED.,.F.,.F.,
(2,2),(-5854.10655914872,0.),.UNSPECIFIED.);
#1454=B_SPLINE_CURVE_WITH_KNOTS('',1,(#2343,#2344),.UNSPECIFIED.,.F.,.F.,
(2,2),(0.,13193.0100000196),.UNSPECIFIED.);
#1455=B_SPLINE_CURVE_WITH_KNOTS('',1,(#2345,#2346),.UNSPECIFIED.,.F.,.F.,
(2,2),(0.,13193.0100000196),.UNSPECIFIED.);
#1456=B_SPLINE_CURVE_WITH_KNOTS('',1,(#2347,#2348),.UNSPECIFIED.,.F.,.F.,
(2,2),(-5854.10655914872,0.),.UNSPECIFIED.);
#1457=B_SPLINE_CURVE_WITH_KNOTS('',1,(#2349,#2350),.UNSPECIFIED.,.F.,.F.,
(2,2),(-5854.10655914872,0.),.UNSPECIFIED.);
#1458=B_SPLINE_CURVE_WITH_KNOTS('',1,(#2373,#2374),.UNSPECIFIED.,.F.,.F.,
(2,2),(0.,5.85410655914874),.UNSPECIFIED.);
#1459=B_SPLINE_CURVE_WITH_KNOTS('',1,(#2375,#2376),.UNSPECIFIED.,.F.,.F.,
(2,2),(0.,5.00664310860731),.UNSPECIFIED.);
#1460=B_SPLINE_CURVE_WITH_KNOTS('',1,(#2377,#2378),.UNSPECIFIED.,.F.,.F.,
(2,2),(0.,5.7890992194147),.UNSPECIFIED.);
#1461=B_SPLINE_CURVE_WITH_KNOTS('',1,(#2379,#2380),.UNSPECIFIED.,.F.,.F.,
(2,2),(0.,2.67500000000399),.UNSPECIFIED.);
#1462=B_SPLINE_CURVE_WITH_KNOTS('',1,(#2381,#2382),.UNSPECIFIED.,.F.,.F.,
(2,2),(0.,1.75000000000261),.UNSPECIFIED.);
#1463=B_SPLINE_CURVE_WITH_KNOTS('',1,(#2383,#2384),.UNSPECIFIED.,.F.,.F.,
(2,2),(0.,1.75000000000261),.UNSPECIFIED.);
#1464=B_SPLINE_CURVE_WITH_KNOTS('',1,(#2385,#2386),.UNSPECIFIED.,.F.,.F.,
(2,2),(0.,2.67500000000399),.UNSPECIFIED.);
#1465=B_SPLINE_CURVE_WITH_KNOTS('',1,(#2387,#2388),.UNSPECIFIED.,.F.,.F.,
(2,2),(7.94100000001183,10.5320000000157),.UNSPECIFIED.);
#1466=B_SPLINE_CURVE_WITH_KNOTS('',1,(#2389,#2390),.UNSPECIFIED.,.F.,.F.,
(2,2),(5.26600000000784,7.94100000001183),.UNSPECIFIED.);
#1467=B_SPLINE_CURVE_WITH_KNOTS('',1,(#2391,#2392),.UNSPECIFIED.,.F.,.F.,
(2,2),(2.67500000000399,5.26600000000784),.UNSPECIFIED.);
#1468=B_SPLINE_CURVE_WITH_KNOTS('',1,(#2393,#2394),.UNSPECIFIED.,.F.,.F.,
(2,2),(5.71300000000851,7.9260000000118),.UNSPECIFIED.);
#1469=B_SPLINE_CURVE_WITH_KNOTS('',1,(#2395,#2396),.UNSPECIFIED.,.F.,.F.,
(2,2),(3.9630000000059,5.71300000000851),.UNSPECIFIED.);
#1470=B_SPLINE_CURVE_WITH_KNOTS('',1,(#2397,#2398),.UNSPECIFIED.,.F.,.F.,
(2,2),(1.75000000000261,3.9630000000059),.UNSPECIFIED.);
#1471=B_SPLINE_CURVE_WITH_KNOTS('',1,(#2399,#2400),.UNSPECIFIED.,.F.,.F.,
(2,2),(5.71300000000851,7.9260000000118),.UNSPECIFIED.);
#1472=B_SPLINE_CURVE_WITH_KNOTS('',1,(#2401,#2402),.UNSPECIFIED.,.F.,.F.,
(2,2),(3.9630000000059,5.71300000000851),.UNSPECIFIED.);
#1473=B_SPLINE_CURVE_WITH_KNOTS('',1,(#2403,#2404),.UNSPECIFIED.,.F.,.F.,
(2,2),(1.75000000000261,3.9630000000059),.UNSPECIFIED.);
#1474=B_SPLINE_CURVE_WITH_KNOTS('',1,(#2405,#2406),.UNSPECIFIED.,.F.,.F.,
(2,2),(7.94100000001183,10.5320000000157),.UNSPECIFIED.);
#1475=B_SPLINE_CURVE_WITH_KNOTS('',1,(#2407,#2408),.UNSPECIFIED.,.F.,.F.,
(2,2),(5.26600000000784,7.94100000001183),.UNSPECIFIED.);
#1476=B_SPLINE_CURVE_WITH_KNOTS('',1,(#2409,#2410),.UNSPECIFIED.,.F.,.F.,
(2,2),(2.67500000000399,5.26600000000784),.UNSPECIFIED.);
#1477=B_SPLINE_CURVE_WITH_KNOTS('',1,(#2411,#2412),.UNSPECIFIED.,.F.,.F.,
(2,2),(-0.772264898262932,0.416707424616373),.UNSPECIFIED.);
#1478=B_SPLINE_CURVE_WITH_KNOTS('',1,(#2413,#2414),.UNSPECIFIED.,.F.,.F.,
(2,2),(0.491999999999962,5.54456737011157),.UNSPECIFIED.);
#1479=B_SPLINE_CURVE_WITH_KNOTS('',1,(#2445,#2446),.UNSPECIFIED.,.F.,.F.,
(2,2),(0.,5.85410655914871),.UNSPECIFIED.);
#1480=B_SPLINE_CURVE_WITH_KNOTS('',1,(#2447,#2448),.UNSPECIFIED.,.F.,.F.,
(2,2),(0.,5.0066431086073),.UNSPECIFIED.);
#1481=B_SPLINE_CURVE_WITH_KNOTS('',1,(#2449,#2450),.UNSPECIFIED.,.F.,.F.,
(2,2),(0.,5.78909921941472),.UNSPECIFIED.);
#1482=B_SPLINE_CURVE_WITH_KNOTS('',1,(#2451,#2452),.UNSPECIFIED.,.F.,.F.,
(2,2),(0.,0.810000000001196),.UNSPECIFIED.);
#1483=B_SPLINE_CURVE_WITH_KNOTS('',1,(#2453,#2454),.UNSPECIFIED.,.F.,.F.,
(2,2),(0.,0.810030000001206),.UNSPECIFIED.);
#1484=B_SPLINE_CURVE_WITH_KNOTS('',1,(#2455,#2456),.UNSPECIFIED.,.F.,.F.,
(2,2),(0.,0.810000000001196),.UNSPECIFIED.);
#1485=B_SPLINE_CURVE_WITH_KNOTS('',1,(#2457,#2458),.UNSPECIFIED.,.F.,.F.,
(2,2),(0.,0.810000000001224),.UNSPECIFIED.);
#1486=B_SPLINE_CURVE_WITH_KNOTS('',1,(#2459,#2460),.UNSPECIFIED.,.F.,.F.,
(2,2),(0.,1.90000000000282),.UNSPECIFIED.);
#1487=B_SPLINE_CURVE_WITH_KNOTS('',1,(#2461,#2462),.UNSPECIFIED.,.F.,.F.,
(2,2),(0.,1.90000000000282),.UNSPECIFIED.);
#1488=B_SPLINE_CURVE_WITH_KNOTS('',1,(#2463,#2464),.UNSPECIFIED.,.F.,.F.,
(2,2),(2.90000000000429,4.18000000000619),.UNSPECIFIED.);
#1489=B_SPLINE_CURVE_WITH_KNOTS('',1,(#2465,#2466),.UNSPECIFIED.,.F.,.F.,
(2,2),(2.09000000000309,2.90000000000429),.UNSPECIFIED.);
#1490=B_SPLINE_CURVE_WITH_KNOTS('',1,(#2467,#2468),.UNSPECIFIED.,.F.,.F.,
(2,2),(0.810000000001196,2.09000000000309),.UNSPECIFIED.);
#1491=B_SPLINE_CURVE_WITH_KNOTS('',1,(#2469,#2470),.UNSPECIFIED.,.F.,.F.,
(2,2),(2.90006000000431,4.18006000000621),.UNSPECIFIED.);
#1492=B_SPLINE_CURVE_WITH_KNOTS('',1,(#2471,#2472),.UNSPECIFIED.,.F.,.F.,
(2,2),(2.0900300000031,2.90006000000431),.UNSPECIFIED.);
#1493=B_SPLINE_CURVE_WITH_KNOTS('',1,(#2473,#2474),.UNSPECIFIED.,.F.,.F.,
(2,2),(0.810030000001206,2.0900300000031),.UNSPECIFIED.);
#1494=B_SPLINE_CURVE_WITH_KNOTS('',1,(#2475,#2476),.UNSPECIFIED.,.F.,.F.,
(2,2),(2.90000000000429,4.18000000000619),.UNSPECIFIED.);
#1495=B_SPLINE_CURVE_WITH_KNOTS('',1,(#2477,#2478),.UNSPECIFIED.,.F.,.F.,
(2,2),(2.09000000000309,2.90000000000429),.UNSPECIFIED.);
#1496=B_SPLINE_CURVE_WITH_KNOTS('',1,(#2479,#2480),.UNSPECIFIED.,.F.,.F.,
(2,2),(0.810000000001196,2.09000000000309),.UNSPECIFIED.);
#1497=B_SPLINE_CURVE_WITH_KNOTS('',1,(#2481,#2482),.UNSPECIFIED.,.F.,.F.,
(2,2),(2.90000000000435,4.18000000000625),.UNSPECIFIED.);
#1498=B_SPLINE_CURVE_WITH_KNOTS('',1,(#2483,#2484),.UNSPECIFIED.,.F.,.F.,
(2,2),(2.09000000000312,2.90000000000435),.UNSPECIFIED.);
#1499=B_SPLINE_CURVE_WITH_KNOTS('',1,(#2485,#2486),.UNSPECIFIED.,.F.,.F.,
(2,2),(0.810000000001224,2.09000000000312),.UNSPECIFIED.);
#1500=B_SPLINE_CURVE_WITH_KNOTS('',1,(#2487,#2488),.UNSPECIFIED.,.F.,.F.,
(2,2),(5.00000000000742,6.2000000000092),.UNSPECIFIED.);
#1501=B_SPLINE_CURVE_WITH_KNOTS('',1,(#2489,#2490),.UNSPECIFIED.,.F.,.F.,
(2,2),(3.1000000000046,5.00000000000742),.UNSPECIFIED.);
#1502=B_SPLINE_CURVE_WITH_KNOTS('',1,(#2491,#2492),.UNSPECIFIED.,.F.,.F.,
(2,2),(1.90000000000282,3.1000000000046),.UNSPECIFIED.);
#1503=B_SPLINE_CURVE_WITH_KNOTS('',1,(#2493,#2494),.UNSPECIFIED.,.F.,.F.,
(2,2),(5.00000000000742,6.2000000000092),.UNSPECIFIED.);
#1504=B_SPLINE_CURVE_WITH_KNOTS('',1,(#2495,#2496),.UNSPECIFIED.,.F.,.F.,
(2,2),(3.1000000000046,5.00000000000742),.UNSPECIFIED.);
#1505=B_SPLINE_CURVE_WITH_KNOTS('',1,(#2497,#2498),.UNSPECIFIED.,.F.,.F.,
(2,2),(1.90000000000282,3.1000000000046),.UNSPECIFIED.);
#1506=B_SPLINE_CURVE_WITH_KNOTS('',1,(#2499,#2500),.UNSPECIFIED.,.F.,.F.,
(2,2),(2.67754156512028,3.86651388799957),.UNSPECIFIED.);
#1507=B_SPLINE_CURVE_WITH_KNOTS('',1,(#2501,#2502),.UNSPECIFIED.,.F.,.F.,
(2,2),(0.491999999999969,5.54456737011157),.UNSPECIFIED.);
#1508=B_SPLINE_CURVE_WITH_KNOTS('',1,(#2516,#2517),.UNSPECIFIED.,.F.,.F.,
(2,2),(0.,13.1930100000196),.UNSPECIFIED.);
#1509=B_SPLINE_CURVE_WITH_KNOTS('',1,(#2518,#2519),.UNSPECIFIED.,.F.,.F.,
(2,2),(0.,5.0066431086073),.UNSPECIFIED.);
#1510=B_SPLINE_CURVE_WITH_KNOTS('',1,(#2520,#2521),.UNSPECIFIED.,.F.,.F.,
(2,2),(0.,1.08400000000161),.UNSPECIFIED.);
#1511=B_SPLINE_CURVE_WITH_KNOTS('',1,(#2522,#2523),.UNSPECIFIED.,.F.,.F.,
(2,2),(0.,1.58000000000234),.UNSPECIFIED.);
#1512=B_SPLINE_CURVE_WITH_KNOTS('',1,(#2524,#2525),.UNSPECIFIED.,.F.,.F.,
(2,2),(4.57100000000678,6.97400000001034),.UNSPECIFIED.);
#1513=B_SPLINE_CURVE_WITH_KNOTS('',1,(#2526,#2527),.UNSPECIFIED.,.F.,.F.,
(2,2),(3.48700000000517,4.57100000000678),.UNSPECIFIED.);
#1514=B_SPLINE_CURVE_WITH_KNOTS('',1,(#2528,#2529),.UNSPECIFIED.,.F.,.F.,
(2,2),(1.08400000000161,3.48700000000517),.UNSPECIFIED.);
#1515=B_SPLINE_CURVE_WITH_KNOTS('',1,(#2530,#2531),.UNSPECIFIED.,.F.,.F.,
(2,2),(5.55820000000823,7.9564000000118),.UNSPECIFIED.);
#1516=B_SPLINE_CURVE_WITH_KNOTS('',1,(#2532,#2533),.UNSPECIFIED.,.F.,.F.,
(2,2),(3.9782000000059,5.55820000000823),.UNSPECIFIED.);
#1517=B_SPLINE_CURVE_WITH_KNOTS('',1,(#2534,#2535),.UNSPECIFIED.,.F.,.F.,
(2,2),(1.58000000000234,3.9782000000059),.UNSPECIFIED.);
#1518=B_SPLINE_CURVE_WITH_KNOTS('',1,(#2536,#2537),.UNSPECIFIED.,.F.,.F.,
(2,2),(-3.22151000000483,9.97150000001479),.UNSPECIFIED.);
#1519=B_SPLINE_CURVE_WITH_KNOTS('',1,(#2538,#2539),.UNSPECIFIED.,.F.,.F.,
(2,2),(0.491999999999955,5.49864310860725),.UNSPECIFIED.);
#1520=B_SPLINE_CURVE_WITH_KNOTS('',1,(#2549,#2550),.UNSPECIFIED.,.F.,.F.,
(2,2),(0.,5.05256737011163),.UNSPECIFIED.);
#1521=B_SPLINE_CURVE_WITH_KNOTS('',1,(#2551,#2552),.UNSPECIFIED.,.F.,.F.,
(2,2),(0.,13.1930100000196),.UNSPECIFIED.);
#1522=B_SPLINE_CURVE_WITH_KNOTS('',1,(#2553,#2554),.UNSPECIFIED.,.F.,.F.,
(2,2),(0.,5.05256737011161),.UNSPECIFIED.);
#1523=B_SPLINE_CURVE_WITH_KNOTS('',1,(#2555,#2556),.UNSPECIFIED.,.F.,.F.,
(2,2),(0.,13.1930100000197),.UNSPECIFIED.);
#1524=B_SPLINE_CURVE_WITH_KNOTS('',1,(#2557,#2558),.UNSPECIFIED.,.F.,.F.,
(2,2),(-7.39150000001098,-5.46150000000813),.UNSPECIFIED.);
#1525=B_SPLINE_CURVE_WITH_KNOTS('',1,(#2559,#2560),.UNSPECIFIED.,.F.,.F.,
(2,2),(0.,2.31800000000344),.UNSPECIFIED.);
#1526=B_SPLINE_CURVE_WITH_KNOTS('',1,(#2561,#2562),.UNSPECIFIED.,.F.,.F.,
(2,2),(0.,1.93000000000288),.UNSPECIFIED.);
#1527=B_SPLINE_CURVE_WITH_KNOTS('',1,(#2563,#2564),.UNSPECIFIED.,.F.,.F.,
(2,2),(0.,2.31800000000344),.UNSPECIFIED.);
#1528=B_SPLINE_CURVE_WITH_KNOTS('',1,(#2570,#2571),.UNSPECIFIED.,.F.,.F.,
(2,2),(0.,0.999999999999999),.UNSPECIFIED.);
#1529=B_SPLINE_CURVE_WITH_KNOTS('',1,(#2572,#2573),.UNSPECIFIED.,.F.,.F.,
(2,2),(0.,1.65000000000001),.UNSPECIFIED.);
#1530=B_SPLINE_CURVE_WITH_KNOTS('',1,(#2574,#2575),.UNSPECIFIED.,.F.,.F.,
(2,2),(0.,0.999999999999999),.UNSPECIFIED.);
#1531=B_SPLINE_CURVE_WITH_KNOTS('',1,(#2576,#2577),.UNSPECIFIED.,.F.,.F.,
(2,2),(0.,1.65000000000001),.UNSPECIFIED.);
#1532=B_SPLINE_CURVE_WITH_KNOTS('',1,(#2583,#2584),.UNSPECIFIED.,.F.,.F.,
(2,2),(0.,0.999999999999999),.UNSPECIFIED.);
#1533=B_SPLINE_CURVE_WITH_KNOTS('',1,(#2585,#2586),.UNSPECIFIED.,.F.,.F.,
(2,2),(0.,1.65000000000001),.UNSPECIFIED.);
#1534=B_SPLINE_CURVE_WITH_KNOTS('',1,(#2587,#2588),.UNSPECIFIED.,.F.,.F.,
(2,2),(0.,0.999999999999999),.UNSPECIFIED.);
#1535=B_SPLINE_CURVE_WITH_KNOTS('',1,(#2589,#2590),.UNSPECIFIED.,.F.,.F.,
(2,2),(0.,1.65000000000001),.UNSPECIFIED.);
#1536=B_SPLINE_CURVE_WITH_KNOTS('',1,(#2596,#2597),.UNSPECIFIED.,.F.,.F.,
(2,2),(0.,0.999999999999999),.UNSPECIFIED.);
#1537=B_SPLINE_CURVE_WITH_KNOTS('',1,(#2598,#2599),.UNSPECIFIED.,.F.,.F.,
(2,2),(0.,1.65000000000001),.UNSPECIFIED.);
#1538=B_SPLINE_CURVE_WITH_KNOTS('',1,(#2600,#2601),.UNSPECIFIED.,.F.,.F.,
(2,2),(0.,0.999999999999999),.UNSPECIFIED.);
#1539=B_SPLINE_CURVE_WITH_KNOTS('',1,(#2602,#2603),.UNSPECIFIED.,.F.,.F.,
(2,2),(0.,1.65000000000001),.UNSPECIFIED.);
#1540=B_SPLINE_CURVE_WITH_KNOTS('',1,(#2609,#2610),.UNSPECIFIED.,.F.,.F.,
(2,2),(0.,0.999999999999999),.UNSPECIFIED.);
#1541=B_SPLINE_CURVE_WITH_KNOTS('',1,(#2611,#2612),.UNSPECIFIED.,.F.,.F.,
(2,2),(0.,1.65000000000001),.UNSPECIFIED.);
#1542=B_SPLINE_CURVE_WITH_KNOTS('',1,(#2613,#2614),.UNSPECIFIED.,.F.,.F.,
(2,2),(0.,0.999999999999999),.UNSPECIFIED.);
#1543=B_SPLINE_CURVE_WITH_KNOTS('',1,(#2615,#2616),.UNSPECIFIED.,.F.,.F.,
(2,2),(0.,1.65000000000001),.UNSPECIFIED.);
#1544=B_SPLINE_CURVE_WITH_KNOTS('',1,(#2622,#2623),.UNSPECIFIED.,.F.,.F.,
(2,2),(0.,0.999999999999999),.UNSPECIFIED.);
#1545=B_SPLINE_CURVE_WITH_KNOTS('',1,(#2624,#2625),.UNSPECIFIED.,.F.,.F.,
(2,2),(0.,1.65000000000001),.UNSPECIFIED.);
#1546=B_SPLINE_CURVE_WITH_KNOTS('',1,(#2626,#2627),.UNSPECIFIED.,.F.,.F.,
(2,2),(0.,0.999999999999999),.UNSPECIFIED.);
#1547=B_SPLINE_CURVE_WITH_KNOTS('',1,(#2628,#2629),.UNSPECIFIED.,.F.,.F.,
(2,2),(0.,1.65000000000001),.UNSPECIFIED.);
#1548=B_SPLINE_CURVE_WITH_KNOTS('',1,(#2635,#2636),.UNSPECIFIED.,.F.,.F.,
(2,2),(0.,0.999999999999999),.UNSPECIFIED.);
#1549=B_SPLINE_CURVE_WITH_KNOTS('',1,(#2637,#2638),.UNSPECIFIED.,.F.,.F.,
(2,2),(0.,1.65000000000001),.UNSPECIFIED.);
#1550=B_SPLINE_CURVE_WITH_KNOTS('',1,(#2639,#2640),.UNSPECIFIED.,.F.,.F.,
(2,2),(0.,0.999999999999999),.UNSPECIFIED.);
#1551=B_SPLINE_CURVE_WITH_KNOTS('',1,(#2641,#2642),.UNSPECIFIED.,.F.,.F.,
(2,2),(0.,1.65000000000001),.UNSPECIFIED.);
#1552=B_SPLINE_CURVE_WITH_KNOTS('',1,(#2648,#2649),.UNSPECIFIED.,.F.,.F.,
(2,2),(0.,0.999999999999999),.UNSPECIFIED.);
#1553=B_SPLINE_CURVE_WITH_KNOTS('',1,(#2650,#2651),.UNSPECIFIED.,.F.,.F.,
(2,2),(0.,1.65000000000001),.UNSPECIFIED.);
#1554=B_SPLINE_CURVE_WITH_KNOTS('',1,(#2652,#2653),.UNSPECIFIED.,.F.,.F.,
(2,2),(0.,0.999999999999999),.UNSPECIFIED.);
#1555=B_SPLINE_CURVE_WITH_KNOTS('',1,(#2654,#2655),.UNSPECIFIED.,.F.,.F.,
(2,2),(0.,1.65000000000001),.UNSPECIFIED.);
#1556=B_SPLINE_CURVE_WITH_KNOTS('',1,(#2661,#2662),.UNSPECIFIED.,.F.,.F.,
(2,2),(0.,0.999999999999999),.UNSPECIFIED.);
#1557=B_SPLINE_CURVE_WITH_KNOTS('',1,(#2663,#2664),.UNSPECIFIED.,.F.,.F.,
(2,2),(0.,1.65000000000001),.UNSPECIFIED.);
#1558=B_SPLINE_CURVE_WITH_KNOTS('',1,(#2665,#2666),.UNSPECIFIED.,.F.,.F.,
(2,2),(0.,0.999999999999999),.UNSPECIFIED.);
#1559=B_SPLINE_CURVE_WITH_KNOTS('',1,(#2667,#2668),.UNSPECIFIED.,.F.,.F.,
(2,2),(0.,1.65000000000001),.UNSPECIFIED.);
#1560=B_SPLINE_CURVE_WITH_KNOTS('',1,(#2674,#2675),.UNSPECIFIED.,.F.,.F.,
(2,2),(0.,0.999999999999999),.UNSPECIFIED.);
#1561=B_SPLINE_CURVE_WITH_KNOTS('',1,(#2676,#2677),.UNSPECIFIED.,.F.,.F.,
(2,2),(0.,1.65000000000001),.UNSPECIFIED.);
#1562=B_SPLINE_CURVE_WITH_KNOTS('',1,(#2678,#2679),.UNSPECIFIED.,.F.,.F.,
(2,2),(0.,0.999999999999999),.UNSPECIFIED.);
#1563=B_SPLINE_CURVE_WITH_KNOTS('',1,(#2680,#2681),.UNSPECIFIED.,.F.,.F.,
(2,2),(0.,1.65000000000001),.UNSPECIFIED.);
#1564=B_SPLINE_CURVE_WITH_KNOTS('',1,(#2687,#2688),.UNSPECIFIED.,.F.,.F.,
(2,2),(0.,0.999999999999999),.UNSPECIFIED.);
#1565=B_SPLINE_CURVE_WITH_KNOTS('',1,(#2689,#2690),.UNSPECIFIED.,.F.,.F.,
(2,2),(0.,1.65000000000001),.UNSPECIFIED.);
#1566=B_SPLINE_CURVE_WITH_KNOTS('',1,(#2691,#2692),.UNSPECIFIED.,.F.,.F.,
(2,2),(0.,0.999999999999999),.UNSPECIFIED.);
#1567=B_SPLINE_CURVE_WITH_KNOTS('',1,(#2693,#2694),.UNSPECIFIED.,.F.,.F.,
(2,2),(0.,1.65000000000001),.UNSPECIFIED.);
#1568=B_SPLINE_CURVE_WITH_KNOTS('',1,(#2700,#2701),.UNSPECIFIED.,.F.,.F.,
(2,2),(0.,0.999999999999999),.UNSPECIFIED.);
#1569=B_SPLINE_CURVE_WITH_KNOTS('',1,(#2702,#2703),.UNSPECIFIED.,.F.,.F.,
(2,2),(0.,1.65000000000001),.UNSPECIFIED.);
#1570=B_SPLINE_CURVE_WITH_KNOTS('',1,(#2704,#2705),.UNSPECIFIED.,.F.,.F.,
(2,2),(0.,0.999999999999999),.UNSPECIFIED.);
#1571=B_SPLINE_CURVE_WITH_KNOTS('',1,(#2706,#2707),.UNSPECIFIED.,.F.,.F.,
(2,2),(0.,1.65000000000001),.UNSPECIFIED.);
#1572=B_SPLINE_CURVE_WITH_KNOTS('',1,(#2713,#2714),.UNSPECIFIED.,.F.,.F.,
(2,2),(0.,0.999999999999999),.UNSPECIFIED.);
#1573=B_SPLINE_CURVE_WITH_KNOTS('',1,(#2715,#2716),.UNSPECIFIED.,.F.,.F.,
(2,2),(0.,1.65000000000001),.UNSPECIFIED.);
#1574=B_SPLINE_CURVE_WITH_KNOTS('',1,(#2717,#2718),.UNSPECIFIED.,.F.,.F.,
(2,2),(0.,0.999999999999999),.UNSPECIFIED.);
#1575=B_SPLINE_CURVE_WITH_KNOTS('',1,(#2719,#2720),.UNSPECIFIED.,.F.,.F.,
(2,2),(0.,1.65000000000001),.UNSPECIFIED.);
#1576=B_SPLINE_CURVE_WITH_KNOTS('',1,(#2726,#2727),.UNSPECIFIED.,.F.,.F.,
(2,2),(0.,0.999999999999999),.UNSPECIFIED.);
#1577=B_SPLINE_CURVE_WITH_KNOTS('',1,(#2728,#2729),.UNSPECIFIED.,.F.,.F.,
(2,2),(0.,1.65000000000001),.UNSPECIFIED.);
#1578=B_SPLINE_CURVE_WITH_KNOTS('',1,(#2730,#2731),.UNSPECIFIED.,.F.,.F.,
(2,2),(0.,0.999999999999999),.UNSPECIFIED.);
#1579=B_SPLINE_CURVE_WITH_KNOTS('',1,(#2732,#2733),.UNSPECIFIED.,.F.,.F.,
(2,2),(0.,1.65000000000001),.UNSPECIFIED.);
#1580=B_SPLINE_CURVE_WITH_KNOTS('',1,(#2739,#2740),.UNSPECIFIED.,.F.,.F.,
(2,2),(0.,0.999999999999999),.UNSPECIFIED.);
#1581=B_SPLINE_CURVE_WITH_KNOTS('',1,(#2741,#2742),.UNSPECIFIED.,.F.,.F.,
(2,2),(0.,1.65000000000001),.UNSPECIFIED.);
#1582=B_SPLINE_CURVE_WITH_KNOTS('',1,(#2743,#2744),.UNSPECIFIED.,.F.,.F.,
(2,2),(0.,0.999999999999999),.UNSPECIFIED.);
#1583=B_SPLINE_CURVE_WITH_KNOTS('',1,(#2745,#2746),.UNSPECIFIED.,.F.,.F.,
(2,2),(0.,1.65000000000001),.UNSPECIFIED.);
#1584=B_SPLINE_CURVE_WITH_KNOTS('',1,(#2752,#2753),.UNSPECIFIED.,.F.,.F.,
(2,2),(0.,0.999999999999999),.UNSPECIFIED.);
#1585=B_SPLINE_CURVE_WITH_KNOTS('',1,(#2754,#2755),.UNSPECIFIED.,.F.,.F.,
(2,2),(0.,1.65000000000001),.UNSPECIFIED.);
#1586=B_SPLINE_CURVE_WITH_KNOTS('',1,(#2756,#2757),.UNSPECIFIED.,.F.,.F.,
(2,2),(0.,0.999999999999999),.UNSPECIFIED.);
#1587=B_SPLINE_CURVE_WITH_KNOTS('',1,(#2758,#2759),.UNSPECIFIED.,.F.,.F.,
(2,2),(0.,1.65000000000001),.UNSPECIFIED.);
#1588=B_SPLINE_CURVE_WITH_KNOTS('',1,(#2765,#2766),.UNSPECIFIED.,.F.,.F.,
(2,2),(0.,0.999999999999999),.UNSPECIFIED.);
#1589=B_SPLINE_CURVE_WITH_KNOTS('',1,(#2767,#2768),.UNSPECIFIED.,.F.,.F.,
(2,2),(0.,1.65000000000001),.UNSPECIFIED.);
#1590=B_SPLINE_CURVE_WITH_KNOTS('',1,(#2769,#2770),.UNSPECIFIED.,.F.,.F.,
(2,2),(0.,0.999999999999999),.UNSPECIFIED.);
#1591=B_SPLINE_CURVE_WITH_KNOTS('',1,(#2771,#2772),.UNSPECIFIED.,.F.,.F.,
(2,2),(0.,1.65000000000001),.UNSPECIFIED.);
#1592=B_SPLINE_CURVE_WITH_KNOTS('',1,(#2778,#2779),.UNSPECIFIED.,.F.,.F.,
(2,2),(0.,0.999999999999999),.UNSPECIFIED.);
#1593=B_SPLINE_CURVE_WITH_KNOTS('',1,(#2780,#2781),.UNSPECIFIED.,.F.,.F.,
(2,2),(0.,1.65000000000001),.UNSPECIFIED.);
#1594=B_SPLINE_CURVE_WITH_KNOTS('',1,(#2782,#2783),.UNSPECIFIED.,.F.,.F.,
(2,2),(0.,0.999999999999999),.UNSPECIFIED.);
#1595=B_SPLINE_CURVE_WITH_KNOTS('',1,(#2784,#2785),.UNSPECIFIED.,.F.,.F.,
(2,2),(0.,1.65000000000001),.UNSPECIFIED.);
#1596=B_SPLINE_CURVE_WITH_KNOTS('',1,(#2791,#2792),.UNSPECIFIED.,.F.,.F.,
(2,2),(0.,0.999999999999999),.UNSPECIFIED.);
#1597=B_SPLINE_CURVE_WITH_KNOTS('',1,(#2793,#2794),.UNSPECIFIED.,.F.,.F.,
(2,2),(0.,1.65000000000001),.UNSPECIFIED.);
#1598=B_SPLINE_CURVE_WITH_KNOTS('',1,(#2795,#2796),.UNSPECIFIED.,.F.,.F.,
(2,2),(0.,0.999999999999999),.UNSPECIFIED.);
#1599=B_SPLINE_CURVE_WITH_KNOTS('',1,(#2797,#2798),.UNSPECIFIED.,.F.,.F.,
(2,2),(0.,1.65000000000001),.UNSPECIFIED.);
#1600=B_SPLINE_CURVE_WITH_KNOTS('',1,(#2804,#2805),.UNSPECIFIED.,.F.,.F.,
(2,2),(0.,0.999999999999999),.UNSPECIFIED.);
#1601=B_SPLINE_CURVE_WITH_KNOTS('',1,(#2806,#2807),.UNSPECIFIED.,.F.,.F.,
(2,2),(0.,1.65000000000001),.UNSPECIFIED.);
#1602=B_SPLINE_CURVE_WITH_KNOTS('',1,(#2808,#2809),.UNSPECIFIED.,.F.,.F.,
(2,2),(0.,0.999999999999999),.UNSPECIFIED.);
#1603=B_SPLINE_CURVE_WITH_KNOTS('',1,(#2810,#2811),.UNSPECIFIED.,.F.,.F.,
(2,2),(0.,1.65000000000001),.UNSPECIFIED.);
#1604=B_SPLINE_CURVE_WITH_KNOTS('',1,(#2817,#2818),.UNSPECIFIED.,.F.,.F.,
(2,2),(0.,0.999999999999999),.UNSPECIFIED.);
#1605=B_SPLINE_CURVE_WITH_KNOTS('',1,(#2819,#2820),.UNSPECIFIED.,.F.,.F.,
(2,2),(0.,1.65000000000001),.UNSPECIFIED.);
#1606=B_SPLINE_CURVE_WITH_KNOTS('',1,(#2821,#2822),.UNSPECIFIED.,.F.,.F.,
(2,2),(0.,0.999999999999999),.UNSPECIFIED.);
#1607=B_SPLINE_CURVE_WITH_KNOTS('',1,(#2823,#2824),.UNSPECIFIED.,.F.,.F.,
(2,2),(0.,1.65000000000001),.UNSPECIFIED.);
#1608=B_SPLINE_CURVE_WITH_KNOTS('',1,(#2830,#2831),.UNSPECIFIED.,.F.,.F.,
(2,2),(0.,0.999999999999999),.UNSPECIFIED.);
#1609=B_SPLINE_CURVE_WITH_KNOTS('',1,(#2832,#2833),.UNSPECIFIED.,.F.,.F.,
(2,2),(0.,1.65000000000001),.UNSPECIFIED.);
#1610=B_SPLINE_CURVE_WITH_KNOTS('',1,(#2834,#2835),.UNSPECIFIED.,.F.,.F.,
(2,2),(0.,0.999999999999999),.UNSPECIFIED.);
#1611=B_SPLINE_CURVE_WITH_KNOTS('',1,(#2836,#2837),.UNSPECIFIED.,.F.,.F.,
(2,2),(0.,1.65000000000001),.UNSPECIFIED.);
#1612=B_SPLINE_CURVE_WITH_KNOTS('',1,(#2843,#2844),.UNSPECIFIED.,.F.,.F.,
(2,2),(0.,0.999999999999999),.UNSPECIFIED.);
#1613=B_SPLINE_CURVE_WITH_KNOTS('',1,(#2845,#2846),.UNSPECIFIED.,.F.,.F.,
(2,2),(0.,1.65000000000001),.UNSPECIFIED.);
#1614=B_SPLINE_CURVE_WITH_KNOTS('',1,(#2847,#2848),.UNSPECIFIED.,.F.,.F.,
(2,2),(0.,0.999999999999999),.UNSPECIFIED.);
#1615=B_SPLINE_CURVE_WITH_KNOTS('',1,(#2849,#2850),.UNSPECIFIED.,.F.,.F.,
(2,2),(0.,1.65000000000001),.UNSPECIFIED.);
#1616=B_SPLINE_CURVE_WITH_KNOTS('',1,(#2856,#2857),.UNSPECIFIED.,.F.,.F.,
(2,2),(0.,0.999999999999999),.UNSPECIFIED.);
#1617=B_SPLINE_CURVE_WITH_KNOTS('',1,(#2858,#2859),.UNSPECIFIED.,.F.,.F.,
(2,2),(0.,1.65000000000001),.UNSPECIFIED.);
#1618=B_SPLINE_CURVE_WITH_KNOTS('',1,(#2860,#2861),.UNSPECIFIED.,.F.,.F.,
(2,2),(0.,0.999999999999999),.UNSPECIFIED.);
#1619=B_SPLINE_CURVE_WITH_KNOTS('',1,(#2862,#2863),.UNSPECIFIED.,.F.,.F.,
(2,2),(0.,1.65000000000001),.UNSPECIFIED.);
#1620=B_SPLINE_CURVE_WITH_KNOTS('',1,(#2869,#2870),.UNSPECIFIED.,.F.,.F.,
(2,2),(0.,0.999999999999999),.UNSPECIFIED.);
#1621=B_SPLINE_CURVE_WITH_KNOTS('',1,(#2871,#2872),.UNSPECIFIED.,.F.,.F.,
(2,2),(0.,1.65000000000001),.UNSPECIFIED.);
#1622=B_SPLINE_CURVE_WITH_KNOTS('',1,(#2873,#2874),.UNSPECIFIED.,.F.,.F.,
(2,2),(0.,0.999999999999999),.UNSPECIFIED.);
#1623=B_SPLINE_CURVE_WITH_KNOTS('',1,(#2875,#2876),.UNSPECIFIED.,.F.,.F.,
(2,2),(0.,1.65000000000001),.UNSPECIFIED.);
#1624=B_SPLINE_CURVE_WITH_KNOTS('',1,(#2882,#2883),.UNSPECIFIED.,.F.,.F.,
(2,2),(0.,0.999999999999999),.UNSPECIFIED.);
#1625=B_SPLINE_CURVE_WITH_KNOTS('',1,(#2884,#2885),.UNSPECIFIED.,.F.,.F.,
(2,2),(0.,1.65000000000001),.UNSPECIFIED.);
#1626=B_SPLINE_CURVE_WITH_KNOTS('',1,(#2886,#2887),.UNSPECIFIED.,.F.,.F.,
(2,2),(0.,0.999999999999999),.UNSPECIFIED.);
#1627=B_SPLINE_CURVE_WITH_KNOTS('',1,(#2888,#2889),.UNSPECIFIED.,.F.,.F.,
(2,2),(0.,1.65000000000001),.UNSPECIFIED.);
#1628=B_SPLINE_CURVE_WITH_KNOTS('',1,(#2895,#2896),.UNSPECIFIED.,.F.,.F.,
(2,2),(0.,0.999999999999999),.UNSPECIFIED.);
#1629=B_SPLINE_CURVE_WITH_KNOTS('',1,(#2897,#2898),.UNSPECIFIED.,.F.,.F.,
(2,2),(0.,1.65000000000001),.UNSPECIFIED.);
#1630=B_SPLINE_CURVE_WITH_KNOTS('',1,(#2899,#2900),.UNSPECIFIED.,.F.,.F.,
(2,2),(0.,0.999999999999999),.UNSPECIFIED.);
#1631=B_SPLINE_CURVE_WITH_KNOTS('',1,(#2901,#2902),.UNSPECIFIED.,.F.,.F.,
(2,2),(0.,1.65000000000001),.UNSPECIFIED.);
#1632=B_SPLINE_CURVE_WITH_KNOTS('',1,(#2908,#2909),.UNSPECIFIED.,.F.,.F.,
(2,2),(0.,0.999999999999999),.UNSPECIFIED.);
#1633=B_SPLINE_CURVE_WITH_KNOTS('',1,(#2910,#2911),.UNSPECIFIED.,.F.,.F.,
(2,2),(0.,1.65000000000001),.UNSPECIFIED.);
#1634=B_SPLINE_CURVE_WITH_KNOTS('',1,(#2912,#2913),.UNSPECIFIED.,.F.,.F.,
(2,2),(0.,0.999999999999999),.UNSPECIFIED.);
#1635=B_SPLINE_CURVE_WITH_KNOTS('',1,(#2914,#2915),.UNSPECIFIED.,.F.,.F.,
(2,2),(0.,1.65000000000001),.UNSPECIFIED.);
#1636=B_SPLINE_CURVE_WITH_KNOTS('',1,(#2921,#2922),.UNSPECIFIED.,.F.,.F.,
(2,2),(0.,0.999999999999999),.UNSPECIFIED.);
#1637=B_SPLINE_CURVE_WITH_KNOTS('',1,(#2923,#2924),.UNSPECIFIED.,.F.,.F.,
(2,2),(0.,1.65000000000001),.UNSPECIFIED.);
#1638=B_SPLINE_CURVE_WITH_KNOTS('',1,(#2925,#2926),.UNSPECIFIED.,.F.,.F.,
(2,2),(0.,0.999999999999999),.UNSPECIFIED.);
#1639=B_SPLINE_CURVE_WITH_KNOTS('',1,(#2927,#2928),.UNSPECIFIED.,.F.,.F.,
(2,2),(0.,1.65000000000001),.UNSPECIFIED.);
#1640=B_SPLINE_CURVE_WITH_KNOTS('',1,(#2934,#2935),.UNSPECIFIED.,.F.,.F.,
(2,2),(0.,0.999999999999999),.UNSPECIFIED.);
#1641=B_SPLINE_CURVE_WITH_KNOTS('',1,(#2936,#2937),.UNSPECIFIED.,.F.,.F.,
(2,2),(0.,1.65000000000001),.UNSPECIFIED.);
#1642=B_SPLINE_CURVE_WITH_KNOTS('',1,(#2938,#2939),.UNSPECIFIED.,.F.,.F.,
(2,2),(0.,0.999999999999999),.UNSPECIFIED.);
#1643=B_SPLINE_CURVE_WITH_KNOTS('',1,(#2940,#2941),.UNSPECIFIED.,.F.,.F.,
(2,2),(0.,1.65000000000001),.UNSPECIFIED.);
#1644=B_SPLINE_CURVE_WITH_KNOTS('',1,(#2947,#2948),.UNSPECIFIED.,.F.,.F.,
(2,2),(0.,0.999999999999999),.UNSPECIFIED.);
#1645=B_SPLINE_CURVE_WITH_KNOTS('',1,(#2949,#2950),.UNSPECIFIED.,.F.,.F.,
(2,2),(0.,1.65000000000001),.UNSPECIFIED.);
#1646=B_SPLINE_CURVE_WITH_KNOTS('',1,(#2951,#2952),.UNSPECIFIED.,.F.,.F.,
(2,2),(0.,0.999999999999999),.UNSPECIFIED.);
#1647=B_SPLINE_CURVE_WITH_KNOTS('',1,(#2953,#2954),.UNSPECIFIED.,.F.,.F.,
(2,2),(0.,1.65000000000001),.UNSPECIFIED.);
#1648=B_SPLINE_CURVE_WITH_KNOTS('',1,(#2960,#2961),.UNSPECIFIED.,.F.,.F.,
(2,2),(0.,0.999999999999999),.UNSPECIFIED.);
#1649=B_SPLINE_CURVE_WITH_KNOTS('',1,(#2962,#2963),.UNSPECIFIED.,.F.,.F.,
(2,2),(0.,1.65000000000001),.UNSPECIFIED.);
#1650=B_SPLINE_CURVE_WITH_KNOTS('',1,(#2964,#2965),.UNSPECIFIED.,.F.,.F.,
(2,2),(0.,0.999999999999999),.UNSPECIFIED.);
#1651=B_SPLINE_CURVE_WITH_KNOTS('',1,(#2966,#2967),.UNSPECIFIED.,.F.,.F.,
(2,2),(0.,1.65000000000001),.UNSPECIFIED.);
#1652=B_SPLINE_CURVE_WITH_KNOTS('',1,(#2973,#2974),.UNSPECIFIED.,.F.,.F.,
(2,2),(0.,0.999999999999999),.UNSPECIFIED.);
#1653=B_SPLINE_CURVE_WITH_KNOTS('',1,(#2975,#2976),.UNSPECIFIED.,.F.,.F.,
(2,2),(0.,1.65000000000001),.UNSPECIFIED.);
#1654=B_SPLINE_CURVE_WITH_KNOTS('',1,(#2977,#2978),.UNSPECIFIED.,.F.,.F.,
(2,2),(0.,0.999999999999999),.UNSPECIFIED.);
#1655=B_SPLINE_CURVE_WITH_KNOTS('',1,(#2979,#2980),.UNSPECIFIED.,.F.,.F.,
(2,2),(0.,1.65000000000001),.UNSPECIFIED.);
#1656=B_SPLINE_CURVE_WITH_KNOTS('',1,(#2986,#2987),.UNSPECIFIED.,.F.,.F.,
(2,2),(0.,0.999999999999999),.UNSPECIFIED.);
#1657=B_SPLINE_CURVE_WITH_KNOTS('',1,(#2988,#2989),.UNSPECIFIED.,.F.,.F.,
(2,2),(0.,1.65000000000001),.UNSPECIFIED.);
#1658=B_SPLINE_CURVE_WITH_KNOTS('',1,(#2990,#2991),.UNSPECIFIED.,.F.,.F.,
(2,2),(0.,0.999999999999999),.UNSPECIFIED.);
#1659=B_SPLINE_CURVE_WITH_KNOTS('',1,(#2992,#2993),.UNSPECIFIED.,.F.,.F.,
(2,2),(0.,1.65000000000001),.UNSPECIFIED.);
#1660=B_SPLINE_CURVE_WITH_KNOTS('',1,(#2999,#3000),.UNSPECIFIED.,.F.,.F.,
(2,2),(0.,0.999999999999999),.UNSPECIFIED.);
#1661=B_SPLINE_CURVE_WITH_KNOTS('',1,(#3001,#3002),.UNSPECIFIED.,.F.,.F.,
(2,2),(0.,1.65000000000001),.UNSPECIFIED.);
#1662=B_SPLINE_CURVE_WITH_KNOTS('',1,(#3003,#3004),.UNSPECIFIED.,.F.,.F.,
(2,2),(0.,0.999999999999999),.UNSPECIFIED.);
#1663=B_SPLINE_CURVE_WITH_KNOTS('',1,(#3005,#3006),.UNSPECIFIED.,.F.,.F.,
(2,2),(0.,1.65000000000001),.UNSPECIFIED.);
#1664=B_SPLINE_CURVE_WITH_KNOTS('',1,(#3012,#3013),.UNSPECIFIED.,.F.,.F.,
(2,2),(0.,0.999999999999999),.UNSPECIFIED.);
#1665=B_SPLINE_CURVE_WITH_KNOTS('',1,(#3014,#3015),.UNSPECIFIED.,.F.,.F.,
(2,2),(0.,1.65000000000001),.UNSPECIFIED.);
#1666=B_SPLINE_CURVE_WITH_KNOTS('',1,(#3016,#3017),.UNSPECIFIED.,.F.,.F.,
(2,2),(0.,0.999999999999999),.UNSPECIFIED.);
#1667=B_SPLINE_CURVE_WITH_KNOTS('',1,(#3018,#3019),.UNSPECIFIED.,.F.,.F.,
(2,2),(0.,1.65000000000001),.UNSPECIFIED.);
#1668=B_SPLINE_CURVE_WITH_KNOTS('',1,(#3025,#3026),.UNSPECIFIED.,.F.,.F.,
(2,2),(0.,0.999999999999999),.UNSPECIFIED.);
#1669=B_SPLINE_CURVE_WITH_KNOTS('',1,(#3027,#3028),.UNSPECIFIED.,.F.,.F.,
(2,2),(0.,1.65000000000001),.UNSPECIFIED.);
#1670=B_SPLINE_CURVE_WITH_KNOTS('',1,(#3029,#3030),.UNSPECIFIED.,.F.,.F.,
(2,2),(0.,0.999999999999999),.UNSPECIFIED.);
#1671=B_SPLINE_CURVE_WITH_KNOTS('',1,(#3031,#3032),.UNSPECIFIED.,.F.,.F.,
(2,2),(0.,1.65000000000001),.UNSPECIFIED.);
#1672=B_SPLINE_CURVE_WITH_KNOTS('',1,(#3038,#3039),.UNSPECIFIED.,.F.,.F.,
(2,2),(0.,13.1930100000196),.UNSPECIFIED.);
#1673=B_SPLINE_CURVE_WITH_KNOTS('',1,(#3040,#3041),.UNSPECIFIED.,.F.,.F.,
(2,2),(0.,8.23299000001224),.UNSPECIFIED.);
#1674=B_SPLINE_CURVE_WITH_KNOTS('',1,(#3042,#3043),.UNSPECIFIED.,.F.,.F.,
(2,2),(0.,13.1930100000196),.UNSPECIFIED.);
#1675=B_SPLINE_CURVE_WITH_KNOTS('',1,(#3044,#3045),.UNSPECIFIED.,.F.,.F.,
(2,2),(0.,8.23299000001224),.UNSPECIFIED.);
#1676=B_SPLINE_CURVE_WITH_KNOTS('',1,(#3051,#3052),.UNSPECIFIED.,.F.,.F.,
(2,2),(0.,0.810000000001196),.UNSPECIFIED.);
#1677=B_SPLINE_CURVE_WITH_KNOTS('',1,(#3053,#3054),.UNSPECIFIED.,.F.,.F.,
(2,2),(0.,1.2800000000019),.UNSPECIFIED.);
#1678=B_SPLINE_CURVE_WITH_KNOTS('',1,(#3055,#3056),.UNSPECIFIED.,.F.,.F.,
(2,2),(0.,0.810000000001196),.UNSPECIFIED.);
#1679=B_SPLINE_CURVE_WITH_KNOTS('',1,(#3057,#3058),.UNSPECIFIED.,.F.,.F.,
(2,2),(0.,1.2800000000019),.UNSPECIFIED.);
#1680=B_SPLINE_CURVE_WITH_KNOTS('',1,(#3064,#3065),.UNSPECIFIED.,.F.,.F.,
(2,2),(0.,0.810030000001206),.UNSPECIFIED.);
#1681=B_SPLINE_CURVE_WITH_KNOTS('',1,(#3066,#3067),.UNSPECIFIED.,.F.,.F.,
(2,2),(0.,1.2800000000019),.UNSPECIFIED.);
#1682=B_SPLINE_CURVE_WITH_KNOTS('',1,(#3068,#3069),.UNSPECIFIED.,.F.,.F.,
(2,2),(0.,0.810030000001206),.UNSPECIFIED.);
#1683=B_SPLINE_CURVE_WITH_KNOTS('',1,(#3070,#3071),.UNSPECIFIED.,.F.,.F.,
(2,2),(0.,1.2800000000019),.UNSPECIFIED.);
#1684=B_SPLINE_CURVE_WITH_KNOTS('',1,(#3077,#3078),.UNSPECIFIED.,.F.,.F.,
(2,2),(0.,0.810000000001196),.UNSPECIFIED.);
#1685=B_SPLINE_CURVE_WITH_KNOTS('',1,(#3079,#3080),.UNSPECIFIED.,.F.,.F.,
(2,2),(0.,1.2800000000019),.UNSPECIFIED.);
#1686=B_SPLINE_CURVE_WITH_KNOTS('',1,(#3081,#3082),.UNSPECIFIED.,.F.,.F.,
(2,2),(0.,0.810000000001196),.UNSPECIFIED.);
#1687=B_SPLINE_CURVE_WITH_KNOTS('',1,(#3083,#3084),.UNSPECIFIED.,.F.,.F.,
(2,2),(0.,1.2800000000019),.UNSPECIFIED.);
#1688=B_SPLINE_CURVE_WITH_KNOTS('',1,(#3090,#3091),.UNSPECIFIED.,.F.,.F.,
(2,2),(0.,0.810000000001224),.UNSPECIFIED.);
#1689=B_SPLINE_CURVE_WITH_KNOTS('',1,(#3092,#3093),.UNSPECIFIED.,.F.,.F.,
(2,2),(0.,1.2800000000019),.UNSPECIFIED.);
#1690=B_SPLINE_CURVE_WITH_KNOTS('',1,(#3094,#3095),.UNSPECIFIED.,.F.,.F.,
(2,2),(0.,0.810000000001224),.UNSPECIFIED.);
#1691=B_SPLINE_CURVE_WITH_KNOTS('',1,(#3096,#3097),.UNSPECIFIED.,.F.,.F.,
(2,2),(0.,1.2800000000019),.UNSPECIFIED.);
#1692=B_SPLINE_CURVE_WITH_KNOTS('',1,(#3103,#3104),.UNSPECIFIED.,.F.,.F.,
(2,2),(0.,1.75000000000261),.UNSPECIFIED.);
#1693=B_SPLINE_CURVE_WITH_KNOTS('',1,(#3105,#3106),.UNSPECIFIED.,.F.,.F.,
(2,2),(0.,2.21300000000328),.UNSPECIFIED.);
#1694=B_SPLINE_CURVE_WITH_KNOTS('',1,(#3107,#3108),.UNSPECIFIED.,.F.,.F.,
(2,2),(0.,1.75000000000261),.UNSPECIFIED.);
#1695=B_SPLINE_CURVE_WITH_KNOTS('',1,(#3109,#3110),.UNSPECIFIED.,.F.,.F.,
(2,2),(0.,2.21300000000328),.UNSPECIFIED.);
#1696=B_SPLINE_CURVE_WITH_KNOTS('',1,(#3116,#3117),.UNSPECIFIED.,.F.,.F.,
(2,2),(0.,1.75000000000261),.UNSPECIFIED.);
#1697=B_SPLINE_CURVE_WITH_KNOTS('',1,(#3118,#3119),.UNSPECIFIED.,.F.,.F.,
(2,2),(0.,2.21300000000328),.UNSPECIFIED.);
#1698=B_SPLINE_CURVE_WITH_KNOTS('',1,(#3120,#3121),.UNSPECIFIED.,.F.,.F.,
(2,2),(0.,1.75000000000261),.UNSPECIFIED.);
#1699=B_SPLINE_CURVE_WITH_KNOTS('',1,(#3122,#3123),.UNSPECIFIED.,.F.,.F.,
(2,2),(0.,2.21300000000328),.UNSPECIFIED.);
#1700=B_SPLINE_CURVE_WITH_KNOTS('',1,(#3129,#3130),.UNSPECIFIED.,.F.,.F.,
(2,2),(0.,2.67500000000399),.UNSPECIFIED.);
#1701=B_SPLINE_CURVE_WITH_KNOTS('',1,(#3131,#3132),.UNSPECIFIED.,.F.,.F.,
(2,2),(0.,2.59100000000385),.UNSPECIFIED.);
#1702=B_SPLINE_CURVE_WITH_KNOTS('',1,(#3133,#3134),.UNSPECIFIED.,.F.,.F.,
(2,2),(0.,2.67500000000399),.UNSPECIFIED.);
#1703=B_SPLINE_CURVE_WITH_KNOTS('',1,(#3135,#3136),.UNSPECIFIED.,.F.,.F.,
(2,2),(0.,2.59100000000385),.UNSPECIFIED.);
#1704=B_SPLINE_CURVE_WITH_KNOTS('',1,(#3142,#3143),.UNSPECIFIED.,.F.,.F.,
(2,2),(0.,2.67500000000399),.UNSPECIFIED.);
#1705=B_SPLINE_CURVE_WITH_KNOTS('',1,(#3144,#3145),.UNSPECIFIED.,.F.,.F.,
(2,2),(0.,2.59100000000385),.UNSPECIFIED.);
#1706=B_SPLINE_CURVE_WITH_KNOTS('',1,(#3146,#3147),.UNSPECIFIED.,.F.,.F.,
(2,2),(0.,2.67500000000399),.UNSPECIFIED.);
#1707=B_SPLINE_CURVE_WITH_KNOTS('',1,(#3148,#3149),.UNSPECIFIED.,.F.,.F.,
(2,2),(0.,2.59100000000385),.UNSPECIFIED.);
#1708=VERTEX_POINT('',#2209);
#1709=VERTEX_POINT('',#2210);
#1710=VERTEX_POINT('',#2211);
#1711=VERTEX_POINT('',#2212);
#1712=VERTEX_POINT('',#2222);
#1713=VERTEX_POINT('',#2223);
#1714=VERTEX_POINT('',#2224);
#1715=VERTEX_POINT('',#2225);
#1716=VERTEX_POINT('',#2235);
#1717=VERTEX_POINT('',#2236);
#1718=VERTEX_POINT('',#2237);
#1719=VERTEX_POINT('',#2238);
#1720=VERTEX_POINT('',#2248);
#1721=VERTEX_POINT('',#2249);
#1722=VERTEX_POINT('',#2250);
#1723=VERTEX_POINT('',#2251);
#1724=VERTEX_POINT('',#2261);
#1725=VERTEX_POINT('',#2262);
#1726=VERTEX_POINT('',#2263);
#1727=VERTEX_POINT('',#2264);
#1728=VERTEX_POINT('',#2274);
#1729=VERTEX_POINT('',#2275);
#1730=VERTEX_POINT('',#2276);
#1731=VERTEX_POINT('',#2277);
#1732=VERTEX_POINT('',#2287);
#1733=VERTEX_POINT('',#2288);
#1734=VERTEX_POINT('',#2289);
#1735=VERTEX_POINT('',#2290);
#1736=VERTEX_POINT('',#2300);
#1737=VERTEX_POINT('',#2301);
#1738=VERTEX_POINT('',#2302);
#1739=VERTEX_POINT('',#2303);
#1740=VERTEX_POINT('',#2313);
#1741=VERTEX_POINT('',#2314);
#1742=VERTEX_POINT('',#2315);
#1743=VERTEX_POINT('',#2316);
#1744=VERTEX_POINT('',#2326);
#1745=VERTEX_POINT('',#2327);
#1746=VERTEX_POINT('',#2328);
#1747=VERTEX_POINT('',#2329);
#1748=VERTEX_POINT('',#2339);
#1749=VERTEX_POINT('',#2340);
#1750=VERTEX_POINT('',#2341);
#1751=VERTEX_POINT('',#2342);
#1752=VERTEX_POINT('',#2352);
#1753=VERTEX_POINT('',#2353);
#1754=VERTEX_POINT('',#2354);
#1755=VERTEX_POINT('',#2355);
#1756=VERTEX_POINT('',#2356);
#1757=VERTEX_POINT('',#2357);
#1758=VERTEX_POINT('',#2358);
#1759=VERTEX_POINT('',#2359);
#1760=VERTEX_POINT('',#2360);
#1761=VERTEX_POINT('',#2361);
#1762=VERTEX_POINT('',#2362);
#1763=VERTEX_POINT('',#2363);
#1764=VERTEX_POINT('',#2364);
#1765=VERTEX_POINT('',#2365);
#1766=VERTEX_POINT('',#2366);
#1767=VERTEX_POINT('',#2367);
#1768=VERTEX_POINT('',#2368);
#1769=VERTEX_POINT('',#2369);
#1770=VERTEX_POINT('',#2370);
#1771=VERTEX_POINT('',#2371);
#1772=VERTEX_POINT('',#2372);
#1773=VERTEX_POINT('',#2416);
#1774=VERTEX_POINT('',#2417);
#1775=VERTEX_POINT('',#2418);
#1776=VERTEX_POINT('',#2419);
#1777=VERTEX_POINT('',#2420);
#1778=VERTEX_POINT('',#2421);
#1779=VERTEX_POINT('',#2422);
#1780=VERTEX_POINT('',#2423);
#1781=VERTEX_POINT('',#2424);
#1782=VERTEX_POINT('',#2425);
#1783=VERTEX_POINT('',#2426);
#1784=VERTEX_POINT('',#2427);
#1785=VERTEX_POINT('',#2428);
#1786=VERTEX_POINT('',#2429);
#1787=VERTEX_POINT('',#2430);
#1788=VERTEX_POINT('',#2431);
#1789=VERTEX_POINT('',#2432);
#1790=VERTEX_POINT('',#2433);
#1791=VERTEX_POINT('',#2434);
#1792=VERTEX_POINT('',#2435);
#1793=VERTEX_POINT('',#2436);
#1794=VERTEX_POINT('',#2437);
#1795=VERTEX_POINT('',#2438);
#1796=VERTEX_POINT('',#2439);
#1797=VERTEX_POINT('',#2440);
#1798=VERTEX_POINT('',#2441);
#1799=VERTEX_POINT('',#2442);
#1800=VERTEX_POINT('',#2443);
#1801=VERTEX_POINT('',#2444);
#1802=VERTEX_POINT('',#2504);
#1803=VERTEX_POINT('',#2505);
#1804=VERTEX_POINT('',#2506);
#1805=VERTEX_POINT('',#2507);
#1806=VERTEX_POINT('',#2508);
#1807=VERTEX_POINT('',#2509);
#1808=VERTEX_POINT('',#2510);
#1809=VERTEX_POINT('',#2511);
#1810=VERTEX_POINT('',#2512);
#1811=VERTEX_POINT('',#2513);
#1812=VERTEX_POINT('',#2514);
#1813=VERTEX_POINT('',#2515);
#1814=VERTEX_POINT('',#2541);
#1815=VERTEX_POINT('',#2542);
#1816=VERTEX_POINT('',#2543);
#1817=VERTEX_POINT('',#2544);
#1818=VERTEX_POINT('',#2545);
#1819=VERTEX_POINT('',#2546);
#1820=VERTEX_POINT('',#2547);
#1821=VERTEX_POINT('',#2548);
#1822=VERTEX_POINT('',#2566);
#1823=VERTEX_POINT('',#2567);
#1824=VERTEX_POINT('',#2568);
#1825=VERTEX_POINT('',#2569);
#1826=VERTEX_POINT('',#2579);
#1827=VERTEX_POINT('',#2580);
#1828=VERTEX_POINT('',#2581);
#1829=VERTEX_POINT('',#2582);
#1830=VERTEX_POINT('',#2592);
#1831=VERTEX_POINT('',#2593);
#1832=VERTEX_POINT('',#2594);
#1833=VERTEX_POINT('',#2595);
#1834=VERTEX_POINT('',#2605);
#1835=VERTEX_POINT('',#2606);
#1836=VERTEX_POINT('',#2607);
#1837=VERTEX_POINT('',#2608);
#1838=VERTEX_POINT('',#2618);
#1839=VERTEX_POINT('',#2619);
#1840=VERTEX_POINT('',#2620);
#1841=VERTEX_POINT('',#2621);
#1842=VERTEX_POINT('',#2631);
#1843=VERTEX_POINT('',#2632);
#1844=VERTEX_POINT('',#2633);
#1845=VERTEX_POINT('',#2634);
#1846=VERTEX_POINT('',#2644);
#1847=VERTEX_POINT('',#2645);
#1848=VERTEX_POINT('',#2646);
#1849=VERTEX_POINT('',#2647);
#1850=VERTEX_POINT('',#2657);
#1851=VERTEX_POINT('',#2658);
#1852=VERTEX_POINT('',#2659);
#1853=VERTEX_POINT('',#2660);
#1854=VERTEX_POINT('',#2670);
#1855=VERTEX_POINT('',#2671);
#1856=VERTEX_POINT('',#2672);
#1857=VERTEX_POINT('',#2673);
#1858=VERTEX_POINT('',#2683);
#1859=VERTEX_POINT('',#2684);
#1860=VERTEX_POINT('',#2685);
#1861=VERTEX_POINT('',#2686);
#1862=VERTEX_POINT('',#2696);
#1863=VERTEX_POINT('',#2697);
#1864=VERTEX_POINT('',#2698);
#1865=VERTEX_POINT('',#2699);
#1866=VERTEX_POINT('',#2709);
#1867=VERTEX_POINT('',#2710);
#1868=VERTEX_POINT('',#2711);
#1869=VERTEX_POINT('',#2712);
#1870=VERTEX_POINT('',#2722);
#1871=VERTEX_POINT('',#2723);
#1872=VERTEX_POINT('',#2724);
#1873=VERTEX_POINT('',#2725);
#1874=VERTEX_POINT('',#2735);
#1875=VERTEX_POINT('',#2736);
#1876=VERTEX_POINT('',#2737);
#1877=VERTEX_POINT('',#2738);
#1878=VERTEX_POINT('',#2748);
#1879=VERTEX_POINT('',#2749);
#1880=VERTEX_POINT('',#2750);
#1881=VERTEX_POINT('',#2751);
#1882=VERTEX_POINT('',#2761);
#1883=VERTEX_POINT('',#2762);
#1884=VERTEX_POINT('',#2763);
#1885=VERTEX_POINT('',#2764);
#1886=VERTEX_POINT('',#2774);
#1887=VERTEX_POINT('',#2775);
#1888=VERTEX_POINT('',#2776);
#1889=VERTEX_POINT('',#2777);
#1890=VERTEX_POINT('',#2787);
#1891=VERTEX_POINT('',#2788);
#1892=VERTEX_POINT('',#2789);
#1893=VERTEX_POINT('',#2790);
#1894=VERTEX_POINT('',#2800);
#1895=VERTEX_POINT('',#2801);
#1896=VERTEX_POINT('',#2802);
#1897=VERTEX_POINT('',#2803);
#1898=VERTEX_POINT('',#2813);
#1899=VERTEX_POINT('',#2814);
#1900=VERTEX_POINT('',#2815);
#1901=VERTEX_POINT('',#2816);
#1902=VERTEX_POINT('',#2826);
#1903=VERTEX_POINT('',#2827);
#1904=VERTEX_POINT('',#2828);
#1905=VERTEX_POINT('',#2829);
#1906=VERTEX_POINT('',#2839);
#1907=VERTEX_POINT('',#2840);
#1908=VERTEX_POINT('',#2841);
#1909=VERTEX_POINT('',#2842);
#1910=VERTEX_POINT('',#2852);
#1911=VERTEX_POINT('',#2853);
#1912=VERTEX_POINT('',#2854);
#1913=VERTEX_POINT('',#2855);
#1914=VERTEX_POINT('',#2865);
#1915=VERTEX_POINT('',#2866);
#1916=VERTEX_POINT('',#2867);
#1917=VERTEX_POINT('',#2868);
#1918=VERTEX_POINT('',#2878);
#1919=VERTEX_POINT('',#2879);
#1920=VERTEX_POINT('',#2880);
#1921=VERTEX_POINT('',#2881);
#1922=VERTEX_POINT('',#2891);
#1923=VERTEX_POINT('',#2892);
#1924=VERTEX_POINT('',#2893);
#1925=VERTEX_POINT('',#2894);
#1926=VERTEX_POINT('',#2904);
#1927=VERTEX_POINT('',#2905);
#1928=VERTEX_POINT('',#2906);
#1929=VERTEX_POINT('',#2907);
#1930=VERTEX_POINT('',#2917);
#1931=VERTEX_POINT('',#2918);
#1932=VERTEX_POINT('',#2919);
#1933=VERTEX_POINT('',#2920);
#1934=VERTEX_POINT('',#2930);
#1935=VERTEX_POINT('',#2931);
#1936=VERTEX_POINT('',#2932);
#1937=VERTEX_POINT('',#2933);
#1938=VERTEX_POINT('',#2943);
#1939=VERTEX_POINT('',#2944);
#1940=VERTEX_POINT('',#2945);
#1941=VERTEX_POINT('',#2946);
#1942=VERTEX_POINT('',#2956);
#1943=VERTEX_POINT('',#2957);
#1944=VERTEX_POINT('',#2958);
#1945=VERTEX_POINT('',#2959);
#1946=VERTEX_POINT('',#2969);
#1947=VERTEX_POINT('',#2970);
#1948=VERTEX_POINT('',#2971);
#1949=VERTEX_POINT('',#2972);
#1950=VERTEX_POINT('',#2982);
#1951=VERTEX_POINT('',#2983);
#1952=VERTEX_POINT('',#2984);
#1953=VERTEX_POINT('',#2985);
#1954=VERTEX_POINT('',#2995);
#1955=VERTEX_POINT('',#2996);
#1956=VERTEX_POINT('',#2997);
#1957=VERTEX_POINT('',#2998);
#1958=VERTEX_POINT('',#3008);
#1959=VERTEX_POINT('',#3009);
#1960=VERTEX_POINT('',#3010);
#1961=VERTEX_POINT('',#3011);
#1962=VERTEX_POINT('',#3021);
#1963=VERTEX_POINT('',#3022);
#1964=VERTEX_POINT('',#3023);
#1965=VERTEX_POINT('',#3024);
#1966=VERTEX_POINT('',#3034);
#1967=VERTEX_POINT('',#3035);
#1968=VERTEX_POINT('',#3036);
#1969=VERTEX_POINT('',#3037);
#1970=VERTEX_POINT('',#3047);
#1971=VERTEX_POINT('',#3048);
#1972=VERTEX_POINT('',#3049);
#1973=VERTEX_POINT('',#3050);
#1974=VERTEX_POINT('',#3060);
#1975=VERTEX_POINT('',#3061);
#1976=VERTEX_POINT('',#3062);
#1977=VERTEX_POINT('',#3063);
#1978=VERTEX_POINT('',#3073);
#1979=VERTEX_POINT('',#3074);
#1980=VERTEX_POINT('',#3075);
#1981=VERTEX_POINT('',#3076);
#1982=VERTEX_POINT('',#3086);
#1983=VERTEX_POINT('',#3087);
#1984=VERTEX_POINT('',#3088);
#1985=VERTEX_POINT('',#3089);
#1986=VERTEX_POINT('',#3099);
#1987=VERTEX_POINT('',#3100);
#1988=VERTEX_POINT('',#3101);
#1989=VERTEX_POINT('',#3102);
#1990=VERTEX_POINT('',#3112);
#1991=VERTEX_POINT('',#3113);
#1992=VERTEX_POINT('',#3114);
#1993=VERTEX_POINT('',#3115);
#1994=VERTEX_POINT('',#3125);
#1995=VERTEX_POINT('',#3126);
#1996=VERTEX_POINT('',#3127);
#1997=VERTEX_POINT('',#3128);
#1998=VERTEX_POINT('',#3138);
#1999=VERTEX_POINT('',#3139);
#2000=VERTEX_POINT('',#3140);
#2001=VERTEX_POINT('',#3141);
#2002=PLANE('',#2082);
#2003=PLANE('',#2083);
#2004=PLANE('',#2084);
#2005=PLANE('',#2085);
#2006=PLANE('',#2086);
#2007=PLANE('',#2087);
#2008=PLANE('',#2088);
#2009=PLANE('',#2089);
#2010=PLANE('',#2090);
#2011=PLANE('',#2091);
#2012=PLANE('',#2092);
#2013=PLANE('',#2093);
#2014=PLANE('',#2094);
#2015=PLANE('',#2095);
#2016=PLANE('',#2096);
#2017=PLANE('',#2097);
#2018=PLANE('',#2098);
#2019=PLANE('',#2099);
#2020=PLANE('',#2100);
#2021=PLANE('',#2101);
#2022=PLANE('',#2102);
#2023=PLANE('',#2103);
#2024=PLANE('',#2104);
#2025=PLANE('',#2105);
#2026=PLANE('',#2106);
#2027=PLANE('',#2107);
#2028=PLANE('',#2108);
#2029=PLANE('',#2109);
#2030=PLANE('',#2110);
#2031=PLANE('',#2111);
#2032=PLANE('',#2112);
#2033=PLANE('',#2113);
#2034=PLANE('',#2114);
#2035=PLANE('',#2115);
#2036=PLANE('',#2116);
#2037=PLANE('',#2117);
#2038=PLANE('',#2118);
#2039=PLANE('',#2119);
#2040=PLANE('',#2120);
#2041=PLANE('',#2121);
#2042=PLANE('',#2122);
#2043=PLANE('',#2123);
#2044=PLANE('',#2124);
#2045=PLANE('',#2125);
#2046=PLANE('',#2126);
#2047=PLANE('',#2127);
#2048=PLANE('',#2128);
#2049=PLANE('',#2129);
#2050=PLANE('',#2130);
#2051=PLANE('',#2131);
#2052=PLANE('',#2132);
#2053=PLANE('',#2133);
#2054=PLANE('',#2134);
#2055=PLANE('',#2135);
#2056=PLANE('',#2136);
#2057=PLANE('',#2137);
#2058=PLANE('',#2138);
#2059=PLANE('',#2139);
#2060=PLANE('',#2140);
#2061=PLANE('',#2141);
#2062=SHAPE_DEFINITION_REPRESENTATION(#2063,#2080);
#2063=PRODUCT_DEFINITION_SHAPE($,$,#2065);
#2064=PRODUCT_DEFINITION_CONTEXT('3D Mechanical Parts',#2069,'design');
#2065=PRODUCT_DEFINITION('A','First version',#2066,#2064);
#2066=PRODUCT_DEFINITION_FORMATION_WITH_SPECIFIED_SOURCE('A',
'First version',#2071,.MADE.);
#2067=PRODUCT_RELATED_PRODUCT_CATEGORY('tool','tool',(#2071));
#2068=APPLICATION_PROTOCOL_DEFINITION('Draft International Standard',
'automotive_design',1999,#2069);
#2069=APPLICATION_CONTEXT(
'data for automotive mechanical design processes');
#2070=PRODUCT_CONTEXT('3D Mechanical Parts',#2069,'mechanical');
#2071=PRODUCT('Document','Document','',(#2070));
#2072=(
LENGTH_UNIT()
NAMED_UNIT(*)
SI_UNIT($,.METRE.)
);
#2073=(
NAMED_UNIT(*)
PLANE_ANGLE_UNIT()
SI_UNIT($,.RADIAN.)
);
#2074=DIMENSIONAL_EXPONENTS(0.,0.,0.,0.,0.,0.,0.);
#2075=PLANE_ANGLE_MEASURE_WITH_UNIT(PLANE_ANGLE_MEASURE(0.01745329252),
#2073);
#2076=(
CONVERSION_BASED_UNIT('DEGREES',#2075)
NAMED_UNIT(#2074)
PLANE_ANGLE_UNIT()
);
#2077=(
NAMED_UNIT(*)
SI_UNIT($,.STERADIAN.)
SOLID_ANGLE_UNIT()
);
#2078=UNCERTAINTY_MEASURE_WITH_UNIT(LENGTH_MEASURE(0.01),#2072,
'DISTANCE_ACCURACY_VALUE',
'Maximum model space distance between geometric entities at asserted c
onnectivities');
#2079=(
GEOMETRIC_REPRESENTATION_CONTEXT(3)
GLOBAL_UNCERTAINTY_ASSIGNED_CONTEXT((#2078))
GLOBAL_UNIT_ASSIGNED_CONTEXT((#2077,#2076,#2072))
REPRESENTATION_CONTEXT('ID1','3D')
);
#2080=SHAPE_REPRESENTATION('Document',(#2081,#2142),#2079);
#2081=AXIS2_PLACEMENT_3D($,#2207,#2143,#2144);
#2082=AXIS2_PLACEMENT_3D('',#2208,#2145,$);
#2083=AXIS2_PLACEMENT_3D('',#2221,#2146,$);
#2084=AXIS2_PLACEMENT_3D('',#2234,#2147,$);
#2085=AXIS2_PLACEMENT_3D('',#2247,#2148,$);
#2086=AXIS2_PLACEMENT_3D('',#2260,#2149,$);
#2087=AXIS2_PLACEMENT_3D('',#2273,#2150,$);
#2088=AXIS2_PLACEMENT_3D('',#2286,#2151,$);
#2089=AXIS2_PLACEMENT_3D('',#2299,#2152,$);
#2090=AXIS2_PLACEMENT_3D('',#2312,#2153,$);
#2091=AXIS2_PLACEMENT_3D('',#2325,#2154,$);
#2092=AXIS2_PLACEMENT_3D('',#2338,#2155,$);
#2093=AXIS2_PLACEMENT_3D('',#2351,#2156,$);
#2094=AXIS2_PLACEMENT_3D('',#2415,#2157,$);
#2095=AXIS2_PLACEMENT_3D('',#2503,#2158,$);
#2096=AXIS2_PLACEMENT_3D('',#2540,#2159,$);
#2097=AXIS2_PLACEMENT_3D('',#2565,#2160,$);
#2098=AXIS2_PLACEMENT_3D('',#2578,#2161,$);
#2099=AXIS2_PLACEMENT_3D('',#2591,#2162,$);
#2100=AXIS2_PLACEMENT_3D('',#2604,#2163,$);
#2101=AXIS2_PLACEMENT_3D('',#2617,#2164,$);
#2102=AXIS2_PLACEMENT_3D('',#2630,#2165,$);
#2103=AXIS2_PLACEMENT_3D('',#2643,#2166,$);
#2104=AXIS2_PLACEMENT_3D('',#2656,#2167,$);
#2105=AXIS2_PLACEMENT_3D('',#2669,#2168,$);
#2106=AXIS2_PLACEMENT_3D('',#2682,#2169,$);
#2107=AXIS2_PLACEMENT_3D('',#2695,#2170,$);
#2108=AXIS2_PLACEMENT_3D('',#2708,#2171,$);
#2109=AXIS2_PLACEMENT_3D('',#2721,#2172,$);
#2110=AXIS2_PLACEMENT_3D('',#2734,#2173,$);
#2111=AXIS2_PLACEMENT_3D('',#2747,#2174,$);
#2112=AXIS2_PLACEMENT_3D('',#2760,#2175,$);
#2113=AXIS2_PLACEMENT_3D('',#2773,#2176,$);
#2114=AXIS2_PLACEMENT_3D('',#2786,#2177,$);
#2115=AXIS2_PLACEMENT_3D('',#2799,#2178,$);
#2116=AXIS2_PLACEMENT_3D('',#2812,#2179,$);
#2117=AXIS2_PLACEMENT_3D('',#2825,#2180,$);
#2118=AXIS2_PLACEMENT_3D('',#2838,#2181,$);
#2119=AXIS2_PLACEMENT_3D('',#2851,#2182,$);
#2120=AXIS2_PLACEMENT_3D('',#2864,#2183,$);
#2121=AXIS2_PLACEMENT_3D('',#2877,#2184,$);
#2122=AXIS2_PLACEMENT_3D('',#2890,#2185,$);
#2123=AXIS2_PLACEMENT_3D('',#2903,#2186,$);
#2124=AXIS2_PLACEMENT_3D('',#2916,#2187,$);
#2125=AXIS2_PLACEMENT_3D('',#2929,#2188,$);
#2126=AXIS2_PLACEMENT_3D('',#2942,#2189,$);
#2127=AXIS2_PLACEMENT_3D('',#2955,#2190,$);
#2128=AXIS2_PLACEMENT_3D('',#2968,#2191,$);
#2129=AXIS2_PLACEMENT_3D('',#2981,#2192,$);
#2130=AXIS2_PLACEMENT_3D('',#2994,#2193,$);
#2131=AXIS2_PLACEMENT_3D('',#3007,#2194,$);
#2132=AXIS2_PLACEMENT_3D('',#3020,#2195,$);
#2133=AXIS2_PLACEMENT_3D('',#3033,#2196,$);
#2134=AXIS2_PLACEMENT_3D('',#3046,#2197,$);
#2135=AXIS2_PLACEMENT_3D('',#3059,#2198,$);
#2136=AXIS2_PLACEMENT_3D('',#3072,#2199,$);
#2137=AXIS2_PLACEMENT_3D('',#3085,#2200,$);
#2138=AXIS2_PLACEMENT_3D('',#3098,#2201,$);
#2139=AXIS2_PLACEMENT_3D('',#3111,#2202,$);
#2140=AXIS2_PLACEMENT_3D('',#3124,#2203,$);
#2141=AXIS2_PLACEMENT_3D('',#3137,#2204,$);
#2142=AXIS2_PLACEMENT_3D($,#3150,#2205,#2206);
#2143=DIRECTION('',(0.,0.,1.));
#2144=DIRECTION('',(1.,0.,0.));
#2145=DIRECTION('',(0.816242433748034,0.577709519870571,-1.96304695820139E-15));
#2146=DIRECTION('',(0.816242433748035,0.577709519870571,-1.60056250075213E-15));
#2147=DIRECTION('',(-0.816242433748034,-0.577709519870572,-2.97979612212305E-15));
#2148=DIRECTION('',(0.577709519870567,-0.816242433748038,2.11859786494158E-16));
#2149=DIRECTION('',(0.577709519870571,-0.816242433748035,-5.73112684997152E-16));
#2150=DIRECTION('',(0.577709519870574,-0.816242433748033,-8.2966724919934E-16));
#2151=DIRECTION('',(0.816242433748034,0.577709519870571,-1.60056250075213E-15));
#2152=DIRECTION('',(-0.577709519870561,0.816242433748042,3.09519510825718E-16));
#2153=DIRECTION('',(-0.816242433748034,-0.577709519870572,-5.62917710732211E-16));
#2154=DIRECTION('',(-0.577173565319649,-0.408504446126025,0.707103099265924));
#2155=DIRECTION('',(0.577167554655598,0.408500191975913,0.707110463087996));
#2156=DIRECTION('',(-0.577709519870561,0.816242433748042,3.09519510825718E-16));
#2157=DIRECTION('',(0.577709519870571,-0.816242433748035,7.59864788501143E-16));
#2158=DIRECTION('',(0.816242433748034,0.577709519870571,-1.60056250075213E-15));
#2159=DIRECTION('',(-0.816242433748034,-0.577709519870572,-2.97979612212305E-15));
#2160=DIRECTION('',(-0.577170559995446,-0.408502319056507,0.707106781186547));
#2161=DIRECTION('',(-0.577170559995446,-0.408502319056506,0.707106781186547));
#2162=DIRECTION('',(-0.577170559995446,-0.408502319056506,0.707106781186547));
#2163=DIRECTION('',(-0.577170559995446,-0.408502319056507,0.707106781186547));
#2164=DIRECTION('',(-0.577170559995446,-0.408502319056506,0.707106781186547));
#2165=DIRECTION('',(-0.577170559995446,-0.408502319056506,0.707106781186548));
#2166=DIRECTION('',(-0.577170559995446,-0.408502319056507,0.707106781186547));
#2167=DIRECTION('',(-0.577170559995446,-0.408502319056507,0.707106781186547));
#2168=DIRECTION('',(-0.577170559995446,-0.408502319056507,0.707106781186547));
#2169=DIRECTION('',(-0.577170559995446,-0.408502319056506,0.707106781186547));
#2170=DIRECTION('',(-0.577170559995446,-0.408502319056506,0.707106781186547));
#2171=DIRECTION('',(-0.577170559995446,-0.408502319056506,0.707106781186547));
#2172=DIRECTION('',(-0.577170559995446,-0.408502319056507,0.707106781186547));
#2173=DIRECTION('',(-0.577170559995446,-0.408502319056506,0.707106781186547));
#2174=DIRECTION('',(-0.577170559995446,-0.408502319056506,0.707106781186548));
#2175=DIRECTION('',(-0.577170559995446,-0.408502319056506,0.707106781186547));
#2176=DIRECTION('',(-0.577170559995446,-0.408502319056507,0.707106781186547));
#2177=DIRECTION('',(-0.577170559995446,-0.408502319056507,0.707106781186547));
#2178=DIRECTION('',(-0.577170559995446,-0.408502319056507,0.707106781186547));
#2179=DIRECTION('',(-0.577170559995446,-0.408502319056507,0.707106781186547));
#2180=DIRECTION('',(-0.577170559995446,-0.408502319056507,0.707106781186547));
#2181=DIRECTION('',(-0.577170559995446,-0.408502319056507,0.707106781186547));
#2182=DIRECTION('',(-0.577170559995446,-0.408502319056507,0.707106781186547));
#2183=DIRECTION('',(-0.577170559995446,-0.408502319056506,0.707106781186547));
#2184=DIRECTION('',(-0.577170559995446,-0.408502319056507,0.707106781186547));
#2185=DIRECTION('',(-0.577170559995445,-0.408502319056506,0.707106781186548));
#2186=DIRECTION('',(-0.577170559995446,-0.408502319056507,0.707106781186547));
#2187=DIRECTION('',(-0.577170559995446,-0.408502319056507,0.707106781186547));
#2188=DIRECTION('',(-0.577170559995445,-0.408502319056506,0.707106781186548));
#2189=DIRECTION('',(-0.577170559995446,-0.408502319056507,0.707106781186547));
#2190=DIRECTION('',(-0.577170559995446,-0.408502319056507,0.707106781186547));
#2191=DIRECTION('',(-0.577170559995446,-0.408502319056507,0.707106781186547));
#2192=DIRECTION('',(-0.577170559995445,-0.408502319056507,0.707106781186548));
#2193=DIRECTION('',(-0.577170559995446,-0.408502319056506,0.707106781186547));
#2194=DIRECTION('',(-0.577170559995447,-0.408502319056507,0.707106781186546));
#2195=DIRECTION('',(-0.577170559995446,-0.408502319056507,0.707106781186547));
#2196=DIRECTION('',(0.,0.,-1.));
#2197=DIRECTION('',(0.577709519870574,-0.816242433748032,-3.01249341910217E-16));
#2198=DIRECTION('',(0.577709519870572,-0.816242433748034,-9.95600699039204E-16));
#2199=DIRECTION('',(0.57770951987057,-0.816242433748035,-8.14358470314568E-16));
#2200=DIRECTION('',(0.577709519870567,-0.816242433748037,-1.0862218134015E-15));
#2201=DIRECTION('',(-0.577709519870549,0.81624243374805,-9.81523479100698E-16));
#2202=DIRECTION('',(-0.577709519870564,0.81624243374804,-4.90761739550348E-16));
#2203=DIRECTION('',(-0.577709519870559,0.816242433748043,-4.90761739550348E-16));
#2204=DIRECTION('',(-0.577709519870564,0.81624243374804,-9.81523479100695E-16));
#2205=DIRECTION('',(0.,0.,1.));
#2206=DIRECTION('',(1.,0.,0.));
#2207=CARTESIAN_POINT('',(0.,0.,0.));
#2208=CARTESIAN_POINT('',(14.4499852803058,10.3766251586682,0.0260000000000273));
#2209=CARTESIAN_POINT('',(14.4499852803058,10.3766251586682,0.0260000000000273));
#2210=CARTESIAN_POINT('',(13.5372042389089,11.6662882039921,0.0260000000000273));
#2211=CARTESIAN_POINT('',(13.5372042389089,11.6662882039921,2.42420000000359));
#2212=CARTESIAN_POINT('',(14.4499852803058,10.3766251586682,2.42420000000359));
#2213=CARTESIAN_POINT('',(14.4499852803058,10.3766251586682,0.0260000000000273));
#2214=CARTESIAN_POINT('',(13.5372042389089,11.6662882039921,0.0260000000000273));
#2215=CARTESIAN_POINT('',(13.5372042389089,11.6662882039921,0.0260000000000273));
#2216=CARTESIAN_POINT('',(13.5372042389089,11.6662882039921,2.42420000000359));
#2217=CARTESIAN_POINT('',(13.5372042389089,11.6662882039921,2.42420000000359));
#2218=CARTESIAN_POINT('',(14.4499852803058,10.3766251586682,2.42420000000359));
#2219=CARTESIAN_POINT('',(14.4499852803058,10.3766251586682,2.42420000000359));
#2220=CARTESIAN_POINT('',(14.4499852803058,10.3766251586682,0.0260000000000273));
#2221=CARTESIAN_POINT('',(15.8590187992722,8.38580986275383,0.0150000000000174));
#2222=CARTESIAN_POINT('',(15.8590187992722,8.38580986275383,0.0150000000000174));
#2223=CARTESIAN_POINT('',(15.2327816797316,9.27061666093802,0.0150000000000174));
#2224=CARTESIAN_POINT('',(15.2327816797316,9.27061666093802,2.41800000000358));
#2225=CARTESIAN_POINT('',(15.8590187992722,8.38580986275383,2.41800000000358));
#2226=CARTESIAN_POINT('',(15.8590187992722,8.38580986275383,0.0150000000000174));
#2227=CARTESIAN_POINT('',(15.2327816797316,9.27061666093802,0.0150000000000174));
#2228=CARTESIAN_POINT('',(15.2327816797316,9.27061666093802,0.0150000000000174));
#2229=CARTESIAN_POINT('',(15.2327816797316,9.27061666093802,2.41800000000358));
#2230=CARTESIAN_POINT('',(15.2327816797316,9.27061666093802,2.41800000000358));
#2231=CARTESIAN_POINT('',(15.8590187992722,8.38580986275383,2.41800000000358));
#2232=CARTESIAN_POINT('',(15.8590187992722,8.38580986275383,2.41800000000358));
#2233=CARTESIAN_POINT('',(15.8590187992722,8.38580986275383,0.0150000000000174));
#2234=CARTESIAN_POINT('',(3.37827252724096,11.7686945908782,0.));
#2235=CARTESIAN_POINT('',(6.72986008387031,7.03325594905753,0.0740000000001197));
#2236=CARTESIAN_POINT('',(7.84483945722218,5.45790805192149,0.0740000000001197));
#2237=CARTESIAN_POINT('',(7.84483945722218,5.45790805192149,2.39200000000356));
#2238=CARTESIAN_POINT('',(6.72986008387031,7.03325594905753,2.39200000000356));
#2239=CARTESIAN_POINT('',(6.72986008387031,7.03325594905753,0.0740000000001197));
#2240=CARTESIAN_POINT('',(7.84483945722218,5.45790805192149,0.0740000000001197));
#2241=CARTESIAN_POINT('',(7.84483945722218,5.45790805192149,0.0740000000001197));
#2242=CARTESIAN_POINT('',(7.84483945722218,5.45790805192149,2.39200000000356));
#2243=CARTESIAN_POINT('',(7.84483945722218,5.45790805192149,2.39200000000356));
#2244=CARTESIAN_POINT('',(6.72986008387031,7.03325594905753,2.39200000000356));
#2245=CARTESIAN_POINT('',(6.72986008387031,7.03325594905753,2.39200000000356));
#2246=CARTESIAN_POINT('',(6.72986008387031,7.03325594905753,0.0740000000001197));
#2247=CARTESIAN_POINT('',(15.8309469223022,4.4191837310791,1.07500000000238));
#2248=CARTESIAN_POINT('',(15.8309469223022,4.4191837310791,1.07500000000238));
#2249=CARTESIAN_POINT('',(17.3818075464258,5.51683181883481,1.07500000000238));
#2250=CARTESIAN_POINT('',(17.3818075464258,5.51683181883481,2.27500000000416));
#2251=CARTESIAN_POINT('',(15.8309469223023,4.4191837310791,2.27500000000416));
#2252=CARTESIAN_POINT('',(15.8309469223022,4.4191837310791,1.07500000000238));
#2253=CARTESIAN_POINT('',(17.3818075464258,5.51683181883481,1.07500000000238));
#2254=CARTESIAN_POINT('',(17.3818075464258,5.51683181883481,1.07500000000238));
#2255=CARTESIAN_POINT('',(17.3818075464258,5.51683181883481,2.27500000000416));
#2256=CARTESIAN_POINT('',(17.3818075464258,5.51683181883481,2.27500000000416));
#2257=CARTESIAN_POINT('',(15.8309469223023,4.4191837310791,2.27500000000416));
#2258=CARTESIAN_POINT('',(15.8309469223023,4.4191837310791,2.27500000000416));
#2259=CARTESIAN_POINT('',(15.8309469223022,4.4191837310791,1.07500000000238));
#2260=CARTESIAN_POINT('',(11.3007772161474,1.21288185952515,1.07500000000237));
#2261=CARTESIAN_POINT('',(11.3007772161474,1.21288185952515,1.07500000000237));
#2262=CARTESIAN_POINT('',(12.851637840271,2.31052994728087,1.07500000000237));
#2263=CARTESIAN_POINT('',(12.851637840271,2.31052994728088,2.27500000000415));
#2264=CARTESIAN_POINT('',(11.3007772161474,1.21288185952518,2.27500000000415));
#2265=CARTESIAN_POINT('',(11.3007772161474,1.21288185952515,1.07500000000237));
#2266=CARTESIAN_POINT('',(12.851637840271,2.31052994728087,1.07500000000237));
#2267=CARTESIAN_POINT('',(12.851637840271,2.31052994728087,1.07500000000237));
#2268=CARTESIAN_POINT('',(12.851637840271,2.31052994728088,2.27500000000415));
#2269=CARTESIAN_POINT('',(12.851637840271,2.31052994728088,2.27500000000415));
#2270=CARTESIAN_POINT('',(11.3007772161474,1.21288185952518,2.27500000000415));
#2271=CARTESIAN_POINT('',(11.3007772161474,1.21288185952518,2.27500000000415));
#2272=CARTESIAN_POINT('',(11.3007772161474,1.21288185952515,1.07500000000237));
#2273=CARTESIAN_POINT('',(10.9327978883794,0.952435948414135,-0.588381000000068));
#2274=CARTESIAN_POINT('',(10.9999990463257,0.999998715414252,-0.491999999999924));
#2275=CARTESIAN_POINT('',(17.7201148409589,5.75627541542054,-0.49199999999994));
#2276=CARTESIAN_POINT('',(10.9999990463257,0.999998715414252,4.52970994047064E-14));
#2277=CARTESIAN_POINT('',(17.7201148409589,5.75627541542054,2.8421709430404E-14));
#2278=CARTESIAN_POINT('',(10.9999990463257,0.999998715414252,-0.491999999999924));
#2279=CARTESIAN_POINT('',(17.7201148409589,5.75627541542054,-0.49199999999994));
#2280=CARTESIAN_POINT('',(17.7201148409589,5.75627541542054,-0.49199999999994));
#2281=CARTESIAN_POINT('',(17.7201148409589,5.75627541542054,2.8421709430404E-14));
#2282=CARTESIAN_POINT('',(10.9999990463257,0.999998715414252,4.52970994047064E-14));
#2283=CARTESIAN_POINT('',(17.7201148409589,5.75627541542054,2.8421709430404E-14));
#2284=CARTESIAN_POINT('',(10.9999990463257,0.999998715414252,4.52970994047064E-14));
#2285=CARTESIAN_POINT('',(10.9999990463257,0.999998715414252,-0.491999999999924));
#2286=CARTESIAN_POINT('',(17.7201157946332,5.75627670000626,-0.491999999999924));
#2287=CARTESIAN_POINT('',(17.7201157946332,5.75627670000627,-0.491999999999924));
#2288=CARTESIAN_POINT('',(10.0983883218742,16.5249712908844,-0.491999999999924));
#2289=CARTESIAN_POINT('',(17.7201157946332,5.75627670000627,3.10862446895044E-14));
#2290=CARTESIAN_POINT('',(10.0983883218742,16.5249712908844,3.10862446895044E-14));
#2291=CARTESIAN_POINT('',(17.7201157946332,5.75627670000627,-0.491999999999924));
#2292=CARTESIAN_POINT('',(10.0983883218742,16.5249712908844,-0.491999999999924));
#2293=CARTESIAN_POINT('',(10.0983883218742,16.5249712908844,-0.491999999999924));
#2294=CARTESIAN_POINT('',(10.0983883218742,16.5249712908844,3.10862446895044E-14));
#2295=CARTESIAN_POINT('',(17.7201157946332,5.75627670000627,3.10862446895044E-14));
#2296=CARTESIAN_POINT('',(10.0983883218742,16.5249712908844,3.10862446895044E-14));
#2297=CARTESIAN_POINT('',(17.7201157946332,5.75627670000627,3.10862446895044E-14));
#2298=CARTESIAN_POINT('',(17.7201157946332,5.75627670000627,-0.491999999999924));
#2299=CARTESIAN_POINT('',(3.31107136929472,11.7211318238781,9.24248100001452));
#2300=CARTESIAN_POINT('',(10.0983883218742,16.5249712908844,-0.491999999999924));
#2301=CARTESIAN_POINT('',(3.37827252724099,11.7686945908782,-0.491999999999924));
#2302=CARTESIAN_POINT('',(10.0983883218742,16.5249712908844,3.10862446895044E-14));
#2303=CARTESIAN_POINT('',(3.37827252724099,11.7686945908782,3.81916720471054E-14));
#2304=CARTESIAN_POINT('',(10.0983883218742,16.5249712908844,-0.491999999999924));
#2305=CARTESIAN_POINT('',(3.37827252724099,11.7686945908782,-0.491999999999924));
#2306=CARTESIAN_POINT('',(3.37827252724099,11.7686945908782,-0.491999999999924));
#2307=CARTESIAN_POINT('',(3.37827252724099,11.7686945908782,3.81916720471054E-14));
#2308=CARTESIAN_POINT('',(10.0983883218742,16.5249712908844,3.10862446895044E-14));
#2309=CARTESIAN_POINT('',(3.37827252724099,11.7686945908782,3.81916720471054E-14));
#2310=CARTESIAN_POINT('',(10.0983883218742,16.5249712908844,3.10862446895044E-14));
#2311=CARTESIAN_POINT('',(10.0983883218742,16.5249712908844,-0.491999999999924));
#2312=CARTESIAN_POINT('',(3.37827252724099,11.7686945908781,-0.49199999999994));
#2313=CARTESIAN_POINT('',(3.37827252724099,11.7686945908782,-0.49199999999994));
#2314=CARTESIAN_POINT('',(11.,1.,-0.49199999999994));
#2315=CARTESIAN_POINT('',(3.37827252724099,11.7686945908782,7.105427357601E-15));
#2316=CARTESIAN_POINT('',(11.,1.,0.));
#2317=CARTESIAN_POINT('',(3.37827252724099,11.7686945908782,-0.49199999999994));
#2318=CARTESIAN_POINT('',(11.,1.,-0.49199999999994));
#2319=CARTESIAN_POINT('',(11.,1.,-0.49199999999994));
#2320=CARTESIAN_POINT('',(11.,1.,0.));
#2321=CARTESIAN_POINT('',(3.37827252724099,11.7686945908782,7.105427357601E-15));
#2322=CARTESIAN_POINT('',(11.,1.,0.));
#2323=CARTESIAN_POINT('',(3.37827252724099,11.7686945908782,7.105427357601E-15));
#2324=CARTESIAN_POINT('',(3.37827252724099,11.7686945908782,-0.49199999999994));
#2325=CARTESIAN_POINT('',(10.9999999999999,1.00000000000004,5.05256737011163));
#2326=CARTESIAN_POINT('',(14.3412802401281,3.36484814249854,9.14610000001436));
#2327=CARTESIAN_POINT('',(6.71955276736927,14.1335427333767,9.14610000001439));
#2328=CARTESIAN_POINT('',(10.9999999999999,1.00000000000004,5.05256737011163));
#2329=CARTESIAN_POINT('',(3.37827252724097,11.7686945908782,5.05256737011165));
#2330=CARTESIAN_POINT('',(14.3412802401281,3.36484814249854,9.14610000001436));
#2331=CARTESIAN_POINT('',(6.71955276736927,14.1335427333767,9.14610000001439));
#2332=CARTESIAN_POINT('',(10.9999999999999,1.00000000000004,5.05256737011163));
#2333=CARTESIAN_POINT('',(3.37827252724097,11.7686945908782,5.05256737011165));
#2334=CARTESIAN_POINT('',(10.9999999999999,1.00000000000004,5.05256737011163));
#2335=CARTESIAN_POINT('',(14.3412802401281,3.36484814249854,9.14610000001436));
#2336=CARTESIAN_POINT('',(3.37827252724097,11.7686945908782,5.05256737011165));
#2337=CARTESIAN_POINT('',(6.71955276736927,14.1335427333767,9.14610000001439));
#2338=CARTESIAN_POINT('',(10.0983883218743,16.5249712908845,5.00664310860733));
#2339=CARTESIAN_POINT('',(6.71955276736927,14.1335427333767,9.14610000001439));
#2340=CARTESIAN_POINT('',(14.3412802401282,3.36484814249854,9.1461000000144));
#2341=CARTESIAN_POINT('',(10.0983883218743,16.5249712908845,5.00664310860733));
#2342=CARTESIAN_POINT('',(17.7201157946332,5.75627670000628,5.00664310860734));
#2343=CARTESIAN_POINT('',(6.71955276736927,14.1335427333767,9.14610000001439));
#2344=CARTESIAN_POINT('',(14.3412802401282,3.36484814249854,9.1461000000144));
#2345=CARTESIAN_POINT('',(10.0983883218743,16.5249712908845,5.00664310860733));
#2346=CARTESIAN_POINT('',(17.7201157946332,5.75627670000628,5.00664310860734));
#2347=CARTESIAN_POINT('',(10.0983883218743,16.5249712908845,5.00664310860733));
#2348=CARTESIAN_POINT('',(6.71955276736927,14.1335427333767,9.14610000001439));
#2349=CARTESIAN_POINT('',(17.7201157946332,5.75627670000628,5.00664310860734));
#2350=CARTESIAN_POINT('',(14.3412802401282,3.36484814249854,9.1461000000144));
#2351=CARTESIAN_POINT('',(3.31107136929472,11.7211318238781,9.24248100001452));
#2352=CARTESIAN_POINT('',(6.71955276736927,14.1335427333766,9.14610000001437));
#2353=CARTESIAN_POINT('',(10.0983883218743,16.5249712908844,5.00664310860734));
#2354=CARTESIAN_POINT('',(3.37827252724102,11.7686945908782,5.05256737011165));
#2355=CARTESIAN_POINT('',(3.91984121960928,12.1519990802177,0.0740000000009031));
#2356=CARTESIAN_POINT('',(4.67486547082734,12.6863803860988,3.19200000000553));
#2357=CARTESIAN_POINT('',(7.33581580484989,14.5697134208796,3.19200000000553));
#2358=CARTESIAN_POINT('',(7.33581580484989,14.5697134208796,0.0740000000009031));
#2359=CARTESIAN_POINT('',(3.91984121960928,12.1519990802177,2.66500000000476));
#2360=CARTESIAN_POINT('',(6.10328972988856,13.6973720458738,2.66500000000476));
#2361=CARTESIAN_POINT('',(6.10328972988856,13.6973720458738,0.0740000000009031));
#2362=CARTESIAN_POINT('',(4.67486547082734,12.6863803860988,5.40500000000881));
#2363=CARTESIAN_POINT('',(6.10328972988856,13.6973720458738,5.40500000000881));
#2364=CARTESIAN_POINT('',(6.10328972988856,13.6973720458738,3.19200000000553));
#2365=CARTESIAN_POINT('',(7.33581580484989,14.5697134208796,5.40500000000881));
#2366=CARTESIAN_POINT('',(8.7642400639111,15.5807050806546,5.40500000000881));
#2367=CARTESIAN_POINT('',(8.76424006391107,15.5807050806546,3.19200000000553));
#2368=CARTESIAN_POINT('',(7.33581580484989,14.5697134208796,2.66500000000476));
#2369=CARTESIAN_POINT('',(9.51926431512916,16.1150863865356,2.66500000000476));
#2370=CARTESIAN_POINT('',(9.51926431512916,16.1150863865356,0.0740000000009031));
#2371=CARTESIAN_POINT('',(10.0983883218742,16.5249712908844,3.10862446895044E-14));
#2372=CARTESIAN_POINT('',(3.37827252724099,11.7686945908782,3.81916720471054E-14));
#2373=CARTESIAN_POINT('',(6.71955276736927,14.1335427333766,9.14610000001437));
#2374=CARTESIAN_POINT('',(10.0983883218743,16.5249712908844,5.00664310860734));
#2375=CARTESIAN_POINT('',(10.0983883218743,16.5249712908844,5.00664310860734));
#2376=CARTESIAN_POINT('',(10.0983883218742,16.5249712908844,3.10862446895044E-14));
#2377=CARTESIAN_POINT('',(3.37827252724102,11.7686945908782,5.05256737011165));
#2378=CARTESIAN_POINT('',(6.71955276736927,14.1335427333766,9.14610000001437));
#2379=CARTESIAN_POINT('',(3.91984121960928,12.1519990802177,0.0740000000009031));
#2380=CARTESIAN_POINT('',(6.10328972988856,13.6973720458738,0.0740000000009031));
#2381=CARTESIAN_POINT('',(4.67486547082734,12.6863803860988,3.19200000000553));
#2382=CARTESIAN_POINT('',(6.10328972988856,13.6973720458738,3.19200000000553));
#2383=CARTESIAN_POINT('',(7.33581580484989,14.5697134208796,3.19200000000553));
#2384=CARTESIAN_POINT('',(8.76424006391107,15.5807050806546,3.19200000000553));
#2385=CARTESIAN_POINT('',(7.33581580484989,14.5697134208796,0.0740000000009031));
#2386=CARTESIAN_POINT('',(9.51926431512916,16.1150863865356,0.0740000000009031));
#2387=CARTESIAN_POINT('',(3.91984121960928,12.1519990802177,2.66500000000476));
#2388=CARTESIAN_POINT('',(3.91984121960928,12.1519990802177,0.0740000000009031));
#2389=CARTESIAN_POINT('',(6.10328972988856,13.6973720458738,2.66500000000476));
#2390=CARTESIAN_POINT('',(3.91984121960928,12.1519990802177,2.66500000000476));
#2391=CARTESIAN_POINT('',(6.10328972988856,13.6973720458738,0.0740000000009031));
#2392=CARTESIAN_POINT('',(6.10328972988856,13.6973720458738,2.66500000000476));
#2393=CARTESIAN_POINT('',(4.67486547082734,12.6863803860988,5.40500000000881));
#2394=CARTESIAN_POINT('',(4.67486547082734,12.6863803860988,3.19200000000553));
#2395=CARTESIAN_POINT('',(6.10328972988856,13.6973720458738,5.40500000000881));
#2396=CARTESIAN_POINT('',(4.67486547082734,12.6863803860988,5.40500000000881));
#2397=CARTESIAN_POINT('',(6.10328972988856,13.6973720458738,3.19200000000553));
#2398=CARTESIAN_POINT('',(6.10328972988856,13.6973720458738,5.40500000000881));
#2399=CARTESIAN_POINT('',(7.33581580484989,14.5697134208796,5.40500000000881));
#2400=CARTESIAN_POINT('',(7.33581580484989,14.5697134208796,3.19200000000553));
#2401=CARTESIAN_POINT('',(8.7642400639111,15.5807050806546,5.40500000000881));
#2402=CARTESIAN_POINT('',(7.33581580484989,14.5697134208796,5.40500000000881));
#2403=CARTESIAN_POINT('',(8.76424006391107,15.5807050806546,3.19200000000553));
#2404=CARTESIAN_POINT('',(8.7642400639111,15.5807050806546,5.40500000000881));
#2405=CARTESIAN_POINT('',(7.33581580484989,14.5697134208796,2.66500000000476));
#2406=CARTESIAN_POINT('',(7.33581580484989,14.5697134208796,0.0740000000009031));
#2407=CARTESIAN_POINT('',(9.51926431512916,16.1150863865356,2.66500000000476));
#2408=CARTESIAN_POINT('',(7.33581580484989,14.5697134208796,2.66500000000476));
#2409=CARTESIAN_POINT('',(9.51926431512916,16.1150863865356,0.0740000000009031));
#2410=CARTESIAN_POINT('',(9.51926431512916,16.1150863865356,2.66500000000476));
#2411=CARTESIAN_POINT('',(10.0983883218742,16.5249712908844,3.10862446895044E-14));
#2412=CARTESIAN_POINT('',(3.37827252724099,11.7686945908782,3.81916720471054E-14));
#2413=CARTESIAN_POINT('',(3.37827252724099,11.7686945908782,3.81916720471054E-14));
#2414=CARTESIAN_POINT('',(3.37827252724102,11.7686945908782,5.05256737011165));
#2415=CARTESIAN_POINT('',(17.7873169525795,5.80383946700639,-0.588381000000068));
#2416=CARTESIAN_POINT('',(14.3412802401281,3.36484814249854,9.14610000001436));
#2417=CARTESIAN_POINT('',(17.7201157946332,5.7562767000063,5.00664310860734));
#2418=CARTESIAN_POINT('',(10.9999999999999,1.00000000000004,5.05256737011163));
#2419=CARTESIAN_POINT('',(16.4390477821368,4.84957893985364,4.05500000000681));
#2420=CARTESIAN_POINT('',(15.5917881359051,4.24991645822709,4.0550000000068));
#2421=CARTESIAN_POINT('',(13.7519532029612,2.94774186915129,4.0550000000068));
#2422=CARTESIAN_POINT('',(12.9046935567295,2.34807938752476,4.0550000000068));
#2423=CARTESIAN_POINT('',(17.3818077931172,5.51683343530514,1.07500000000238));
#2424=CARTESIAN_POINT('',(12.8516377985358,2.31052826873314,1.07500000000237));
#2425=CARTESIAN_POINT('',(16.4390477821368,4.84957893985364,5.3350000000087));
#2426=CARTESIAN_POINT('',(15.7778914107999,4.38163422875779,5.3350000000087));
#2427=CARTESIAN_POINT('',(15.7778914107999,4.38163422875779,4.0550000000068));
#2428=CARTESIAN_POINT('',(15.591788135905,4.24991645822709,5.3350000000087));
#2429=CARTESIAN_POINT('',(14.9306072772951,3.78195441584563,5.3350000000087));
#2430=CARTESIAN_POINT('',(14.9306072772952,3.78195441584563,4.0550000000068));
#2431=CARTESIAN_POINT('',(13.7519532029612,2.94774186915132,5.3350000000087));
#2432=CARTESIAN_POINT('',(13.0907968316243,2.47979715805545,5.3350000000087));
#2433=CARTESIAN_POINT('',(13.0907968316243,2.47979715805545,4.0550000000068));
#2434=CARTESIAN_POINT('',(12.9046935567295,2.34807938752478,5.33500000000869));
#2435=CARTESIAN_POINT('',(12.2435371853926,1.88013467642891,5.33500000000869));
#2436=CARTESIAN_POINT('',(12.2435371853926,1.8801346764289,4.05500000000679));
#2437=CARTESIAN_POINT('',(17.3818077931171,5.51683343530514,2.27500000000416));
#2438=CARTESIAN_POINT('',(15.8309471689936,4.41918534754943,2.27500000000416));
#2439=CARTESIAN_POINT('',(15.8309471689936,4.41918534754943,1.07500000000238));
#2440=CARTESIAN_POINT('',(12.8516377985358,2.31052826873311,2.27500000000415));
#2441=CARTESIAN_POINT('',(11.3007771744122,1.21288018097741,2.27500000000415));
#2442=CARTESIAN_POINT('',(11.3007771744122,1.21288018097742,1.07500000000237));
#2443=CARTESIAN_POINT('',(17.7201157946332,5.75627670000627,4.52970994047064E-14));
#2444=CARTESIAN_POINT('',(11.,1.,2.8421709430404E-14));
#2445=CARTESIAN_POINT('',(14.3412802401281,3.36484814249854,9.14610000001436));
#2446=CARTESIAN_POINT('',(17.7201157946332,5.7562767000063,5.00664310860734));
#2447=CARTESIAN_POINT('',(17.7201157946332,5.7562767000063,5.00664310860734));
#2448=CARTESIAN_POINT('',(17.7201157946332,5.75627670000627,4.52970994047064E-14));
#2449=CARTESIAN_POINT('',(10.9999999999999,1.00000000000004,5.05256737011163));
#2450=CARTESIAN_POINT('',(14.3412802401281,3.36484814249854,9.14610000001436));
#2451=CARTESIAN_POINT('',(16.4390477821368,4.84957893985364,4.05500000000681));
#2452=CARTESIAN_POINT('',(15.7778914107999,4.38163422875779,4.0550000000068));
#2453=CARTESIAN_POINT('',(15.5917881359051,4.24991645822709,4.0550000000068));
#2454=CARTESIAN_POINT('',(14.9306072772952,3.78195441584563,4.0550000000068));
#2455=CARTESIAN_POINT('',(13.7519532029612,2.94774186915129,4.0550000000068));
#2456=CARTESIAN_POINT('',(13.0907968316243,2.47979715805545,4.0550000000068));
#2457=CARTESIAN_POINT('',(12.9046935567295,2.34807938752476,4.0550000000068));
#2458=CARTESIAN_POINT('',(12.2435371853926,1.8801346764289,4.05500000000679));
#2459=CARTESIAN_POINT('',(17.3818077931172,5.51683343530514,1.07500000000238));
#2460=CARTESIAN_POINT('',(15.8309471689936,4.41918534754943,1.07500000000238));
#2461=CARTESIAN_POINT('',(12.8516377985358,2.31052826873314,1.07500000000237));
#2462=CARTESIAN_POINT('',(11.3007771744122,1.21288018097742,1.07500000000237));
#2463=CARTESIAN_POINT('',(16.4390477821368,4.84957893985364,5.3350000000087));
#2464=CARTESIAN_POINT('',(16.4390477821368,4.84957893985364,4.05500000000681));
#2465=CARTESIAN_POINT('',(15.7778914107999,4.38163422875779,5.3350000000087));
#2466=CARTESIAN_POINT('',(16.4390477821368,4.84957893985364,5.3350000000087));
#2467=CARTESIAN_POINT('',(15.7778914107999,4.38163422875779,4.0550000000068));
#2468=CARTESIAN_POINT('',(15.7778914107999,4.38163422875779,5.3350000000087));
#2469=CARTESIAN_POINT('',(15.591788135905,4.24991645822709,5.3350000000087));
#2470=CARTESIAN_POINT('',(15.5917881359051,4.24991645822709,4.0550000000068));
#2471=CARTESIAN_POINT('',(14.9306072772951,3.78195441584563,5.3350000000087));
#2472=CARTESIAN_POINT('',(15.591788135905,4.24991645822709,5.3350000000087));
#2473=CARTESIAN_POINT('',(14.9306072772952,3.78195441584563,4.0550000000068));
#2474=CARTESIAN_POINT('',(14.9306072772951,3.78195441584563,5.3350000000087));
#2475=CARTESIAN_POINT('',(13.7519532029612,2.94774186915132,5.3350000000087));
#2476=CARTESIAN_POINT('',(13.7519532029612,2.94774186915129,4.0550000000068));
#2477=CARTESIAN_POINT('',(13.0907968316243,2.47979715805545,5.3350000000087));
#2478=CARTESIAN_POINT('',(13.7519532029612,2.94774186915132,5.3350000000087));
#2479=CARTESIAN_POINT('',(13.0907968316243,2.47979715805545,4.0550000000068));
#2480=CARTESIAN_POINT('',(13.0907968316243,2.47979715805545,5.3350000000087));
#2481=CARTESIAN_POINT('',(12.9046935567295,2.34807938752478,5.33500000000869));
#2482=CARTESIAN_POINT('',(12.9046935567295,2.34807938752476,4.0550000000068));
#2483=CARTESIAN_POINT('',(12.2435371853926,1.88013467642891,5.33500000000869));
#2484=CARTESIAN_POINT('',(12.9046935567295,2.34807938752478,5.33500000000869));
#2485=CARTESIAN_POINT('',(12.2435371853926,1.8801346764289,4.05500000000679));
#2486=CARTESIAN_POINT('',(12.2435371853926,1.88013467642891,5.33500000000869));
#2487=CARTESIAN_POINT('',(17.3818077931171,5.51683343530514,2.27500000000416));
#2488=CARTESIAN_POINT('',(17.3818077931172,5.51683343530514,1.07500000000238));
#2489=CARTESIAN_POINT('',(15.8309471689936,4.41918534754943,2.27500000000416));
#2490=CARTESIAN_POINT('',(17.3818077931171,5.51683343530514,2.27500000000416));
#2491=CARTESIAN_POINT('',(15.8309471689936,4.41918534754943,1.07500000000238));
#2492=CARTESIAN_POINT('',(15.8309471689936,4.41918534754943,2.27500000000416));
#2493=CARTESIAN_POINT('',(12.8516377985358,2.31052826873311,2.27500000000415));
#2494=CARTESIAN_POINT('',(12.8516377985358,2.31052826873314,1.07500000000237));
#2495=CARTESIAN_POINT('',(11.3007771744122,1.21288018097741,2.27500000000415));
#2496=CARTESIAN_POINT('',(12.8516377985358,2.31052826873311,2.27500000000415));
#2497=CARTESIAN_POINT('',(11.3007771744122,1.21288018097742,1.07500000000237));
#2498=CARTESIAN_POINT('',(11.3007771744122,1.21288018097741,2.27500000000415));
#2499=CARTESIAN_POINT('',(17.7201157946332,5.75627670000627,4.52970994047064E-14));
#2500=CARTESIAN_POINT('',(11.,1.,2.8421709430404E-14));
#2501=CARTESIAN_POINT('',(11.,1.,2.8421709430404E-14));
#2502=CARTESIAN_POINT('',(10.9999999999999,1.00000000000004,5.05256737011163));
#2503=CARTESIAN_POINT('',(17.7201157946332,5.75627670000626,-0.491999999999924));
#2504=CARTESIAN_POINT('',(10.0983883218743,16.5249712908844,5.00664310860733));
#2505=CARTESIAN_POINT('',(17.7201157946332,5.75627670000627,5.00664310860733));
#2506=CARTESIAN_POINT('',(15.8590187992722,8.38580986275383,0.0150000000000174));
#2507=CARTESIAN_POINT('',(14.4499852803058,10.3766251586682,0.0260000000000273));
#2508=CARTESIAN_POINT('',(15.8590187992722,8.38580986275383,2.41800000000358));
#2509=CARTESIAN_POINT('',(15.2327816797316,9.27061666093802,2.41800000000358));
#2510=CARTESIAN_POINT('',(15.2327816797316,9.27061666093802,0.0150000000000174));
#2511=CARTESIAN_POINT('',(14.4499852803058,10.3766251586682,2.42420000000359));
#2512=CARTESIAN_POINT('',(13.5372042389089,11.6662882039921,2.42420000000359));
#2513=CARTESIAN_POINT('',(13.5372042389089,11.6662882039921,0.0260000000000273));
#2514=CARTESIAN_POINT('',(17.7201157946332,5.75627670000627,3.10862446895044E-14));
#2515=CARTESIAN_POINT('',(10.0983883218742,16.5249712908844,3.10862446895044E-14));
#2516=CARTESIAN_POINT('',(10.0983883218743,16.5249712908844,5.00664310860733));
#2517=CARTESIAN_POINT('',(17.7201157946332,5.75627670000627,5.00664310860733));
#2518=CARTESIAN_POINT('',(17.7201157946332,5.75627670000627,5.00664310860733));
#2519=CARTESIAN_POINT('',(17.7201157946332,5.75627670000627,3.10862446895044E-14));
#2520=CARTESIAN_POINT('',(15.8590187992722,8.38580986275383,0.0150000000000174));
#2521=CARTESIAN_POINT('',(15.2327816797316,9.27061666093802,0.0150000000000174));
#2522=CARTESIAN_POINT('',(14.4499852803058,10.3766251586682,0.0260000000000273));
#2523=CARTESIAN_POINT('',(13.5372042389089,11.6662882039921,0.0260000000000273));
#2524=CARTESIAN_POINT('',(15.8590187992722,8.38580986275383,2.41800000000358));
#2525=CARTESIAN_POINT('',(15.8590187992722,8.38580986275383,0.0150000000000174));
#2526=CARTESIAN_POINT('',(15.2327816797316,9.27061666093802,2.41800000000358));
#2527=CARTESIAN_POINT('',(15.8590187992722,8.38580986275383,2.41800000000358));
#2528=CARTESIAN_POINT('',(15.2327816797316,9.27061666093802,0.0150000000000174));
#2529=CARTESIAN_POINT('',(15.2327816797316,9.27061666093802,2.41800000000358));
#2530=CARTESIAN_POINT('',(14.4499852803058,10.3766251586682,2.42420000000359));
#2531=CARTESIAN_POINT('',(14.4499852803058,10.3766251586682,0.0260000000000273));
#2532=CARTESIAN_POINT('',(13.5372042389089,11.6662882039921,2.42420000000359));
#2533=CARTESIAN_POINT('',(14.4499852803058,10.3766251586682,2.42420000000359));
#2534=CARTESIAN_POINT('',(13.5372042389089,11.6662882039921,0.0260000000000273));
#2535=CARTESIAN_POINT('',(13.5372042389089,11.6662882039921,2.42420000000359));
#2536=CARTESIAN_POINT('',(17.7201157946332,5.75627670000627,3.10862446895044E-14));
#2537=CARTESIAN_POINT('',(10.0983883218742,16.5249712908844,3.10862446895044E-14));
#2538=CARTESIAN_POINT('',(10.0983883218742,16.5249712908844,3.10862446895044E-14));
#2539=CARTESIAN_POINT('',(10.0983883218743,16.5249712908844,5.00664310860733));
#2540=CARTESIAN_POINT('',(3.37827252724096,11.7686945908782,0.));
#2541=CARTESIAN_POINT('',(11.,1.,0.));
#2542=CARTESIAN_POINT('',(10.9999999999999,1.00000000000004,5.05256737011163));
#2543=CARTESIAN_POINT('',(3.37827252724102,11.7686945908782,5.05256737011165));
#2544=CARTESIAN_POINT('',(3.37827252724099,11.7686945908782,3.81916720471054E-14));
#2545=CARTESIAN_POINT('',(6.72986008387031,7.03325594905753,0.0740000000001197));
#2546=CARTESIAN_POINT('',(7.84483945722218,5.45790805192149,0.0740000000001197));
#2547=CARTESIAN_POINT('',(7.84483945722218,5.45790805192149,2.39200000000356));
#2548=CARTESIAN_POINT('',(6.72986008387031,7.03325594905753,2.39200000000356));
#2549=CARTESIAN_POINT('',(11.,1.,0.));
#2550=CARTESIAN_POINT('',(10.9999999999999,1.00000000000004,5.05256737011163));
#2551=CARTESIAN_POINT('',(10.9999999999999,1.00000000000004,5.05256737011163));
#2552=CARTESIAN_POINT('',(3.37827252724102,11.7686945908782,5.05256737011165));
#2553=CARTESIAN_POINT('',(3.37827252724102,11.7686945908782,5.05256737011165));
#2554=CARTESIAN_POINT('',(3.37827252724099,11.7686945908782,3.81916720471054E-14));
#2555=CARTESIAN_POINT('',(3.37827252724099,11.7686945908782,3.81916720471054E-14));
#2556=CARTESIAN_POINT('',(11.,1.,0.));
#2557=CARTESIAN_POINT('',(6.72986008387031,7.03325594905753,0.0740000000001197));
#2558=CARTESIAN_POINT('',(7.84483945722218,5.45790805192149,0.0740000000001197));
#2559=CARTESIAN_POINT('',(7.84483945722218,5.45790805192149,0.0740000000001197));
#2560=CARTESIAN_POINT('',(7.84483945722218,5.45790805192149,2.39200000000356));
#2561=CARTESIAN_POINT('',(7.84483945722218,5.45790805192149,2.39200000000356));
#2562=CARTESIAN_POINT('',(6.72986008387031,7.03325594905753,2.39200000000356));
#2563=CARTESIAN_POINT('',(6.72986008387031,7.03325594905753,2.39200000000356));
#2564=CARTESIAN_POINT('',(6.72986008387031,7.03325594905753,0.0740000000001197));
#2565=CARTESIAN_POINT('',(1.68522350826917,11.4822594262753,3.6051310426951));
#2566=CARTESIAN_POINT('',(1.10805294827372,11.0737571072188,2.89802426150856));
#2567=CARTESIAN_POINT('',(1.68522350826919,11.4822594262753,3.60513104269511));
#2568=CARTESIAN_POINT('',(2.63844421605563,10.1354594105911,3.60513104269511));
#2569=CARTESIAN_POINT('',(2.06127365606019,9.72695709153456,2.89802426150856));
#2570=CARTESIAN_POINT('',(1.10805294827372,11.0737571072188,2.89802426150856));
#2571=CARTESIAN_POINT('',(1.68522350826919,11.4822594262753,3.60513104269511));
#2572=CARTESIAN_POINT('',(1.68522350826919,11.4822594262753,3.60513104269511));
#2573=CARTESIAN_POINT('',(2.63844421605563,10.1354594105911,3.60513104269511));
#2574=CARTESIAN_POINT('',(2.63844421605563,10.1354594105911,3.60513104269511));
#2575=CARTESIAN_POINT('',(2.06127365606019,9.72695709153456,2.89802426150856));
#2576=CARTESIAN_POINT('',(2.06127365606019,9.72695709153456,2.89802426150856));
#2577=CARTESIAN_POINT('',(1.10805294827372,11.0737571072188,2.89802426150856));
#2578=CARTESIAN_POINT('',(2.63844421605564,10.1354594105911,3.6051310426951));
#2579=CARTESIAN_POINT('',(2.06127365606019,9.72695709153456,2.89802426150856));
#2580=CARTESIAN_POINT('',(2.63844421605563,10.1354594105911,3.60513104269511));
#2581=CARTESIAN_POINT('',(3.59166492384207,8.7886593949068,3.60513104269511));
#2582=CARTESIAN_POINT('',(3.01449436384664,8.38015707585031,2.89802426150856));
#2583=CARTESIAN_POINT('',(2.06127365606019,9.72695709153456,2.89802426150856));
#2584=CARTESIAN_POINT('',(2.63844421605563,10.1354594105911,3.60513104269511));
#2585=CARTESIAN_POINT('',(2.63844421605563,10.1354594105911,3.60513104269511));
#2586=CARTESIAN_POINT('',(3.59166492384207,8.7886593949068,3.60513104269511));
#2587=CARTESIAN_POINT('',(3.59166492384207,8.7886593949068,3.60513104269511));
#2588=CARTESIAN_POINT('',(3.01449436384664,8.38015707585031,2.89802426150856));
#2589=CARTESIAN_POINT('',(3.01449436384664,8.38015707585031,2.89802426150856));
#2590=CARTESIAN_POINT('',(2.06127365606019,9.72695709153456,2.89802426150856));
#2591=CARTESIAN_POINT('',(3.59166492384208,8.78865939490681,3.6051310426951));
#2592=CARTESIAN_POINT('',(3.01449436384664,8.38015707585031,2.89802426150856));
#2593=CARTESIAN_POINT('',(3.59166492384207,8.7886593949068,3.60513104269511));
#2594=CARTESIAN_POINT('',(4.54488563162852,7.44185937922254,3.60513104269511));
#2595=CARTESIAN_POINT('',(3.96771507163308,7.03335706016604,2.89802426150856));
#2596=CARTESIAN_POINT('',(3.01449436384664,8.38015707585031,2.89802426150856));
#2597=CARTESIAN_POINT('',(3.59166492384207,8.7886593949068,3.60513104269511));
#2598=CARTESIAN_POINT('',(3.59166492384207,8.7886593949068,3.60513104269511));
#2599=CARTESIAN_POINT('',(4.54488563162852,7.44185937922254,3.60513104269511));
#2600=CARTESIAN_POINT('',(4.54488563162852,7.44185937922254,3.60513104269511));
#2601=CARTESIAN_POINT('',(3.96771507163308,7.03335706016604,2.89802426150856));
#2602=CARTESIAN_POINT('',(3.96771507163308,7.03335706016604,2.89802426150856));
#2603=CARTESIAN_POINT('',(3.01449436384664,8.38015707585031,2.89802426150856));
#2604=CARTESIAN_POINT('',(4.54488563163276,7.44185937921656,3.6051310426951));
#2605=CARTESIAN_POINT('',(3.96771507163731,7.03335706016006,2.89802426150856));
#2606=CARTESIAN_POINT('',(4.54488563163275,7.44185937921657,3.60513104269511));
#2607=CARTESIAN_POINT('',(5.49810633941922,6.0950593635323,3.60513104269511));
#2608=CARTESIAN_POINT('',(4.92093577942376,5.68655704447579,2.89802426150856));
#2609=CARTESIAN_POINT('',(3.96771507163731,7.03335706016006,2.89802426150856));
#2610=CARTESIAN_POINT('',(4.54488563163275,7.44185937921657,3.60513104269511));
#2611=CARTESIAN_POINT('',(4.54488563163275,7.44185937921657,3.60513104269511));
#2612=CARTESIAN_POINT('',(5.49810633941922,6.0950593635323,3.60513104269511));
#2613=CARTESIAN_POINT('',(5.49810633941922,6.0950593635323,3.60513104269511));
#2614=CARTESIAN_POINT('',(4.92093577942376,5.68655704447579,2.89802426150856));
#2615=CARTESIAN_POINT('',(4.92093577942376,5.68655704447579,2.89802426150856));
#2616=CARTESIAN_POINT('',(3.96771507163731,7.03335706016006,2.89802426150856));
#2617=CARTESIAN_POINT('',(5.4981063394192,6.09505936353229,3.6051310426951));
#2618=CARTESIAN_POINT('',(4.92093577942376,5.68655704447579,2.89802426150856));
#2619=CARTESIAN_POINT('',(5.49810633941922,6.0950593635323,3.60513104269511));
#2620=CARTESIAN_POINT('',(6.45132704720567,4.74825934784803,3.60513104269511));
#2621=CARTESIAN_POINT('',(5.8741564872102,4.33975702879154,2.89802426150856));
#2622=CARTESIAN_POINT('',(4.92093577942376,5.68655704447579,2.89802426150856));
#2623=CARTESIAN_POINT('',(5.49810633941922,6.0950593635323,3.60513104269511));
#2624=CARTESIAN_POINT('',(5.49810633941922,6.0950593635323,3.60513104269511));
#2625=CARTESIAN_POINT('',(6.45132704720567,4.74825934784803,3.60513104269511));
#2626=CARTESIAN_POINT('',(6.45132704720567,4.74825934784803,3.60513104269511));
#2627=CARTESIAN_POINT('',(5.8741564872102,4.33975702879154,2.89802426150856));
#2628=CARTESIAN_POINT('',(5.8741564872102,4.33975702879154,2.89802426150856));
#2629=CARTESIAN_POINT('',(4.92093577942376,5.68655704447579,2.89802426150856));
#2630=CARTESIAN_POINT('',(6.45132704720564,4.74825934784804,3.6051310426951));
#2631=CARTESIAN_POINT('',(5.8741564872102,4.33975702879154,2.89802426150856));
#2632=CARTESIAN_POINT('',(6.45132704720567,4.74825934784803,3.60513104269511));
#2633=CARTESIAN_POINT('',(7.40454775499211,3.40145933216377,3.60513104269511));
#2634=CARTESIAN_POINT('',(6.82737719499664,2.99295701310727,2.89802426150856));
#2635=CARTESIAN_POINT('',(5.8741564872102,4.33975702879154,2.89802426150856));
#2636=CARTESIAN_POINT('',(6.45132704720567,4.74825934784803,3.60513104269511));
#2637=CARTESIAN_POINT('',(6.45132704720567,4.74825934784803,3.60513104269511));
#2638=CARTESIAN_POINT('',(7.40454775499211,3.40145933216377,3.60513104269511));
#2639=CARTESIAN_POINT('',(7.40454775499211,3.40145933216377,3.60513104269511));
#2640=CARTESIAN_POINT('',(6.82737719499664,2.99295701310727,2.89802426150856));
#2641=CARTESIAN_POINT('',(6.82737719499664,2.99295701310727,2.89802426150856));
#2642=CARTESIAN_POINT('',(5.8741564872102,4.33975702879154,2.89802426150856));
#2643=CARTESIAN_POINT('',(2.26239406826463,11.8907617453318,4.31223782388165));
#2644=CARTESIAN_POINT('',(1.68522350826919,11.4822594262753,3.60513104269511));
#2645=CARTESIAN_POINT('',(2.26239406826463,11.8907617453318,4.31223782388165));
#2646=CARTESIAN_POINT('',(3.2156147760511,10.5439617296476,4.31223782388165));
#2647=CARTESIAN_POINT('',(2.63844421605563,10.1354594105911,3.60513104269511));
#2648=CARTESIAN_POINT('',(1.68522350826919,11.4822594262753,3.60513104269511));
#2649=CARTESIAN_POINT('',(2.26239406826463,11.8907617453318,4.31223782388165));
#2650=CARTESIAN_POINT('',(2.26239406826463,11.8907617453318,4.31223782388165));
#2651=CARTESIAN_POINT('',(3.2156147760511,10.5439617296476,4.31223782388165));
#2652=CARTESIAN_POINT('',(3.2156147760511,10.5439617296476,4.31223782388165));
#2653=CARTESIAN_POINT('',(2.63844421605563,10.1354594105911,3.60513104269511));
#2654=CARTESIAN_POINT('',(2.63844421605563,10.1354594105911,3.60513104269511));
#2655=CARTESIAN_POINT('',(1.68522350826919,11.4822594262753,3.60513104269511));
#2656=CARTESIAN_POINT('',(3.21561477605107,10.5439617296476,4.31223782388165));
#2657=CARTESIAN_POINT('',(2.63844421605563,10.1354594105911,3.60513104269511));
#2658=CARTESIAN_POINT('',(3.2156147760511,10.5439617296476,4.31223782388165));
#2659=CARTESIAN_POINT('',(4.16883548383754,9.19716171396331,4.31223782388165));
#2660=CARTESIAN_POINT('',(3.59166492384207,8.7886593949068,3.60513104269511));
#2661=CARTESIAN_POINT('',(2.63844421605563,10.1354594105911,3.60513104269511));
#2662=CARTESIAN_POINT('',(3.2156147760511,10.5439617296476,4.31223782388165));
#2663=CARTESIAN_POINT('',(3.2156147760511,10.5439617296476,4.31223782388165));
#2664=CARTESIAN_POINT('',(4.16883548383754,9.19716171396331,4.31223782388165));
#2665=CARTESIAN_POINT('',(4.16883548383754,9.19716171396331,4.31223782388165));
#2666=CARTESIAN_POINT('',(3.59166492384207,8.7886593949068,3.60513104269511));
#2667=CARTESIAN_POINT('',(3.59166492384207,8.7886593949068,3.60513104269511));
#2668=CARTESIAN_POINT('',(2.63844421605563,10.1354594105911,3.60513104269511));
#2669=CARTESIAN_POINT('',(4.16883548383752,9.19716171396331,4.31223782388165));
#2670=CARTESIAN_POINT('',(3.59166492384207,8.7886593949068,3.60513104269511));
#2671=CARTESIAN_POINT('',(4.16883548383754,9.19716171396331,4.31223782388165));
#2672=CARTESIAN_POINT('',(5.12205619162398,7.85036169827904,4.31223782388165));
#2673=CARTESIAN_POINT('',(4.54488563162852,7.44185937922254,3.60513104269511));
#2674=CARTESIAN_POINT('',(3.59166492384207,8.7886593949068,3.60513104269511));
#2675=CARTESIAN_POINT('',(4.16883548383754,9.19716171396331,4.31223782388165));
#2676=CARTESIAN_POINT('',(4.16883548383754,9.19716171396331,4.31223782388165));
#2677=CARTESIAN_POINT('',(5.12205619162398,7.85036169827904,4.31223782388165));
#2678=CARTESIAN_POINT('',(5.12205619162398,7.85036169827904,4.31223782388165));
#2679=CARTESIAN_POINT('',(4.54488563162852,7.44185937922254,3.60513104269511));
#2680=CARTESIAN_POINT('',(4.54488563162852,7.44185937922254,3.60513104269511));
#2681=CARTESIAN_POINT('',(3.59166492384207,8.7886593949068,3.60513104269511));
#2682=CARTESIAN_POINT('',(5.1220561916282,7.85036169827307,4.31223782388165));
#2683=CARTESIAN_POINT('',(4.54488563163275,7.44185937921657,3.60513104269511));
#2684=CARTESIAN_POINT('',(5.12205619162819,7.85036169827306,4.31223782388165));
#2685=CARTESIAN_POINT('',(6.07527689941466,6.5035616825888,4.31223782388165));
#2686=CARTESIAN_POINT('',(5.49810633941922,6.0950593635323,3.60513104269511));
#2687=CARTESIAN_POINT('',(4.54488563163275,7.44185937921657,3.60513104269511));
#2688=CARTESIAN_POINT('',(5.12205619162819,7.85036169827306,4.31223782388165));
#2689=CARTESIAN_POINT('',(5.12205619162819,7.85036169827306,4.31223782388165));
#2690=CARTESIAN_POINT('',(6.07527689941466,6.5035616825888,4.31223782388165));
#2691=CARTESIAN_POINT('',(6.07527689941466,6.5035616825888,4.31223782388165));
#2692=CARTESIAN_POINT('',(5.49810633941922,6.0950593635323,3.60513104269511));
#2693=CARTESIAN_POINT('',(5.49810633941922,6.0950593635323,3.60513104269511));
#2694=CARTESIAN_POINT('',(4.54488563163275,7.44185937921657,3.60513104269511));
#2695=CARTESIAN_POINT('',(6.07527689941467,6.5035616825888,4.31223782388165));
#2696=CARTESIAN_POINT('',(5.49810633941922,6.0950593635323,3.60513104269511));
#2697=CARTESIAN_POINT('',(6.07527689941466,6.5035616825888,4.31223782388165));
#2698=CARTESIAN_POINT('',(7.0284976072011,5.15676166690454,4.31223782388165));
#2699=CARTESIAN_POINT('',(6.45132704720567,4.74825934784803,3.60513104269511));
#2700=CARTESIAN_POINT('',(5.49810633941922,6.0950593635323,3.60513104269511));
#2701=CARTESIAN_POINT('',(6.07527689941466,6.5035616825888,4.31223782388165));
#2702=CARTESIAN_POINT('',(6.07527689941466,6.5035616825888,4.31223782388165));
#2703=CARTESIAN_POINT('',(7.0284976072011,5.15676166690454,4.31223782388165));
#2704=CARTESIAN_POINT('',(7.0284976072011,5.15676166690454,4.31223782388165));
#2705=CARTESIAN_POINT('',(6.45132704720567,4.74825934784803,3.60513104269511));
#2706=CARTESIAN_POINT('',(6.45132704720567,4.74825934784803,3.60513104269511));
#2707=CARTESIAN_POINT('',(5.49810633941922,6.0950593635323,3.60513104269511));
#2708=CARTESIAN_POINT('',(7.02849760720111,5.15676166690454,4.31223782388165));
#2709=CARTESIAN_POINT('',(6.45132704720567,4.74825934784803,3.60513104269511));
#2710=CARTESIAN_POINT('',(7.0284976072011,5.15676166690454,4.31223782388165));
#2711=CARTESIAN_POINT('',(7.98171831498755,3.80996165122028,4.31223782388165));
#2712=CARTESIAN_POINT('',(7.40454775499211,3.40145933216377,3.60513104269511));
#2713=CARTESIAN_POINT('',(6.45132704720567,4.74825934784803,3.60513104269511));
#2714=CARTESIAN_POINT('',(7.0284976072011,5.15676166690454,4.31223782388165));
#2715=CARTESIAN_POINT('',(7.0284976072011,5.15676166690454,4.31223782388165));
#2716=CARTESIAN_POINT('',(7.98171831498755,3.80996165122028,4.31223782388165));
#2717=CARTESIAN_POINT('',(7.98171831498755,3.80996165122028,4.31223782388165));
#2718=CARTESIAN_POINT('',(7.40454775499211,3.40145933216377,3.60513104269511));
#2719=CARTESIAN_POINT('',(7.40454775499211,3.40145933216377,3.60513104269511));
#2720=CARTESIAN_POINT('',(6.45132704720567,4.74825934784803,3.60513104269511));
#2721=CARTESIAN_POINT('',(2.83956462826007,12.2992640643883,5.0193446050682));
#2722=CARTESIAN_POINT('',(2.26239406826463,11.8907617453318,4.31223782388165));
#2723=CARTESIAN_POINT('',(2.83956462826006,12.2992640643883,5.0193446050682));
#2724=CARTESIAN_POINT('',(3.79278533604653,10.9524640487041,5.0193446050682));
#2725=CARTESIAN_POINT('',(3.2156147760511,10.5439617296476,4.31223782388165));
#2726=CARTESIAN_POINT('',(2.26239406826463,11.8907617453318,4.31223782388165));
#2727=CARTESIAN_POINT('',(2.83956462826006,12.2992640643883,5.0193446050682));
#2728=CARTESIAN_POINT('',(2.83956462826006,12.2992640643883,5.0193446050682));
#2729=CARTESIAN_POINT('',(3.79278533604653,10.9524640487041,5.0193446050682));
#2730=CARTESIAN_POINT('',(3.79278533604653,10.9524640487041,5.0193446050682));
#2731=CARTESIAN_POINT('',(3.2156147760511,10.5439617296476,4.31223782388165));
#2732=CARTESIAN_POINT('',(3.2156147760511,10.5439617296476,4.31223782388165));
#2733=CARTESIAN_POINT('',(2.26239406826463,11.8907617453318,4.31223782388165));
#2734=CARTESIAN_POINT('',(3.79278533604654,10.9524640487041,5.0193446050682));
#2735=CARTESIAN_POINT('',(3.2156147760511,10.5439617296476,4.31223782388165));
#2736=CARTESIAN_POINT('',(3.79278533604653,10.9524640487041,5.0193446050682));
#2737=CARTESIAN_POINT('',(4.74600604383298,9.60566403301982,5.0193446050682));
#2738=CARTESIAN_POINT('',(4.16883548383754,9.19716171396331,4.31223782388165));
#2739=CARTESIAN_POINT('',(3.2156147760511,10.5439617296476,4.31223782388165));
#2740=CARTESIAN_POINT('',(3.79278533604653,10.9524640487041,5.0193446050682));
#2741=CARTESIAN_POINT('',(3.79278533604653,10.9524640487041,5.0193446050682));
#2742=CARTESIAN_POINT('',(4.74600604383298,9.60566403301982,5.0193446050682));
#2743=CARTESIAN_POINT('',(4.74600604383298,9.60566403301982,5.0193446050682));
#2744=CARTESIAN_POINT('',(4.16883548383754,9.19716171396331,4.31223782388165));
#2745=CARTESIAN_POINT('',(4.16883548383754,9.19716171396331,4.31223782388165));
#2746=CARTESIAN_POINT('',(3.2156147760511,10.5439617296476,4.31223782388165));
#2747=CARTESIAN_POINT('',(4.74600604383298,9.60566403301982,5.0193446050682));
#2748=CARTESIAN_POINT('',(4.16883548383754,9.19716171396331,4.31223782388165));
#2749=CARTESIAN_POINT('',(4.74600604383298,9.60566403301982,5.0193446050682));
#2750=CARTESIAN_POINT('',(5.69922675161942,8.25886401733555,5.0193446050682));
#2751=CARTESIAN_POINT('',(5.12205619162398,7.85036169827904,4.31223782388165));
#2752=CARTESIAN_POINT('',(4.16883548383754,9.19716171396331,4.31223782388165));
#2753=CARTESIAN_POINT('',(4.74600604383298,9.60566403301982,5.0193446050682));
#2754=CARTESIAN_POINT('',(4.74600604383298,9.60566403301982,5.0193446050682));
#2755=CARTESIAN_POINT('',(5.69922675161942,8.25886401733555,5.0193446050682));
#2756=CARTESIAN_POINT('',(5.69922675161942,8.25886401733555,5.0193446050682));
#2757=CARTESIAN_POINT('',(5.12205619162398,7.85036169827904,4.31223782388165));
#2758=CARTESIAN_POINT('',(5.12205619162398,7.85036169827904,4.31223782388165));
#2759=CARTESIAN_POINT('',(4.16883548383754,9.19716171396331,4.31223782388165));
#2760=CARTESIAN_POINT('',(5.69922675162363,8.25886401732957,5.0193446050682));
#2761=CARTESIAN_POINT('',(5.12205619162819,7.85036169827306,4.31223782388165));
#2762=CARTESIAN_POINT('',(5.69922675162366,8.25886401732957,5.0193446050682));
#2763=CARTESIAN_POINT('',(6.6524474594101,6.91206400164531,5.0193446050682));
#2764=CARTESIAN_POINT('',(6.07527689941466,6.5035616825888,4.31223782388165));
#2765=CARTESIAN_POINT('',(5.12205619162819,7.85036169827306,4.31223782388165));
#2766=CARTESIAN_POINT('',(5.69922675162366,8.25886401732957,5.0193446050682));
#2767=CARTESIAN_POINT('',(5.69922675162366,8.25886401732957,5.0193446050682));
#2768=CARTESIAN_POINT('',(6.6524474594101,6.91206400164531,5.0193446050682));
#2769=CARTESIAN_POINT('',(6.6524474594101,6.91206400164531,5.0193446050682));
#2770=CARTESIAN_POINT('',(6.07527689941466,6.5035616825888,4.31223782388165));
#2771=CARTESIAN_POINT('',(6.07527689941466,6.5035616825888,4.31223782388165));
#2772=CARTESIAN_POINT('',(5.12205619162819,7.85036169827306,4.31223782388165));
#2773=CARTESIAN_POINT('',(6.6524474594101,6.9120640016453,5.0193446050682));
#2774=CARTESIAN_POINT('',(6.07527689941466,6.5035616825888,4.31223782388165));
#2775=CARTESIAN_POINT('',(6.6524474594101,6.91206400164531,5.0193446050682));
#2776=CARTESIAN_POINT('',(7.60566816719654,5.56526398596105,5.0193446050682));
#2777=CARTESIAN_POINT('',(7.0284976072011,5.15676166690454,4.31223782388165));
#2778=CARTESIAN_POINT('',(6.07527689941466,6.5035616825888,4.31223782388165));
#2779=CARTESIAN_POINT('',(6.6524474594101,6.91206400164531,5.0193446050682));
#2780=CARTESIAN_POINT('',(6.6524474594101,6.91206400164531,5.0193446050682));
#2781=CARTESIAN_POINT('',(7.60566816719654,5.56526398596105,5.0193446050682));
#2782=CARTESIAN_POINT('',(7.60566816719654,5.56526398596105,5.0193446050682));
#2783=CARTESIAN_POINT('',(7.0284976072011,5.15676166690454,4.31223782388165));
#2784=CARTESIAN_POINT('',(7.0284976072011,5.15676166690454,4.31223782388165));
#2785=CARTESIAN_POINT('',(6.07527689941466,6.5035616825888,4.31223782388165));
#2786=CARTESIAN_POINT('',(7.60566816719655,5.56526398596105,5.0193446050682));
#2787=CARTESIAN_POINT('',(7.0284976072011,5.15676166690454,4.31223782388165));
#2788=CARTESIAN_POINT('',(7.60566816719654,5.56526398596105,5.0193446050682));
#2789=CARTESIAN_POINT('',(8.55888887498298,4.21846397027679,5.0193446050682));
#2790=CARTESIAN_POINT('',(7.98171831498755,3.80996165122028,4.31223782388165));
#2791=CARTESIAN_POINT('',(7.0284976072011,5.15676166690454,4.31223782388165));
#2792=CARTESIAN_POINT('',(7.60566816719654,5.56526398596105,5.0193446050682));
#2793=CARTESIAN_POINT('',(7.60566816719654,5.56526398596105,5.0193446050682));
#2794=CARTESIAN_POINT('',(8.55888887498298,4.21846397027679,5.0193446050682));
#2795=CARTESIAN_POINT('',(8.55888887498298,4.21846397027679,5.0193446050682));
#2796=CARTESIAN_POINT('',(7.98171831498755,3.80996165122028,4.31223782388165));
#2797=CARTESIAN_POINT('',(7.98171831498755,3.80996165122028,4.31223782388165));
#2798=CARTESIAN_POINT('',(7.0284976072011,5.15676166690454,4.31223782388165));
#2799=CARTESIAN_POINT('',(3.41673518825551,12.7077663834448,5.72645138625475));
#2800=CARTESIAN_POINT('',(2.83956462826006,12.2992640643883,5.0193446050682));
#2801=CARTESIAN_POINT('',(3.41673518825553,12.7077663834448,5.72645138625475));
#2802=CARTESIAN_POINT('',(4.36995589604197,11.3609663677606,5.72645138625475));
#2803=CARTESIAN_POINT('',(3.79278533604653,10.9524640487041,5.0193446050682));
#2804=CARTESIAN_POINT('',(2.83956462826006,12.2992640643883,5.0193446050682));
#2805=CARTESIAN_POINT('',(3.41673518825553,12.7077663834448,5.72645138625475));
#2806=CARTESIAN_POINT('',(3.41673518825553,12.7077663834448,5.72645138625475));
#2807=CARTESIAN_POINT('',(4.36995589604197,11.3609663677606,5.72645138625475));
#2808=CARTESIAN_POINT('',(4.36995589604197,11.3609663677606,5.72645138625475));
#2809=CARTESIAN_POINT('',(3.79278533604653,10.9524640487041,5.0193446050682));
#2810=CARTESIAN_POINT('',(3.79278533604653,10.9524640487041,5.0193446050682));
#2811=CARTESIAN_POINT('',(2.83956462826006,12.2992640643883,5.0193446050682));
#2812=CARTESIAN_POINT('',(4.36995589604198,11.3609663677606,5.72645138625475));
#2813=CARTESIAN_POINT('',(3.79278533604653,10.9524640487041,5.0193446050682));
#2814=CARTESIAN_POINT('',(4.36995589604197,11.3609663677606,5.72645138625475));
#2815=CARTESIAN_POINT('',(5.32317660382841,10.0141663520763,5.72645138625475));
#2816=CARTESIAN_POINT('',(4.74600604383298,9.60566403301982,5.0193446050682));
#2817=CARTESIAN_POINT('',(3.79278533604653,10.9524640487041,5.0193446050682));
#2818=CARTESIAN_POINT('',(4.36995589604197,11.3609663677606,5.72645138625475));
#2819=CARTESIAN_POINT('',(4.36995589604197,11.3609663677606,5.72645138625475));
#2820=CARTESIAN_POINT('',(5.32317660382841,10.0141663520763,5.72645138625475));
#2821=CARTESIAN_POINT('',(5.32317660382841,10.0141663520763,5.72645138625475));
#2822=CARTESIAN_POINT('',(4.74600604383298,9.60566403301982,5.0193446050682));
#2823=CARTESIAN_POINT('',(4.74600604383298,9.60566403301982,5.0193446050682));
#2824=CARTESIAN_POINT('',(3.79278533604653,10.9524640487041,5.0193446050682));
#2825=CARTESIAN_POINT('',(5.32317660382842,10.0141663520763,5.72645138625475));
#2826=CARTESIAN_POINT('',(4.74600604383298,9.60566403301982,5.0193446050682));
#2827=CARTESIAN_POINT('',(5.32317660382841,10.0141663520763,5.72645138625475));
#2828=CARTESIAN_POINT('',(6.27639731161486,8.66736633639206,5.72645138625475));
#2829=CARTESIAN_POINT('',(5.69922675161942,8.25886401733555,5.0193446050682));
#2830=CARTESIAN_POINT('',(4.74600604383298,9.60566403301982,5.0193446050682));
#2831=CARTESIAN_POINT('',(5.32317660382841,10.0141663520763,5.72645138625475));
#2832=CARTESIAN_POINT('',(5.32317660382841,10.0141663520763,5.72645138625475));
#2833=CARTESIAN_POINT('',(6.27639731161486,8.66736633639206,5.72645138625475));
#2834=CARTESIAN_POINT('',(6.27639731161486,8.66736633639206,5.72645138625475));
#2835=CARTESIAN_POINT('',(5.69922675161942,8.25886401733555,5.0193446050682));
#2836=CARTESIAN_POINT('',(5.69922675161942,8.25886401733555,5.0193446050682));
#2837=CARTESIAN_POINT('',(4.74600604383298,9.60566403301982,5.0193446050682));
#2838=CARTESIAN_POINT('',(6.2763973116191,8.66736633638608,5.72645138625475));
#2839=CARTESIAN_POINT('',(5.69922675162366,8.25886401732957,5.0193446050682));
#2840=CARTESIAN_POINT('',(6.27639731161909,8.66736633638607,5.72645138625475));
#2841=CARTESIAN_POINT('',(7.22961801940556,7.3205663207018,5.72645138625475));
#2842=CARTESIAN_POINT('',(6.6524474594101,6.91206400164531,5.0193446050682));
#2843=CARTESIAN_POINT('',(5.69922675162366,8.25886401732957,5.0193446050682));
#2844=CARTESIAN_POINT('',(6.27639731161909,8.66736633638607,5.72645138625475));
#2845=CARTESIAN_POINT('',(6.27639731161909,8.66736633638607,5.72645138625475));
#2846=CARTESIAN_POINT('',(7.22961801940556,7.3205663207018,5.72645138625475));
#2847=CARTESIAN_POINT('',(7.22961801940556,7.3205663207018,5.72645138625475));
#2848=CARTESIAN_POINT('',(6.6524474594101,6.91206400164531,5.0193446050682));
#2849=CARTESIAN_POINT('',(6.6524474594101,6.91206400164531,5.0193446050682));
#2850=CARTESIAN_POINT('',(5.69922675162366,8.25886401732957,5.0193446050682));
#2851=CARTESIAN_POINT('',(7.22961801940554,7.32056632070181,5.72645138625475));
#2852=CARTESIAN_POINT('',(6.6524474594101,6.91206400164531,5.0193446050682));
#2853=CARTESIAN_POINT('',(7.22961801940556,7.3205663207018,5.72645138625475));
#2854=CARTESIAN_POINT('',(8.18283872719201,5.97376630501756,5.72645138625475));
#2855=CARTESIAN_POINT('',(7.60566816719654,5.56526398596105,5.0193446050682));
#2856=CARTESIAN_POINT('',(6.6524474594101,6.91206400164531,5.0193446050682));
#2857=CARTESIAN_POINT('',(7.22961801940556,7.3205663207018,5.72645138625475));
#2858=CARTESIAN_POINT('',(7.22961801940556,7.3205663207018,5.72645138625475));
#2859=CARTESIAN_POINT('',(8.18283872719201,5.97376630501756,5.72645138625475));
#2860=CARTESIAN_POINT('',(8.18283872719201,5.97376630501756,5.72645138625475));
#2861=CARTESIAN_POINT('',(7.60566816719654,5.56526398596105,5.0193446050682));
#2862=CARTESIAN_POINT('',(7.60566816719654,5.56526398596105,5.0193446050682));
#2863=CARTESIAN_POINT('',(6.6524474594101,6.91206400164531,5.0193446050682));
#2864=CARTESIAN_POINT('',(8.18283872719198,5.97376630501756,5.72645138625475));
#2865=CARTESIAN_POINT('',(7.60566816719654,5.56526398596105,5.0193446050682));
#2866=CARTESIAN_POINT('',(8.18283872719201,5.97376630501756,5.72645138625475));
#2867=CARTESIAN_POINT('',(9.13605943497845,4.6269662893333,5.72645138625475));
#2868=CARTESIAN_POINT('',(8.55888887498298,4.21846397027679,5.0193446050682));
#2869=CARTESIAN_POINT('',(7.60566816719654,5.56526398596105,5.0193446050682));
#2870=CARTESIAN_POINT('',(8.18283872719201,5.97376630501756,5.72645138625475));
#2871=CARTESIAN_POINT('',(8.18283872719201,5.97376630501756,5.72645138625475));
#2872=CARTESIAN_POINT('',(9.13605943497845,4.6269662893333,5.72645138625475));
#2873=CARTESIAN_POINT('',(9.13605943497845,4.6269662893333,5.72645138625475));
#2874=CARTESIAN_POINT('',(8.55888887498298,4.21846397027679,5.0193446050682));
#2875=CARTESIAN_POINT('',(8.55888887498298,4.21846397027679,5.0193446050682));
#2876=CARTESIAN_POINT('',(7.60566816719654,5.56526398596105,5.0193446050682));
#2877=CARTESIAN_POINT('',(3.99390574825097,13.1162687025013,6.43355816744129));
#2878=CARTESIAN_POINT('',(3.41673518825553,12.7077663834448,5.72645138625475));
#2879=CARTESIAN_POINT('',(3.99390574825097,13.1162687025013,6.4335581674413));
#2880=CARTESIAN_POINT('',(4.94712645603741,11.7694686868171,6.4335581674413));
#2881=CARTESIAN_POINT('',(4.36995589604197,11.3609663677606,5.72645138625475));
#2882=CARTESIAN_POINT('',(3.41673518825553,12.7077663834448,5.72645138625475));
#2883=CARTESIAN_POINT('',(3.99390574825097,13.1162687025013,6.4335581674413));
#2884=CARTESIAN_POINT('',(3.99390574825097,13.1162687025013,6.4335581674413));
#2885=CARTESIAN_POINT('',(4.94712645603741,11.7694686868171,6.4335581674413));
#2886=CARTESIAN_POINT('',(4.94712645603741,11.7694686868171,6.4335581674413));
#2887=CARTESIAN_POINT('',(4.36995589604197,11.3609663677606,5.72645138625475));
#2888=CARTESIAN_POINT('',(4.36995589604197,11.3609663677606,5.72645138625475));
#2889=CARTESIAN_POINT('',(3.41673518825553,12.7077663834448,5.72645138625475));
#2890=CARTESIAN_POINT('',(4.94712645603742,11.7694686868171,6.43355816744129));
#2891=CARTESIAN_POINT('',(4.36995589604197,11.3609663677606,5.72645138625475));
#2892=CARTESIAN_POINT('',(4.94712645603741,11.7694686868171,6.4335581674413));
#2893=CARTESIAN_POINT('',(5.90034716382385,10.4226686711328,6.4335581674413));
#2894=CARTESIAN_POINT('',(5.32317660382841,10.0141663520763,5.72645138625475));
#2895=CARTESIAN_POINT('',(4.36995589604197,11.3609663677606,5.72645138625475));
#2896=CARTESIAN_POINT('',(4.94712645603741,11.7694686868171,6.4335581674413));
#2897=CARTESIAN_POINT('',(4.94712645603741,11.7694686868171,6.4335581674413));
#2898=CARTESIAN_POINT('',(5.90034716382385,10.4226686711328,6.4335581674413));
#2899=CARTESIAN_POINT('',(5.90034716382385,10.4226686711328,6.4335581674413));
#2900=CARTESIAN_POINT('',(5.32317660382841,10.0141663520763,5.72645138625475));
#2901=CARTESIAN_POINT('',(5.32317660382841,10.0141663520763,5.72645138625475));
#2902=CARTESIAN_POINT('',(4.36995589604197,11.3609663677606,5.72645138625475));
#2903=CARTESIAN_POINT('',(5.90034716382386,10.4226686711328,6.43355816744129));
#2904=CARTESIAN_POINT('',(5.32317660382841,10.0141663520763,5.72645138625475));
#2905=CARTESIAN_POINT('',(5.90034716382385,10.4226686711328,6.4335581674413));
#2906=CARTESIAN_POINT('',(6.8535678716103,9.07586865544856,6.4335581674413));
#2907=CARTESIAN_POINT('',(6.27639731161486,8.66736633639206,5.72645138625475));
#2908=CARTESIAN_POINT('',(5.32317660382841,10.0141663520763,5.72645138625475));
#2909=CARTESIAN_POINT('',(5.90034716382385,10.4226686711328,6.4335581674413));
#2910=CARTESIAN_POINT('',(5.90034716382385,10.4226686711328,6.4335581674413));
#2911=CARTESIAN_POINT('',(6.8535678716103,9.07586865544856,6.4335581674413));
#2912=CARTESIAN_POINT('',(6.8535678716103,9.07586865544856,6.4335581674413));
#2913=CARTESIAN_POINT('',(6.27639731161486,8.66736633639206,5.72645138625475));
#2914=CARTESIAN_POINT('',(6.27639731161486,8.66736633639206,5.72645138625475));
#2915=CARTESIAN_POINT('',(5.32317660382841,10.0141663520763,5.72645138625475));
#2916=CARTESIAN_POINT('',(6.85356787161454,9.07586865544257,6.43355816744129));
#2917=CARTESIAN_POINT('',(6.27639731161909,8.66736633638607,5.72645138625475));
#2918=CARTESIAN_POINT('',(6.85356787161453,9.07586865544258,6.4335581674413));
#2919=CARTESIAN_POINT('',(7.806788579401,7.72906863975831,6.4335581674413));
#2920=CARTESIAN_POINT('',(7.22961801940556,7.3205663207018,5.72645138625475));
#2921=CARTESIAN_POINT('',(6.27639731161909,8.66736633638607,5.72645138625475));
#2922=CARTESIAN_POINT('',(6.85356787161453,9.07586865544258,6.4335581674413));
#2923=CARTESIAN_POINT('',(6.85356787161453,9.07586865544258,6.4335581674413));
#2924=CARTESIAN_POINT('',(7.806788579401,7.72906863975831,6.4335581674413));
#2925=CARTESIAN_POINT('',(7.806788579401,7.72906863975831,6.4335581674413));
#2926=CARTESIAN_POINT('',(7.22961801940556,7.3205663207018,5.72645138625475));
#2927=CARTESIAN_POINT('',(7.22961801940556,7.3205663207018,5.72645138625475));
#2928=CARTESIAN_POINT('',(6.27639731161909,8.66736633638607,5.72645138625475));
#2929=CARTESIAN_POINT('',(7.80678857940101,7.7290686397583,6.43355816744129));
#2930=CARTESIAN_POINT('',(7.22961801940556,7.3205663207018,5.72645138625475));
#2931=CARTESIAN_POINT('',(7.806788579401,7.72906863975831,6.4335581674413));
#2932=CARTESIAN_POINT('',(8.76000928718744,6.38226862407406,6.4335581674413));
#2933=CARTESIAN_POINT('',(8.18283872719201,5.97376630501756,5.72645138625475));
#2934=CARTESIAN_POINT('',(7.22961801940556,7.3205663207018,5.72645138625475));
#2935=CARTESIAN_POINT('',(7.806788579401,7.72906863975831,6.4335581674413));
#2936=CARTESIAN_POINT('',(7.806788579401,7.72906863975831,6.4335581674413));
#2937=CARTESIAN_POINT('',(8.76000928718744,6.38226862407406,6.4335581674413));
#2938=CARTESIAN_POINT('',(8.76000928718744,6.38226862407406,6.4335581674413));
#2939=CARTESIAN_POINT('',(8.18283872719201,5.97376630501756,5.72645138625475));
#2940=CARTESIAN_POINT('',(8.18283872719201,5.97376630501756,5.72645138625475));
#2941=CARTESIAN_POINT('',(7.22961801940556,7.3205663207018,5.72645138625475));
#2942=CARTESIAN_POINT('',(8.76000928718745,6.38226862407407,6.43355816744129));
#2943=CARTESIAN_POINT('',(8.18283872719201,5.97376630501756,5.72645138625475));
#2944=CARTESIAN_POINT('',(8.76000928718744,6.38226862407406,6.4335581674413));
#2945=CARTESIAN_POINT('',(9.71322999497389,5.03546860838979,6.4335581674413));
#2946=CARTESIAN_POINT('',(9.13605943497845,4.6269662893333,5.72645138625475));
#2947=CARTESIAN_POINT('',(8.18283872719201,5.97376630501756,5.72645138625475));
#2948=CARTESIAN_POINT('',(8.76000928718744,6.38226862407406,6.4335581674413));
#2949=CARTESIAN_POINT('',(8.76000928718744,6.38226862407406,6.4335581674413));
#2950=CARTESIAN_POINT('',(9.71322999497389,5.03546860838979,6.4335581674413));
#2951=CARTESIAN_POINT('',(9.71322999497389,5.03546860838979,6.4335581674413));
#2952=CARTESIAN_POINT('',(9.13605943497845,4.6269662893333,5.72645138625475));
#2953=CARTESIAN_POINT('',(9.13605943497845,4.6269662893333,5.72645138625475));
#2954=CARTESIAN_POINT('',(8.18283872719201,5.97376630501756,5.72645138625475));
#2955=CARTESIAN_POINT('',(4.57107630824641,13.5247710215578,7.14066494862784));
#2956=CARTESIAN_POINT('',(3.99390574825097,13.1162687025013,6.4335581674413));
#2957=CARTESIAN_POINT('',(4.5710763082464,13.5247710215579,7.14066494862784));
#2958=CARTESIAN_POINT('',(5.52429701603285,12.1779710058736,7.14066494862784));
#2959=CARTESIAN_POINT('',(4.94712645603741,11.7694686868171,6.4335581674413));
#2960=CARTESIAN_POINT('',(3.99390574825097,13.1162687025013,6.4335581674413));
#2961=CARTESIAN_POINT('',(4.5710763082464,13.5247710215579,7.14066494862784));
#2962=CARTESIAN_POINT('',(4.5710763082464,13.5247710215579,7.14066494862784));
#2963=CARTESIAN_POINT('',(5.52429701603285,12.1779710058736,7.14066494862784));
#2964=CARTESIAN_POINT('',(5.52429701603285,12.1779710058736,7.14066494862784));
#2965=CARTESIAN_POINT('',(4.94712645603741,11.7694686868171,6.4335581674413));
#2966=CARTESIAN_POINT('',(4.94712645603741,11.7694686868171,6.4335581674413));
#2967=CARTESIAN_POINT('',(3.99390574825097,13.1162687025013,6.4335581674413));
#2968=CARTESIAN_POINT('',(5.52429701603285,12.1779710058736,7.14066494862784));
#2969=CARTESIAN_POINT('',(4.94712645603741,11.7694686868171,6.4335581674413));
#2970=CARTESIAN_POINT('',(5.52429701603285,12.1779710058736,7.14066494862784));
#2971=CARTESIAN_POINT('',(6.47751772381929,10.8311709901893,7.14066494862784));
#2972=CARTESIAN_POINT('',(5.90034716382385,10.4226686711328,6.4335581674413));
#2973=CARTESIAN_POINT('',(4.94712645603741,11.7694686868171,6.4335581674413));
#2974=CARTESIAN_POINT('',(5.52429701603285,12.1779710058736,7.14066494862784));
#2975=CARTESIAN_POINT('',(5.52429701603285,12.1779710058736,7.14066494862784));
#2976=CARTESIAN_POINT('',(6.47751772381929,10.8311709901893,7.14066494862784));
#2977=CARTESIAN_POINT('',(6.47751772381929,10.8311709901893,7.14066494862784));
#2978=CARTESIAN_POINT('',(5.90034716382385,10.4226686711328,6.4335581674413));
#2979=CARTESIAN_POINT('',(5.90034716382385,10.4226686711328,6.4335581674413));
#2980=CARTESIAN_POINT('',(4.94712645603741,11.7694686868171,6.4335581674413));
#2981=CARTESIAN_POINT('',(6.4775177238193,10.8311709901893,7.14066494862784));
#2982=CARTESIAN_POINT('',(5.90034716382385,10.4226686711328,6.4335581674413));
#2983=CARTESIAN_POINT('',(6.47751772381929,10.8311709901893,7.14066494862784));
#2984=CARTESIAN_POINT('',(7.43073843160573,9.48437097450507,7.14066494862784));
#2985=CARTESIAN_POINT('',(6.8535678716103,9.07586865544856,6.4335581674413));
#2986=CARTESIAN_POINT('',(5.90034716382385,10.4226686711328,6.4335581674413));
#2987=CARTESIAN_POINT('',(6.47751772381929,10.8311709901893,7.14066494862784));
#2988=CARTESIAN_POINT('',(6.47751772381929,10.8311709901893,7.14066494862784));
#2989=CARTESIAN_POINT('',(7.43073843160573,9.48437097450507,7.14066494862784));
#2990=CARTESIAN_POINT('',(7.43073843160573,9.48437097450507,7.14066494862784));
#2991=CARTESIAN_POINT('',(6.8535678716103,9.07586865544856,6.4335581674413));
#2992=CARTESIAN_POINT('',(6.8535678716103,9.07586865544856,6.4335581674413));
#2993=CARTESIAN_POINT('',(5.90034716382385,10.4226686711328,6.4335581674413));
#2994=CARTESIAN_POINT('',(7.43073843160997,9.48437097449908,7.14066494862784));
#2995=CARTESIAN_POINT('',(6.85356787161453,9.07586865544258,6.4335581674413));
#2996=CARTESIAN_POINT('',(7.43073843161,9.48437097449909,7.14066494862784));
#2997=CARTESIAN_POINT('',(8.38395913939644,8.13757095881482,7.14066494862784));
#2998=CARTESIAN_POINT('',(7.806788579401,7.72906863975831,6.4335581674413));
#2999=CARTESIAN_POINT('',(6.85356787161453,9.07586865544258,6.4335581674413));
#3000=CARTESIAN_POINT('',(7.43073843161,9.48437097449909,7.14066494862784));
#3001=CARTESIAN_POINT('',(7.43073843161,9.48437097449909,7.14066494862784));
#3002=CARTESIAN_POINT('',(8.38395913939644,8.13757095881482,7.14066494862784));
#3003=CARTESIAN_POINT('',(8.38395913939644,8.13757095881482,7.14066494862784));
#3004=CARTESIAN_POINT('',(7.806788579401,7.72906863975831,6.4335581674413));
#3005=CARTESIAN_POINT('',(7.806788579401,7.72906863975831,6.4335581674413));
#3006=CARTESIAN_POINT('',(6.85356787161453,9.07586865544258,6.4335581674413));
#3007=CARTESIAN_POINT('',(8.38395913939644,8.13757095881481,7.14066494862784));
#3008=CARTESIAN_POINT('',(7.806788579401,7.72906863975831,6.4335581674413));
#3009=CARTESIAN_POINT('',(8.38395913939644,8.13757095881482,7.14066494862784));
#3010=CARTESIAN_POINT('',(9.33717984718288,6.79077094313057,7.14066494862784));
#3011=CARTESIAN_POINT('',(8.76000928718744,6.38226862407406,6.4335581674413));
#3012=CARTESIAN_POINT('',(7.806788579401,7.72906863975831,6.4335581674413));
#3013=CARTESIAN_POINT('',(8.38395913939644,8.13757095881482,7.14066494862784));
#3014=CARTESIAN_POINT('',(8.38395913939644,8.13757095881482,7.14066494862784));
#3015=CARTESIAN_POINT('',(9.33717984718288,6.79077094313057,7.14066494862784));
#3016=CARTESIAN_POINT('',(9.33717984718288,6.79077094313057,7.14066494862784));
#3017=CARTESIAN_POINT('',(8.76000928718744,6.38226862407406,6.4335581674413));
#3018=CARTESIAN_POINT('',(8.76000928718744,6.38226862407406,6.4335581674413));
#3019=CARTESIAN_POINT('',(7.806788579401,7.72906863975831,6.4335581674413));
#3020=CARTESIAN_POINT('',(9.33717984718289,6.79077094313056,7.14066494862784));
#3021=CARTESIAN_POINT('',(8.76000928718744,6.38226862407406,6.4335581674413));
#3022=CARTESIAN_POINT('',(9.33717984718288,6.79077094313057,7.14066494862784));
#3023=CARTESIAN_POINT('',(10.2904005549693,5.4439709274463,7.14066494862784));
#3024=CARTESIAN_POINT('',(9.71322999497389,5.03546860838979,6.4335581674413));
#3025=CARTESIAN_POINT('',(8.76000928718744,6.38226862407406,6.4335581674413));
#3026=CARTESIAN_POINT('',(9.33717984718288,6.79077094313057,7.14066494862784));
#3027=CARTESIAN_POINT('',(9.33717984718288,6.79077094313057,7.14066494862784));
#3028=CARTESIAN_POINT('',(10.2904005549693,5.4439709274463,7.14066494862784));
#3029=CARTESIAN_POINT('',(10.2904005549693,5.4439709274463,7.14066494862784));
#3030=CARTESIAN_POINT('',(9.71322999497389,5.03546860838979,6.4335581674413));
#3031=CARTESIAN_POINT('',(9.71322999497389,5.03546860838979,6.4335581674413));
#3032=CARTESIAN_POINT('',(8.76000928718744,6.38226862407406,6.4335581674413));
#3033=CARTESIAN_POINT('',(3.37827252724102,11.7686945908781,-0.491999999999924));
#3034=CARTESIAN_POINT('',(3.37827252724102,11.7686945908781,-0.491999999999924));
#3035=CARTESIAN_POINT('',(11.,1.,-0.491999999999924));
#3036=CARTESIAN_POINT('',(17.7201157946332,5.75627670000628,-0.491999999999924));
#3037=CARTESIAN_POINT('',(10.0983883218742,16.5249712908844,-0.491999999999924));
#3038=CARTESIAN_POINT('',(3.37827252724102,11.7686945908781,-0.491999999999924));
#3039=CARTESIAN_POINT('',(11.,1.,-0.491999999999924));
#3040=CARTESIAN_POINT('',(11.,1.,-0.491999999999924));
#3041=CARTESIAN_POINT('',(17.7201157946332,5.75627670000628,-0.491999999999924));
#3042=CARTESIAN_POINT('',(17.7201157946332,5.75627670000628,-0.491999999999924));
#3043=CARTESIAN_POINT('',(10.0983883218742,16.5249712908844,-0.491999999999924));
#3044=CARTESIAN_POINT('',(10.0983883218742,16.5249712908844,-0.491999999999924));
#3045=CARTESIAN_POINT('',(3.37827252724102,11.7686945908781,-0.491999999999924));
#3046=CARTESIAN_POINT('',(15.777892395753,4.38163422875779,4.05500000000681));
#3047=CARTESIAN_POINT('',(15.777892395753,4.38163422875779,4.05500000000681));
#3048=CARTESIAN_POINT('',(16.4390487670899,4.84957893985364,4.0550000000068));
#3049=CARTESIAN_POINT('',(16.4390487670899,4.84957893985364,5.3350000000087));
#3050=CARTESIAN_POINT('',(15.777892395753,4.38163422875779,5.3350000000087));
#3051=CARTESIAN_POINT('',(15.777892395753,4.38163422875779,4.05500000000681));
#3052=CARTESIAN_POINT('',(16.4390487670899,4.84957893985364,4.0550000000068));
#3053=CARTESIAN_POINT('',(16.4390487670899,4.84957893985364,4.0550000000068));
#3054=CARTESIAN_POINT('',(16.4390487670899,4.84957893985364,5.3350000000087));
#3055=CARTESIAN_POINT('',(16.4390487670899,4.84957893985364,5.3350000000087));
#3056=CARTESIAN_POINT('',(15.777892395753,4.38163422875779,5.3350000000087));
#3057=CARTESIAN_POINT('',(15.777892395753,4.38163422875779,5.3350000000087));
#3058=CARTESIAN_POINT('',(15.777892395753,4.38163422875779,4.05500000000681));
#3059=CARTESIAN_POINT('',(14.9306074333212,3.78195557584578,4.0550000000068));
#3060=CARTESIAN_POINT('',(14.9306074333212,3.78195557584578,4.0550000000068));
#3061=CARTESIAN_POINT('',(15.5917882919311,4.24991761822724,4.0550000000068));
#3062=CARTESIAN_POINT('',(15.5917882919312,4.24991761822724,5.3350000000087));
#3063=CARTESIAN_POINT('',(14.9306074333212,3.78195557584578,5.3350000000087));
#3064=CARTESIAN_POINT('',(14.9306074333212,3.78195557584578,4.0550000000068));
#3065=CARTESIAN_POINT('',(15.5917882919311,4.24991761822724,4.0550000000068));
#3066=CARTESIAN_POINT('',(15.5917882919311,4.24991761822724,4.0550000000068));
#3067=CARTESIAN_POINT('',(15.5917882919312,4.24991761822724,5.3350000000087));
#3068=CARTESIAN_POINT('',(15.5917882919312,4.24991761822724,5.3350000000087));
#3069=CARTESIAN_POINT('',(14.9306074333212,3.78195557584578,5.3350000000087));
#3070=CARTESIAN_POINT('',(14.9306074333212,3.78195557584578,5.3350000000087));
#3071=CARTESIAN_POINT('',(14.9306074333212,3.78195557584578,4.0550000000068));
#3072=CARTESIAN_POINT('',(13.0907964706421,2.47979569435122,4.0550000000068));
#3073=CARTESIAN_POINT('',(13.0907964706421,2.47979569435122,4.0550000000068));
#3074=CARTESIAN_POINT('',(13.751952841979,2.94774040544706,4.0550000000068));
#3075=CARTESIAN_POINT('',(13.751952841979,2.94774040544706,5.3350000000087));
#3076=CARTESIAN_POINT('',(13.0907964706421,2.4797956943512,5.3350000000087));
#3077=CARTESIAN_POINT('',(13.0907964706421,2.47979569435122,4.0550000000068));
#3078=CARTESIAN_POINT('',(13.751952841979,2.94774040544706,4.0550000000068));
#3079=CARTESIAN_POINT('',(13.751952841979,2.94774040544706,4.0550000000068));
#3080=CARTESIAN_POINT('',(13.751952841979,2.94774040544706,5.3350000000087));
#3081=CARTESIAN_POINT('',(13.751952841979,2.94774040544706,5.3350000000087));
#3082=CARTESIAN_POINT('',(13.0907964706421,2.4797956943512,5.3350000000087));
#3083=CARTESIAN_POINT('',(13.0907964706421,2.4797956943512,5.3350000000087));
#3084=CARTESIAN_POINT('',(13.0907964706421,2.47979569435122,4.0550000000068));
#3085=CARTESIAN_POINT('',(12.2435369491577,1.88013291358949,4.0550000000068));
#3086=CARTESIAN_POINT('',(12.2435369491577,1.88013291358949,4.0550000000068));
#3087=CARTESIAN_POINT('',(12.9046933204946,2.34807762468536,4.05500000000679));
#3088=CARTESIAN_POINT('',(12.9046933204946,2.34807762468534,5.33500000000869));
#3089=CARTESIAN_POINT('',(12.2435369491577,1.88013291358948,5.33500000000869));
#3090=CARTESIAN_POINT('',(12.2435369491577,1.88013291358949,4.0550000000068));
#3091=CARTESIAN_POINT('',(12.9046933204946,2.34807762468536,4.05500000000679));
#3092=CARTESIAN_POINT('',(12.9046933204946,2.34807762468536,4.05500000000679));
#3093=CARTESIAN_POINT('',(12.9046933204946,2.34807762468534,5.33500000000869));
#3094=CARTESIAN_POINT('',(12.9046933204946,2.34807762468534,5.33500000000869));
#3095=CARTESIAN_POINT('',(12.2435369491577,1.88013291358948,5.33500000000869));
#3096=CARTESIAN_POINT('',(12.2435369491577,1.88013291358948,5.33500000000869));
#3097=CARTESIAN_POINT('',(12.2435369491577,1.88013291358949,4.0550000000068));
#3098=CARTESIAN_POINT('',(6.10328902804316,13.6973720458738,3.19200000000553));
#3099=CARTESIAN_POINT('',(6.10328902804316,13.6973720458738,3.19200000000553));
#3100=CARTESIAN_POINT('',(4.67486476898193,12.6863803860988,3.19200000000553));
#3101=CARTESIAN_POINT('',(4.67486476898193,12.6863803860988,5.40500000000881));
#3102=CARTESIAN_POINT('',(6.10328902804316,13.6973720458738,5.40500000000881));
#3103=CARTESIAN_POINT('',(6.10328902804316,13.6973720458738,3.19200000000553));
#3104=CARTESIAN_POINT('',(4.67486476898193,12.6863803860988,3.19200000000553));
#3105=CARTESIAN_POINT('',(4.67486476898193,12.6863803860988,3.19200000000553));
#3106=CARTESIAN_POINT('',(4.67486476898193,12.6863803860988,5.40500000000881));
#3107=CARTESIAN_POINT('',(4.67486476898193,12.6863803860988,5.40500000000881));
#3108=CARTESIAN_POINT('',(6.10328902804316,13.6973720458738,5.40500000000881));
#3109=CARTESIAN_POINT('',(6.10328902804316,13.6973720458738,5.40500000000881));
#3110=CARTESIAN_POINT('',(6.10328902804316,13.6973720458738,3.19200000000553));
#3111=CARTESIAN_POINT('',(8.7642387350744,15.5807033449557,3.19200000000553));
#3112=CARTESIAN_POINT('',(8.7642387350744,15.5807033449557,3.19200000000553));
#3113=CARTESIAN_POINT('',(7.33581447601321,14.5697116851807,3.19200000000553));
#3114=CARTESIAN_POINT('',(7.33581447601319,14.5697116851807,5.40500000000881));
#3115=CARTESIAN_POINT('',(8.7642387350744,15.5807033449557,5.40500000000881));
#3116=CARTESIAN_POINT('',(8.7642387350744,15.5807033449557,3.19200000000553));
#3117=CARTESIAN_POINT('',(7.33581447601321,14.5697116851807,3.19200000000553));
#3118=CARTESIAN_POINT('',(7.33581447601321,14.5697116851807,3.19200000000553));
#3119=CARTESIAN_POINT('',(7.33581447601319,14.5697116851807,5.40500000000881));
#3120=CARTESIAN_POINT('',(7.33581447601319,14.5697116851807,5.40500000000881));
#3121=CARTESIAN_POINT('',(8.7642387350744,15.5807033449557,5.40500000000881));
#3122=CARTESIAN_POINT('',(8.7642387350744,15.5807033449557,5.40500000000881));
#3123=CARTESIAN_POINT('',(8.7642387350744,15.5807033449557,3.19200000000553));
#3124=CARTESIAN_POINT('',(9.51926956807492,16.1150857734563,0.0740000000009031));
#3125=CARTESIAN_POINT('',(9.51926956807492,16.1150857734563,0.0740000000009031));
#3126=CARTESIAN_POINT('',(7.33582105779564,14.5697128078003,0.0740000000009031));
#3127=CARTESIAN_POINT('',(7.33582105779564,14.5697128078003,2.66500000000476));
#3128=CARTESIAN_POINT('',(9.51926956807492,16.1150857734563,2.66500000000476));
#3129=CARTESIAN_POINT('',(9.51926956807492,16.1150857734563,0.0740000000009031));
#3130=CARTESIAN_POINT('',(7.33582105779564,14.5697128078003,0.0740000000009031));
#3131=CARTESIAN_POINT('',(7.33582105779564,14.5697128078003,0.0740000000009031));
#3132=CARTESIAN_POINT('',(7.33582105779564,14.5697128078003,2.66500000000476));
#3133=CARTESIAN_POINT('',(7.33582105779564,14.5697128078003,2.66500000000476));
#3134=CARTESIAN_POINT('',(9.51926956807492,16.1150857734563,2.66500000000476));
#3135=CARTESIAN_POINT('',(9.51926956807492,16.1150857734563,2.66500000000476));
#3136=CARTESIAN_POINT('',(9.51926956807492,16.1150857734563,0.0740000000009031));
#3137=CARTESIAN_POINT('',(6.10328972988856,13.6973714855535,0.0740000000009031));
#3138=CARTESIAN_POINT('',(6.10328972988856,13.6973714855535,0.0740000000009031));
#3139=CARTESIAN_POINT('',(3.91984121960929,12.1519985198975,0.0740000000009031));
#3140=CARTESIAN_POINT('',(3.91984121960929,12.1519985198975,2.66500000000476));
#3141=CARTESIAN_POINT('',(6.10328972988856,13.6973714855535,2.66500000000476));
#3142=CARTESIAN_POINT('',(6.10328972988856,13.6973714855535,0.0740000000009031));
#3143=CARTESIAN_POINT('',(3.91984121960929,12.1519985198975,0.0740000000009031));
#3144=CARTESIAN_POINT('',(3.91984121960929,12.1519985198975,0.0740000000009031));
#3145=CARTESIAN_POINT('',(3.91984121960929,12.1519985198975,2.66500000000476));
#3146=CARTESIAN_POINT('',(3.91984121960929,12.1519985198975,2.66500000000476));
#3147=CARTESIAN_POINT('',(6.10328972988856,13.6973714855535,2.66500000000476));
#3148=CARTESIAN_POINT('',(6.10328972988856,13.6973714855535,2.66500000000476));
#3149=CARTESIAN_POINT('',(6.10328972988856,13.6973714855535,0.0740000000009031));
#3150=CARTESIAN_POINT('',(0.,0.,0.));
ENDSEC;
END-ISO-10303-21;
