ISO-10303-21;
HEADER;
/* Generated by software containing ST-Developer
 * from STEP Tools, Inc. (www.steptools.com) 
 */
/* OPTION: using custom schema-name function */

FILE_DESCRIPTION(
/* description */ (''),
/* implementation_level */ '2;1');

FILE_NAME(
/* name */ 'Owner-Occupier1_LOD3_STEP',
/* time_stamp */ '2026-04-18T22:46:06+02:00',
/* author */ (''),
/* organization */ (''),
/* preprocessor_version */ 'ST-DEVELOPER v19.2',
/* originating_system */ 'Rhino 8.29',
/* authorisation */ '');

FILE_SCHEMA (('AUTOMOTIVE_DESIGN'));
ENDSEC;

DATA;
#10=SHAPE_REPRESENTATION_RELATIONSHIP('','',#2308,#626);
#11=FACE_BOUND('',#864,.T.);
#12=FACE_BOUND('',#865,.T.);
#13=FACE_BOUND('',#866,.T.);
#14=FACE_BOUND('',#867,.T.);
#15=FACE_BOUND('',#868,.T.);
#16=FACE_BOUND('',#869,.T.);
#17=FACE_BOUND('',#888,.T.);
#18=FACE_BOUND('',#889,.T.);
#19=FACE_BOUND('',#890,.T.);
#20=FACE_BOUND('',#891,.T.);
#21=FACE_BOUND('',#893,.T.);
#22=FACE_BOUND('',#894,.T.);
#23=FACE_BOUND('',#896,.T.);
#24=COLOUR_RGB('',0.647058823529412,0.549019607843137,1.);
#25=COLOUR_RGB('',0.647058823529412,0.549019607843137,1.);
#26=COLOUR_RGB('',0.647058823529412,0.549019607843137,1.);
#27=COLOUR_RGB('',0.647058823529412,0.549019607843137,1.);
#28=COLOUR_RGB('',0.647058823529412,0.549019607843137,1.);
#29=COLOUR_RGB('',0.647058823529412,0.549019607843137,1.);
#30=COLOUR_RGB('',0.647058823529412,0.549019607843137,1.);
#31=COLOUR_RGB('',0.647058823529412,0.549019607843137,1.);
#32=COLOUR_RGB('',0.647058823529412,0.549019607843137,1.);
#33=COLOUR_RGB('',0.647058823529412,0.549019607843137,1.);
#34=COLOUR_RGB('',0.647058823529412,0.549019607843137,1.);
#35=COLOUR_RGB('',0.647058823529412,0.549019607843137,1.);
#36=COLOUR_RGB('',0.647058823529412,0.549019607843137,1.);
#37=COLOUR_RGB('',0.647058823529412,0.549019607843137,1.);
#38=COLOUR_RGB('',0.647058823529412,0.549019607843137,1.);
#39=COLOUR_RGB('',0.647058823529412,0.549019607843137,1.);
#40=COLOUR_RGB('',0.647058823529412,0.549019607843137,1.);
#41=COLOUR_RGB('',0.647058823529412,0.549019607843137,1.);
#42=COLOUR_RGB('',0.647058823529412,0.549019607843137,1.);
#43=COLOUR_RGB('',0.647058823529412,0.549019607843137,1.);
#44=COLOUR_RGB('',0.647058823529412,0.549019607843137,1.);
#45=COLOUR_RGB('',0.647058823529412,0.549019607843137,1.);
#46=COLOUR_RGB('',0.647058823529412,0.549019607843137,1.);
#47=COLOUR_RGB('',0.647058823529412,0.549019607843137,1.);
#48=COLOUR_RGB('',0.647058823529412,0.549019607843137,1.);
#49=COLOUR_RGB('',0.647058823529412,0.549019607843137,1.);
#50=COLOUR_RGB('',0.647058823529412,0.549019607843137,1.);
#51=COLOUR_RGB('',0.647058823529412,0.549019607843137,1.);
#52=COLOUR_RGB('',0.647058823529412,0.549019607843137,1.);
#53=COLOUR_RGB('',0.647058823529412,0.549019607843137,1.);
#54=COLOUR_RGB('',0.647058823529412,0.549019607843137,1.);
#55=COLOUR_RGB('',0.647058823529412,0.549019607843137,1.);
#56=COLOUR_RGB('',0.647058823529412,0.549019607843137,1.);
#57=COLOUR_RGB('',0.647058823529412,0.549019607843137,1.);
#58=COLOUR_RGB('',0.647058823529412,0.549019607843137,1.);
#59=COLOUR_RGB('',0.647058823529412,0.549019607843137,1.);
#60=COLOUR_RGB('',1.,0.,0.);
#61=COLOUR_RGB('',1.,0.,0.);
#62=COLOUR_RGB('',0.749019607843137,1.,0.749019607843137);
#63=COLOUR_RGB('',1.,0.,0.);
#64=COLOUR_RGB('',1.,0.,0.);
#65=COLOUR_RGB('',1.,0.,0.);
#66=COLOUR_RGB('',1.,0.,0.);
#67=COLOUR_RGB('',1.,0.,0.);
#68=COLOUR_RGB('',1.,0.,0.);
#69=COLOUR_RGB('',0.,0.,1.);
#70=COLOUR_RGB('',0.,0.,1.);
#71=COLOUR_RGB('',0.,0.,1.);
#72=COLOUR_RGB('',0.,0.,1.);
#73=COLOUR_RGB('',0.,0.,1.);
#74=COLOUR_RGB('',1.,1.,0.);
#75=COLOUR_RGB('',1.,1.,0.);
#76=COLOUR_RGB('',0.,1.,1.);
#77=COLOUR_RGB('',0.,1.,1.);
#78=COLOUR_RGB('',0.,1.,1.);
#79=COLOUR_RGB('',0.,1.,1.);
#80=COLOUR_RGB('',0.749019607843137,1.,0.749019607843137);
#81=COLOUR_RGB('',0.749019607843137,1.,0.749019607843137);
#82=COLOUR_RGB('',0.749019607843137,1.,0.749019607843137);
#83=COLOUR_RGB('',0.247058823529412,0.749019607843137,0.749019607843137);
#84=COLOUR_RGB('',1.,1.,0.);
#85=COLOUR_RGB('',1.,1.,0.);
#86=COLOUR_RGB('',1.,1.,0.);
#87=COLOUR_RGB('',1.,1.,0.);
#88=COLOUR_RGB('',1.,1.,0.);
#89=COLOUR_RGB('',1.,1.,0.);
#90=FILL_AREA_STYLE_COLOUR('',#24);
#91=FILL_AREA_STYLE_COLOUR('',#25);
#92=FILL_AREA_STYLE_COLOUR('',#26);
#93=FILL_AREA_STYLE_COLOUR('',#27);
#94=FILL_AREA_STYLE_COLOUR('',#28);
#95=FILL_AREA_STYLE_COLOUR('',#29);
#96=FILL_AREA_STYLE_COLOUR('',#30);
#97=FILL_AREA_STYLE_COLOUR('',#31);
#98=FILL_AREA_STYLE_COLOUR('',#32);
#99=FILL_AREA_STYLE_COLOUR('',#33);
#100=FILL_AREA_STYLE_COLOUR('',#34);
#101=FILL_AREA_STYLE_COLOUR('',#35);
#102=FILL_AREA_STYLE_COLOUR('',#36);
#103=FILL_AREA_STYLE_COLOUR('',#37);
#104=FILL_AREA_STYLE_COLOUR('',#38);
#105=FILL_AREA_STYLE_COLOUR('',#39);
#106=FILL_AREA_STYLE_COLOUR('',#40);
#107=FILL_AREA_STYLE_COLOUR('',#41);
#108=FILL_AREA_STYLE_COLOUR('',#42);
#109=FILL_AREA_STYLE_COLOUR('',#43);
#110=FILL_AREA_STYLE_COLOUR('',#44);
#111=FILL_AREA_STYLE_COLOUR('',#45);
#112=FILL_AREA_STYLE_COLOUR('',#46);
#113=FILL_AREA_STYLE_COLOUR('',#47);
#114=FILL_AREA_STYLE_COLOUR('',#48);
#115=FILL_AREA_STYLE_COLOUR('',#49);
#116=FILL_AREA_STYLE_COLOUR('',#50);
#117=FILL_AREA_STYLE_COLOUR('',#51);
#118=FILL_AREA_STYLE_COLOUR('',#52);
#119=FILL_AREA_STYLE_COLOUR('',#53);
#120=FILL_AREA_STYLE_COLOUR('',#54);
#121=FILL_AREA_STYLE_COLOUR('',#55);
#122=FILL_AREA_STYLE_COLOUR('',#56);
#123=FILL_AREA_STYLE_COLOUR('',#57);
#124=FILL_AREA_STYLE_COLOUR('',#58);
#125=FILL_AREA_STYLE_COLOUR('',#59);
#126=FILL_AREA_STYLE_COLOUR('',#60);
#127=FILL_AREA_STYLE_COLOUR('',#61);
#128=FILL_AREA_STYLE_COLOUR('',#62);
#129=FILL_AREA_STYLE_COLOUR('',#63);
#130=FILL_AREA_STYLE_COLOUR('',#64);
#131=FILL_AREA_STYLE_COLOUR('',#65);
#132=FILL_AREA_STYLE_COLOUR('',#66);
#133=FILL_AREA_STYLE_COLOUR('',#67);
#134=FILL_AREA_STYLE_COLOUR('',#68);
#135=FILL_AREA_STYLE_COLOUR('',#69);
#136=FILL_AREA_STYLE_COLOUR('',#70);
#137=FILL_AREA_STYLE_COLOUR('',#71);
#138=FILL_AREA_STYLE_COLOUR('',#72);
#139=FILL_AREA_STYLE_COLOUR('',#73);
#140=FILL_AREA_STYLE_COLOUR('',#74);
#141=FILL_AREA_STYLE_COLOUR('',#75);
#142=FILL_AREA_STYLE_COLOUR('',#76);
#143=FILL_AREA_STYLE_COLOUR('',#77);
#144=FILL_AREA_STYLE_COLOUR('',#78);
#145=FILL_AREA_STYLE_COLOUR('',#79);
#146=FILL_AREA_STYLE_COLOUR('',#80);
#147=FILL_AREA_STYLE_COLOUR('',#81);
#148=FILL_AREA_STYLE_COLOUR('',#82);
#149=FILL_AREA_STYLE_COLOUR('',#83);
#150=FILL_AREA_STYLE_COLOUR('',#84);
#151=FILL_AREA_STYLE_COLOUR('',#85);
#152=FILL_AREA_STYLE_COLOUR('',#86);
#153=FILL_AREA_STYLE_COLOUR('',#87);
#154=FILL_AREA_STYLE_COLOUR('',#88);
#155=FILL_AREA_STYLE_COLOUR('',#89);
#156=FILL_AREA_STYLE('',(#90));
#157=FILL_AREA_STYLE('',(#91));
#158=FILL_AREA_STYLE('',(#92));
#159=FILL_AREA_STYLE('',(#93));
#160=FILL_AREA_STYLE('',(#94));
#161=FILL_AREA_STYLE('',(#95));
#162=FILL_AREA_STYLE('',(#96));
#163=FILL_AREA_STYLE('',(#97));
#164=FILL_AREA_STYLE('',(#98));
#165=FILL_AREA_STYLE('',(#99));
#166=FILL_AREA_STYLE('',(#100));
#167=FILL_AREA_STYLE('',(#101));
#168=FILL_AREA_STYLE('',(#102));
#169=FILL_AREA_STYLE('',(#103));
#170=FILL_AREA_STYLE('',(#104));
#171=FILL_AREA_STYLE('',(#105));
#172=FILL_AREA_STYLE('',(#106));
#173=FILL_AREA_STYLE('',(#107));
#174=FILL_AREA_STYLE('',(#108));
#175=FILL_AREA_STYLE('',(#109));
#176=FILL_AREA_STYLE('',(#110));
#177=FILL_AREA_STYLE('',(#111));
#178=FILL_AREA_STYLE('',(#112));
#179=FILL_AREA_STYLE('',(#113));
#180=FILL_AREA_STYLE('',(#114));
#181=FILL_AREA_STYLE('',(#115));
#182=FILL_AREA_STYLE('',(#116));
#183=FILL_AREA_STYLE('',(#117));
#184=FILL_AREA_STYLE('',(#118));
#185=FILL_AREA_STYLE('',(#119));
#186=FILL_AREA_STYLE('',(#120));
#187=FILL_AREA_STYLE('',(#121));
#188=FILL_AREA_STYLE('',(#122));
#189=FILL_AREA_STYLE('',(#123));
#190=FILL_AREA_STYLE('',(#124));
#191=FILL_AREA_STYLE('',(#125));
#192=FILL_AREA_STYLE('',(#126));
#193=FILL_AREA_STYLE('',(#127));
#194=FILL_AREA_STYLE('',(#128));
#195=FILL_AREA_STYLE('',(#129));
#196=FILL_AREA_STYLE('',(#130));
#197=FILL_AREA_STYLE('',(#131));
#198=FILL_AREA_STYLE('',(#132));
#199=FILL_AREA_STYLE('',(#133));
#200=FILL_AREA_STYLE('',(#134));
#201=FILL_AREA_STYLE('',(#135));
#202=FILL_AREA_STYLE('',(#136));
#203=FILL_AREA_STYLE('',(#137));
#204=FILL_AREA_STYLE('',(#138));
#205=FILL_AREA_STYLE('',(#139));
#206=FILL_AREA_STYLE('',(#140));
#207=FILL_AREA_STYLE('',(#141));
#208=FILL_AREA_STYLE('',(#142));
#209=FILL_AREA_STYLE('',(#143));
#210=FILL_AREA_STYLE('',(#144));
#211=FILL_AREA_STYLE('',(#145));
#212=FILL_AREA_STYLE('',(#146));
#213=FILL_AREA_STYLE('',(#147));
#214=FILL_AREA_STYLE('',(#148));
#215=FILL_AREA_STYLE('',(#149));
#216=FILL_AREA_STYLE('',(#150));
#217=FILL_AREA_STYLE('',(#151));
#218=FILL_AREA_STYLE('',(#152));
#219=FILL_AREA_STYLE('',(#153));
#220=FILL_AREA_STYLE('',(#154));
#221=FILL_AREA_STYLE('',(#155));
#222=SURFACE_STYLE_FILL_AREA(#156);
#223=SURFACE_STYLE_FILL_AREA(#157);
#224=SURFACE_STYLE_FILL_AREA(#158);
#225=SURFACE_STYLE_FILL_AREA(#159);
#226=SURFACE_STYLE_FILL_AREA(#160);
#227=SURFACE_STYLE_FILL_AREA(#161);
#228=SURFACE_STYLE_FILL_AREA(#162);
#229=SURFACE_STYLE_FILL_AREA(#163);
#230=SURFACE_STYLE_FILL_AREA(#164);
#231=SURFACE_STYLE_FILL_AREA(#165);
#232=SURFACE_STYLE_FILL_AREA(#166);
#233=SURFACE_STYLE_FILL_AREA(#167);
#234=SURFACE_STYLE_FILL_AREA(#168);
#235=SURFACE_STYLE_FILL_AREA(#169);
#236=SURFACE_STYLE_FILL_AREA(#170);
#237=SURFACE_STYLE_FILL_AREA(#171);
#238=SURFACE_STYLE_FILL_AREA(#172);
#239=SURFACE_STYLE_FILL_AREA(#173);
#240=SURFACE_STYLE_FILL_AREA(#174);
#241=SURFACE_STYLE_FILL_AREA(#175);
#242=SURFACE_STYLE_FILL_AREA(#176);
#243=SURFACE_STYLE_FILL_AREA(#177);
#244=SURFACE_STYLE_FILL_AREA(#178);
#245=SURFACE_STYLE_FILL_AREA(#179);
#246=SURFACE_STYLE_FILL_AREA(#180);
#247=SURFACE_STYLE_FILL_AREA(#181);
#248=SURFACE_STYLE_FILL_AREA(#182);
#249=SURFACE_STYLE_FILL_AREA(#183);
#250=SURFACE_STYLE_FILL_AREA(#184);
#251=SURFACE_STYLE_FILL_AREA(#185);
#252=SURFACE_STYLE_FILL_AREA(#186);
#253=SURFACE_STYLE_FILL_AREA(#187);
#254=SURFACE_STYLE_FILL_AREA(#188);
#255=SURFACE_STYLE_FILL_AREA(#189);
#256=SURFACE_STYLE_FILL_AREA(#190);
#257=SURFACE_STYLE_FILL_AREA(#191);
#258=SURFACE_STYLE_FILL_AREA(#192);
#259=SURFACE_STYLE_FILL_AREA(#193);
#260=SURFACE_STYLE_FILL_AREA(#194);
#261=SURFACE_STYLE_FILL_AREA(#195);
#262=SURFACE_STYLE_FILL_AREA(#196);
#263=SURFACE_STYLE_FILL_AREA(#197);
#264=SURFACE_STYLE_FILL_AREA(#198);
#265=SURFACE_STYLE_FILL_AREA(#199);
#266=SURFACE_STYLE_FILL_AREA(#200);
#267=SURFACE_STYLE_FILL_AREA(#201);
#268=SURFACE_STYLE_FILL_AREA(#202);
#269=SURFACE_STYLE_FILL_AREA(#203);
#270=SURFACE_STYLE_FILL_AREA(#204);
#271=SURFACE_STYLE_FILL_AREA(#205);
#272=SURFACE_STYLE_FILL_AREA(#206);
#273=SURFACE_STYLE_FILL_AREA(#207);
#274=SURFACE_STYLE_FILL_AREA(#208);
#275=SURFACE_STYLE_FILL_AREA(#209);
#276=SURFACE_STYLE_FILL_AREA(#210);
#277=SURFACE_STYLE_FILL_AREA(#211);
#278=SURFACE_STYLE_FILL_AREA(#212);
#279=SURFACE_STYLE_FILL_AREA(#213);
#280=SURFACE_STYLE_FILL_AREA(#214);
#281=SURFACE_STYLE_FILL_AREA(#215);
#282=SURFACE_STYLE_FILL_AREA(#216);
#283=SURFACE_STYLE_FILL_AREA(#217);
#284=SURFACE_STYLE_FILL_AREA(#218);
#285=SURFACE_STYLE_FILL_AREA(#219);
#286=SURFACE_STYLE_FILL_AREA(#220);
#287=SURFACE_STYLE_FILL_AREA(#221);
#288=SURFACE_SIDE_STYLE('SolarPanelSurface_31|parent=RoofSurface_02',(#222));
#289=SURFACE_SIDE_STYLE('SolarPanelSurface_32|parent=RoofSurface_02',(#223));
#290=SURFACE_SIDE_STYLE('SolarPanelSurface_33|parent=RoofSurface_02',(#224));
#291=SURFACE_SIDE_STYLE('SolarPanelSurface_34|parent=RoofSurface_02',(#225));
#292=SURFACE_SIDE_STYLE('SolarPanelSurface_35|parent=RoofSurface_02',(#226));
#293=SURFACE_SIDE_STYLE('SolarPanelSurface_36|parent=RoofSurface_02',(#227));
#294=SURFACE_SIDE_STYLE('SolarPanelSurface_25|parent=RoofSurface_02',(#228));
#295=SURFACE_SIDE_STYLE('SolarPanelSurface_26|parent=RoofSurface_02',(#229));
#296=SURFACE_SIDE_STYLE('SolarPanelSurface_27|parent=RoofSurface_02',(#230));
#297=SURFACE_SIDE_STYLE('SolarPanelSurface_28|parent=RoofSurface_02',(#231));
#298=SURFACE_SIDE_STYLE('SolarPanelSurface_29|parent=RoofSurface_02',(#232));
#299=SURFACE_SIDE_STYLE('SolarPanelSurface_30|parent=RoofSurface_02',(#233));
#300=SURFACE_SIDE_STYLE('SolarPanelSurface_19|parent=RoofSurface_02',(#234));
#301=SURFACE_SIDE_STYLE('SolarPanelSurface_20|parent=RoofSurface_02',(#235));
#302=SURFACE_SIDE_STYLE('SolarPanelSurface_21|parent=RoofSurface_02',(#236));
#303=SURFACE_SIDE_STYLE('SolarPanelSurface_22|parent=RoofSurface_02',(#237));
#304=SURFACE_SIDE_STYLE('SolarPanelSurface_23|parent=RoofSurface_02',(#238));
#305=SURFACE_SIDE_STYLE('SolarPanelSurface_24|parent=RoofSurface_02',(#239));
#306=SURFACE_SIDE_STYLE('SolarPanelSurface_13|parent=RoofSurface_02',(#240));
#307=SURFACE_SIDE_STYLE('SolarPanelSurface_14|parent=RoofSurface_02',(#241));
#308=SURFACE_SIDE_STYLE('SolarPanelSurface_15|parent=RoofSurface_02',(#242));
#309=SURFACE_SIDE_STYLE('SolarPanelSurface_16|parent=RoofSurface_02',(#243));
#310=SURFACE_SIDE_STYLE('SolarPanelSurface_17|parent=RoofSurface_02',(#244));
#311=SURFACE_SIDE_STYLE('SolarPanelSurface_18|parent=RoofSurface_02',(#245));
#312=SURFACE_SIDE_STYLE('SolarPanelSurface_07|parent=RoofSurface_02',(#246));
#313=SURFACE_SIDE_STYLE('SolarPanelSurface_08|parent=RoofSurface_02',(#247));
#314=SURFACE_SIDE_STYLE('SolarPanelSurface_09|parent=RoofSurface_02',(#248));
#315=SURFACE_SIDE_STYLE('SolarPanelSurface_10|parent=RoofSurface_02',(#249));
#316=SURFACE_SIDE_STYLE('SolarPanelSurface_11|parent=RoofSurface_02',(#250));
#317=SURFACE_SIDE_STYLE('SolarPanelSurface_12|parent=RoofSurface_02',(#251));
#318=SURFACE_SIDE_STYLE('SolarPanelSurface_01|parent=RoofSurface_02',(#252));
#319=SURFACE_SIDE_STYLE('SolarPanelSurface_02|parent=RoofSurface_02',(#253));
#320=SURFACE_SIDE_STYLE('SolarPanelSurface_03|parent=RoofSurface_02',(#254));
#321=SURFACE_SIDE_STYLE('SolarPanelSurface_04|parent=RoofSurface_02',(#255));
#322=SURFACE_SIDE_STYLE('SolarPanelSurface_05|parent=RoofSurface_02',(#256));
#323=SURFACE_SIDE_STYLE('SolarPanelSurface_06|parent=RoofSurface_02',(#257));
#324=SURFACE_SIDE_STYLE('RoofSurface_04',(#258));
#325=SURFACE_SIDE_STYLE('RoofSurface_05',(#259));
#326=SURFACE_SIDE_STYLE('WallSurface_04',(#260));
#327=SURFACE_SIDE_STYLE('RoofSurface_06',(#261));
#328=SURFACE_SIDE_STYLE('RoofSurface_02',(#262));
#329=SURFACE_SIDE_STYLE('RoofSurface_01',(#263));
#330=SURFACE_SIDE_STYLE('RoofSurface_07',(#264));
#331=SURFACE_SIDE_STYLE('RoofSurface_08',(#265));
#332=SURFACE_SIDE_STYLE('RoofSurface_03',(#266));
#333=SURFACE_SIDE_STYLE('Door_04|parent=WallSurface_02',(#267));
#334=SURFACE_SIDE_STYLE('Door_05|parent=WallSurface_02',(#268));
#335=SURFACE_SIDE_STYLE('Door_03|parent=WallSurface_03',(#269));
#336=SURFACE_SIDE_STYLE('Door_02|parent=WallSurface_03',(#270));
#337=SURFACE_SIDE_STYLE('Door_01|parent=WallSurface_01',(#271));
#338=SURFACE_SIDE_STYLE('Window_06|parent=WallSurface_04',(#272));
#339=SURFACE_SIDE_STYLE('Window_01|parent=WallSurface_04',(#273));
#340=SURFACE_SIDE_STYLE('WallSurface_06',(#274));
#341=SURFACE_SIDE_STYLE('WallSurface_05',(#275));
#342=SURFACE_SIDE_STYLE('WallSurface_08',(#276));
#343=SURFACE_SIDE_STYLE('WallSurface_07',(#277));
#344=SURFACE_SIDE_STYLE('WallSurface_02',(#278));
#345=SURFACE_SIDE_STYLE('WallSurface_03',(#279));
#346=SURFACE_SIDE_STYLE('WallSurface_01',(#280));
#347=SURFACE_SIDE_STYLE('GroundSurface_01',(#281));
#348=SURFACE_SIDE_STYLE('Window_05|parent=WallSurface_04',(#282));
#349=SURFACE_SIDE_STYLE('Window_04|parent=WallSurface_04',(#283));
#350=SURFACE_SIDE_STYLE('Window_03|parent=WallSurface_04',(#284));
#351=SURFACE_SIDE_STYLE('Window_02|parent=WallSurface_04',(#285));
#352=SURFACE_SIDE_STYLE('Window_08|parent=WallSurface_02',(#286));
#353=SURFACE_SIDE_STYLE('Window_07|parent=WallSurface_02',(#287));
#354=SURFACE_STYLE_USAGE(.BOTH.,#288);
#355=SURFACE_STYLE_USAGE(.BOTH.,#289);
#356=SURFACE_STYLE_USAGE(.BOTH.,#290);
#357=SURFACE_STYLE_USAGE(.BOTH.,#291);
#358=SURFACE_STYLE_USAGE(.BOTH.,#292);
#359=SURFACE_STYLE_USAGE(.BOTH.,#293);
#360=SURFACE_STYLE_USAGE(.BOTH.,#294);
#361=SURFACE_STYLE_USAGE(.BOTH.,#295);
#362=SURFACE_STYLE_USAGE(.BOTH.,#296);
#363=SURFACE_STYLE_USAGE(.BOTH.,#297);
#364=SURFACE_STYLE_USAGE(.BOTH.,#298);
#365=SURFACE_STYLE_USAGE(.BOTH.,#299);
#366=SURFACE_STYLE_USAGE(.BOTH.,#300);
#367=SURFACE_STYLE_USAGE(.BOTH.,#301);
#368=SURFACE_STYLE_USAGE(.BOTH.,#302);
#369=SURFACE_STYLE_USAGE(.BOTH.,#303);
#370=SURFACE_STYLE_USAGE(.BOTH.,#304);
#371=SURFACE_STYLE_USAGE(.BOTH.,#305);
#372=SURFACE_STYLE_USAGE(.BOTH.,#306);
#373=SURFACE_STYLE_USAGE(.BOTH.,#307);
#374=SURFACE_STYLE_USAGE(.BOTH.,#308);
#375=SURFACE_STYLE_USAGE(.BOTH.,#309);
#376=SURFACE_STYLE_USAGE(.BOTH.,#310);
#377=SURFACE_STYLE_USAGE(.BOTH.,#311);
#378=SURFACE_STYLE_USAGE(.BOTH.,#312);
#379=SURFACE_STYLE_USAGE(.BOTH.,#313);
#380=SURFACE_STYLE_USAGE(.BOTH.,#314);
#381=SURFACE_STYLE_USAGE(.BOTH.,#315);
#382=SURFACE_STYLE_USAGE(.BOTH.,#316);
#383=SURFACE_STYLE_USAGE(.BOTH.,#317);
#384=SURFACE_STYLE_USAGE(.BOTH.,#318);
#385=SURFACE_STYLE_USAGE(.BOTH.,#319);
#386=SURFACE_STYLE_USAGE(.BOTH.,#320);
#387=SURFACE_STYLE_USAGE(.BOTH.,#321);
#388=SURFACE_STYLE_USAGE(.BOTH.,#322);
#389=SURFACE_STYLE_USAGE(.BOTH.,#323);
#390=SURFACE_STYLE_USAGE(.BOTH.,#324);
#391=SURFACE_STYLE_USAGE(.BOTH.,#325);
#392=SURFACE_STYLE_USAGE(.BOTH.,#326);
#393=SURFACE_STYLE_USAGE(.BOTH.,#327);
#394=SURFACE_STYLE_USAGE(.BOTH.,#328);
#395=SURFACE_STYLE_USAGE(.BOTH.,#329);
#396=SURFACE_STYLE_USAGE(.BOTH.,#330);
#397=SURFACE_STYLE_USAGE(.BOTH.,#331);
#398=SURFACE_STYLE_USAGE(.BOTH.,#332);
#399=SURFACE_STYLE_USAGE(.BOTH.,#333);
#400=SURFACE_STYLE_USAGE(.BOTH.,#334);
#401=SURFACE_STYLE_USAGE(.BOTH.,#335);
#402=SURFACE_STYLE_USAGE(.BOTH.,#336);
#403=SURFACE_STYLE_USAGE(.BOTH.,#337);
#404=SURFACE_STYLE_USAGE(.BOTH.,#338);
#405=SURFACE_STYLE_USAGE(.BOTH.,#339);
#406=SURFACE_STYLE_USAGE(.BOTH.,#340);
#407=SURFACE_STYLE_USAGE(.BOTH.,#341);
#408=SURFACE_STYLE_USAGE(.BOTH.,#342);
#409=SURFACE_STYLE_USAGE(.BOTH.,#343);
#410=SURFACE_STYLE_USAGE(.BOTH.,#344);
#411=SURFACE_STYLE_USAGE(.BOTH.,#345);
#412=SURFACE_STYLE_USAGE(.BOTH.,#346);
#413=SURFACE_STYLE_USAGE(.BOTH.,#347);
#414=SURFACE_STYLE_USAGE(.BOTH.,#348);
#415=SURFACE_STYLE_USAGE(.BOTH.,#349);
#416=SURFACE_STYLE_USAGE(.BOTH.,#350);
#417=SURFACE_STYLE_USAGE(.BOTH.,#351);
#418=SURFACE_STYLE_USAGE(.BOTH.,#352);
#419=SURFACE_STYLE_USAGE(.BOTH.,#353);
#420=MECHANICAL_DESIGN_GEOMETRIC_PRESENTATION_REPRESENTATION('',(#487,#488,
#489,#490,#491,#492,#493,#494,#495,#496,#497,#498,#499,#500,#501,#502,#503,
#504,#505,#506,#507,#508,#509,#510,#511,#512,#513,#514,#515,#516,#517,#518,
#519,#520,#521,#522,#523,#524,#525,#526,#527,#528,#529,#530,#531,#532,#533,
#534,#535,#536,#537,#538,#539,#540,#541,#542,#543,#544,#545,#546,#547,#548,
#549,#550,#551,#552),#2307);
#421=PRESENTATION_STYLE_ASSIGNMENT((#354));
#422=PRESENTATION_STYLE_ASSIGNMENT((#355));
#423=PRESENTATION_STYLE_ASSIGNMENT((#356));
#424=PRESENTATION_STYLE_ASSIGNMENT((#357));
#425=PRESENTATION_STYLE_ASSIGNMENT((#358));
#426=PRESENTATION_STYLE_ASSIGNMENT((#359));
#427=PRESENTATION_STYLE_ASSIGNMENT((#360));
#428=PRESENTATION_STYLE_ASSIGNMENT((#361));
#429=PRESENTATION_STYLE_ASSIGNMENT((#362));
#430=PRESENTATION_STYLE_ASSIGNMENT((#363));
#431=PRESENTATION_STYLE_ASSIGNMENT((#364));
#432=PRESENTATION_STYLE_ASSIGNMENT((#365));
#433=PRESENTATION_STYLE_ASSIGNMENT((#366));
#434=PRESENTATION_STYLE_ASSIGNMENT((#367));
#435=PRESENTATION_STYLE_ASSIGNMENT((#368));
#436=PRESENTATION_STYLE_ASSIGNMENT((#369));
#437=PRESENTATION_STYLE_ASSIGNMENT((#370));
#438=PRESENTATION_STYLE_ASSIGNMENT((#371));
#439=PRESENTATION_STYLE_ASSIGNMENT((#372));
#440=PRESENTATION_STYLE_ASSIGNMENT((#373));
#441=PRESENTATION_STYLE_ASSIGNMENT((#374));
#442=PRESENTATION_STYLE_ASSIGNMENT((#375));
#443=PRESENTATION_STYLE_ASSIGNMENT((#376));
#444=PRESENTATION_STYLE_ASSIGNMENT((#377));
#445=PRESENTATION_STYLE_ASSIGNMENT((#378));
#446=PRESENTATION_STYLE_ASSIGNMENT((#379));
#447=PRESENTATION_STYLE_ASSIGNMENT((#380));
#448=PRESENTATION_STYLE_ASSIGNMENT((#381));
#449=PRESENTATION_STYLE_ASSIGNMENT((#382));
#450=PRESENTATION_STYLE_ASSIGNMENT((#383));
#451=PRESENTATION_STYLE_ASSIGNMENT((#384));
#452=PRESENTATION_STYLE_ASSIGNMENT((#385));
#453=PRESENTATION_STYLE_ASSIGNMENT((#386));
#454=PRESENTATION_STYLE_ASSIGNMENT((#387));
#455=PRESENTATION_STYLE_ASSIGNMENT((#388));
#456=PRESENTATION_STYLE_ASSIGNMENT((#389));
#457=PRESENTATION_STYLE_ASSIGNMENT((#390));
#458=PRESENTATION_STYLE_ASSIGNMENT((#391));
#459=PRESENTATION_STYLE_ASSIGNMENT((#392));
#460=PRESENTATION_STYLE_ASSIGNMENT((#393));
#461=PRESENTATION_STYLE_ASSIGNMENT((#394));
#462=PRESENTATION_STYLE_ASSIGNMENT((#395));
#463=PRESENTATION_STYLE_ASSIGNMENT((#396));
#464=PRESENTATION_STYLE_ASSIGNMENT((#397));
#465=PRESENTATION_STYLE_ASSIGNMENT((#398));
#466=PRESENTATION_STYLE_ASSIGNMENT((#399));
#467=PRESENTATION_STYLE_ASSIGNMENT((#400));
#468=PRESENTATION_STYLE_ASSIGNMENT((#401));
#469=PRESENTATION_STYLE_ASSIGNMENT((#402));
#470=PRESENTATION_STYLE_ASSIGNMENT((#403));
#471=PRESENTATION_STYLE_ASSIGNMENT((#404));
#472=PRESENTATION_STYLE_ASSIGNMENT((#405));
#473=PRESENTATION_STYLE_ASSIGNMENT((#406));
#474=PRESENTATION_STYLE_ASSIGNMENT((#407));
#475=PRESENTATION_STYLE_ASSIGNMENT((#408));
#476=PRESENTATION_STYLE_ASSIGNMENT((#409));
#477=PRESENTATION_STYLE_ASSIGNMENT((#410));
#478=PRESENTATION_STYLE_ASSIGNMENT((#411));
#479=PRESENTATION_STYLE_ASSIGNMENT((#412));
#480=PRESENTATION_STYLE_ASSIGNMENT((#413));
#481=PRESENTATION_STYLE_ASSIGNMENT((#414));
#482=PRESENTATION_STYLE_ASSIGNMENT((#415));
#483=PRESENTATION_STYLE_ASSIGNMENT((#416));
#484=PRESENTATION_STYLE_ASSIGNMENT((#417));
#485=PRESENTATION_STYLE_ASSIGNMENT((#418));
#486=PRESENTATION_STYLE_ASSIGNMENT((#419));
#487=STYLED_ITEM('',(#421),#560);
#488=STYLED_ITEM('',(#422),#561);
#489=STYLED_ITEM('',(#423),#562);
#490=STYLED_ITEM('',(#424),#563);
#491=STYLED_ITEM('',(#425),#564);
#492=STYLED_ITEM('',(#426),#565);
#493=STYLED_ITEM('',(#427),#566);
#494=STYLED_ITEM('',(#428),#567);
#495=STYLED_ITEM('',(#429),#568);
#496=STYLED_ITEM('',(#430),#569);
#497=STYLED_ITEM('',(#431),#570);
#498=STYLED_ITEM('',(#432),#571);
#499=STYLED_ITEM('',(#433),#572);
#500=STYLED_ITEM('',(#434),#573);
#501=STYLED_ITEM('',(#435),#574);
#502=STYLED_ITEM('',(#436),#575);
#503=STYLED_ITEM('',(#437),#576);
#504=STYLED_ITEM('',(#438),#577);
#505=STYLED_ITEM('',(#439),#578);
#506=STYLED_ITEM('',(#440),#579);
#507=STYLED_ITEM('',(#441),#580);
#508=STYLED_ITEM('',(#442),#581);
#509=STYLED_ITEM('',(#443),#582);
#510=STYLED_ITEM('',(#444),#583);
#511=STYLED_ITEM('',(#445),#584);
#512=STYLED_ITEM('',(#446),#585);
#513=STYLED_ITEM('',(#447),#586);
#514=STYLED_ITEM('',(#448),#587);
#515=STYLED_ITEM('',(#449),#588);
#516=STYLED_ITEM('',(#450),#589);
#517=STYLED_ITEM('',(#451),#590);
#518=STYLED_ITEM('',(#452),#591);
#519=STYLED_ITEM('',(#453),#592);
#520=STYLED_ITEM('',(#454),#593);
#521=STYLED_ITEM('',(#455),#594);
#522=STYLED_ITEM('',(#456),#595);
#523=STYLED_ITEM('',(#457),#596);
#524=STYLED_ITEM('',(#458),#597);
#525=STYLED_ITEM('',(#459),#598);
#526=STYLED_ITEM('',(#460),#599);
#527=STYLED_ITEM('',(#461),#600);
#528=STYLED_ITEM('',(#462),#601);
#529=STYLED_ITEM('',(#463),#602);
#530=STYLED_ITEM('',(#464),#603);
#531=STYLED_ITEM('',(#465),#604);
#532=STYLED_ITEM('',(#466),#605);
#533=STYLED_ITEM('',(#467),#606);
#534=STYLED_ITEM('',(#468),#607);
#535=STYLED_ITEM('',(#469),#608);
#536=STYLED_ITEM('',(#470),#609);
#537=STYLED_ITEM('',(#471),#610);
#538=STYLED_ITEM('',(#472),#611);
#539=STYLED_ITEM('',(#473),#612);
#540=STYLED_ITEM('',(#474),#613);
#541=STYLED_ITEM('',(#475),#614);
#542=STYLED_ITEM('',(#476),#615);
#543=STYLED_ITEM('',(#477),#616);
#544=STYLED_ITEM('',(#478),#617);
#545=STYLED_ITEM('',(#479),#618);
#546=STYLED_ITEM('',(#480),#619);
#547=STYLED_ITEM('',(#481),#620);
#548=STYLED_ITEM('',(#482),#621);
#549=STYLED_ITEM('',(#483),#622);
#550=STYLED_ITEM('',(#484),#623);
#551=STYLED_ITEM('',(#485),#624);
#552=STYLED_ITEM('',(#486),#625);
#553=PRESENTATION_LAYER_ASSIGNMENT('bldg_Lod3_PVPanelSurface','',(#560,
#561,#562,#563,#564,#565,#566,#567,#568,#569,#570,#571,#572,#573,#574,#575,
#576,#577,#578,#579,#580,#581,#582,#583,#584,#585,#586,#587,#588,#589,#590,
#591,#592,#593,#594,#595));
#554=PRESENTATION_LAYER_ASSIGNMENT('bldg_lod3_RoofSurface','',(#596,#597,
#599,#600,#601,#602,#603,#604));
#555=PRESENTATION_LAYER_ASSIGNMENT('bldg_lod3_WallSurface','',(#598,#616,
#617,#618));
#556=PRESENTATION_LAYER_ASSIGNMENT('bldg_lod3_Door','',(#605,#606,#607,
#608,#609));
#557=PRESENTATION_LAYER_ASSIGNMENT('bldg_lod3_Window','',(#610,#611,#620,
#621,#622,#623,#624,#625));
#558=PRESENTATION_LAYER_ASSIGNMENT('bldg_lod3_UndergroundWallSurface',
'',(#612,#613,#614,#615));
#559=PRESENTATION_LAYER_ASSIGNMENT('bldg_lod3_GroundSurface','',(#619));
#560=SHELL_BASED_SURFACE_MODEL(
'SolarPanelSurface_31|parent=RoofSurface_02',(#627));
#561=SHELL_BASED_SURFACE_MODEL(
'SolarPanelSurface_32|parent=RoofSurface_02',(#628));
#562=SHELL_BASED_SURFACE_MODEL(
'SolarPanelSurface_33|parent=RoofSurface_02',(#629));
#563=SHELL_BASED_SURFACE_MODEL(
'SolarPanelSurface_34|parent=RoofSurface_02',(#630));
#564=SHELL_BASED_SURFACE_MODEL(
'SolarPanelSurface_35|parent=RoofSurface_02',(#631));
#565=SHELL_BASED_SURFACE_MODEL(
'SolarPanelSurface_36|parent=RoofSurface_02',(#632));
#566=SHELL_BASED_SURFACE_MODEL(
'SolarPanelSurface_25|parent=RoofSurface_02',(#633));
#567=SHELL_BASED_SURFACE_MODEL(
'SolarPanelSurface_26|parent=RoofSurface_02',(#634));
#568=SHELL_BASED_SURFACE_MODEL(
'SolarPanelSurface_27|parent=RoofSurface_02',(#635));
#569=SHELL_BASED_SURFACE_MODEL(
'SolarPanelSurface_28|parent=RoofSurface_02',(#636));
#570=SHELL_BASED_SURFACE_MODEL(
'SolarPanelSurface_29|parent=RoofSurface_02',(#637));
#571=SHELL_BASED_SURFACE_MODEL(
'SolarPanelSurface_30|parent=RoofSurface_02',(#638));
#572=SHELL_BASED_SURFACE_MODEL(
'SolarPanelSurface_19|parent=RoofSurface_02',(#639));
#573=SHELL_BASED_SURFACE_MODEL(
'SolarPanelSurface_20|parent=RoofSurface_02',(#640));
#574=SHELL_BASED_SURFACE_MODEL(
'SolarPanelSurface_21|parent=RoofSurface_02',(#641));
#575=SHELL_BASED_SURFACE_MODEL(
'SolarPanelSurface_22|parent=RoofSurface_02',(#642));
#576=SHELL_BASED_SURFACE_MODEL(
'SolarPanelSurface_23|parent=RoofSurface_02',(#643));
#577=SHELL_BASED_SURFACE_MODEL(
'SolarPanelSurface_24|parent=RoofSurface_02',(#644));
#578=SHELL_BASED_SURFACE_MODEL(
'SolarPanelSurface_13|parent=RoofSurface_02',(#645));
#579=SHELL_BASED_SURFACE_MODEL(
'SolarPanelSurface_14|parent=RoofSurface_02',(#646));
#580=SHELL_BASED_SURFACE_MODEL(
'SolarPanelSurface_15|parent=RoofSurface_02',(#647));
#581=SHELL_BASED_SURFACE_MODEL(
'SolarPanelSurface_16|parent=RoofSurface_02',(#648));
#582=SHELL_BASED_SURFACE_MODEL(
'SolarPanelSurface_17|parent=RoofSurface_02',(#649));
#583=SHELL_BASED_SURFACE_MODEL(
'SolarPanelSurface_18|parent=RoofSurface_02',(#650));
#584=SHELL_BASED_SURFACE_MODEL(
'SolarPanelSurface_07|parent=RoofSurface_02',(#651));
#585=SHELL_BASED_SURFACE_MODEL(
'SolarPanelSurface_08|parent=RoofSurface_02',(#652));
#586=SHELL_BASED_SURFACE_MODEL(
'SolarPanelSurface_09|parent=RoofSurface_02',(#653));
#587=SHELL_BASED_SURFACE_MODEL(
'SolarPanelSurface_10|parent=RoofSurface_02',(#654));
#588=SHELL_BASED_SURFACE_MODEL(
'SolarPanelSurface_11|parent=RoofSurface_02',(#655));
#589=SHELL_BASED_SURFACE_MODEL(
'SolarPanelSurface_12|parent=RoofSurface_02',(#656));
#590=SHELL_BASED_SURFACE_MODEL(
'SolarPanelSurface_01|parent=RoofSurface_02',(#657));
#591=SHELL_BASED_SURFACE_MODEL(
'SolarPanelSurface_02|parent=RoofSurface_02',(#658));
#592=SHELL_BASED_SURFACE_MODEL(
'SolarPanelSurface_03|parent=RoofSurface_02',(#659));
#593=SHELL_BASED_SURFACE_MODEL(
'SolarPanelSurface_04|parent=RoofSurface_02',(#660));
#594=SHELL_BASED_SURFACE_MODEL(
'SolarPanelSurface_05|parent=RoofSurface_02',(#661));
#595=SHELL_BASED_SURFACE_MODEL(
'SolarPanelSurface_06|parent=RoofSurface_02',(#662));
#596=SHELL_BASED_SURFACE_MODEL('RoofSurface_04',(#663));
#597=SHELL_BASED_SURFACE_MODEL('RoofSurface_05',(#664));
#598=SHELL_BASED_SURFACE_MODEL('WallSurface_04',(#665));
#599=SHELL_BASED_SURFACE_MODEL('RoofSurface_06',(#666));
#600=SHELL_BASED_SURFACE_MODEL('RoofSurface_02',(#667));
#601=SHELL_BASED_SURFACE_MODEL('RoofSurface_01',(#668));
#602=SHELL_BASED_SURFACE_MODEL('RoofSurface_07',(#669));
#603=SHELL_BASED_SURFACE_MODEL('RoofSurface_08',(#670));
#604=SHELL_BASED_SURFACE_MODEL('RoofSurface_03',(#671));
#605=SHELL_BASED_SURFACE_MODEL('Door_04|parent=WallSurface_02',(#672));
#606=SHELL_BASED_SURFACE_MODEL('Door_05|parent=WallSurface_02',(#673));
#607=SHELL_BASED_SURFACE_MODEL('Door_03|parent=WallSurface_03',(#674));
#608=SHELL_BASED_SURFACE_MODEL('Door_02|parent=WallSurface_03',(#675));
#609=SHELL_BASED_SURFACE_MODEL('Door_01|parent=WallSurface_01',(#676));
#610=SHELL_BASED_SURFACE_MODEL('Window_06|parent=WallSurface_04',(#677));
#611=SHELL_BASED_SURFACE_MODEL('Window_01|parent=WallSurface_04',(#678));
#612=SHELL_BASED_SURFACE_MODEL('WallSurface_06',(#679));
#613=SHELL_BASED_SURFACE_MODEL('WallSurface_05',(#680));
#614=SHELL_BASED_SURFACE_MODEL('WallSurface_08',(#681));
#615=SHELL_BASED_SURFACE_MODEL('WallSurface_07',(#682));
#616=SHELL_BASED_SURFACE_MODEL('WallSurface_02',(#683));
#617=SHELL_BASED_SURFACE_MODEL('WallSurface_03',(#684));
#618=SHELL_BASED_SURFACE_MODEL('WallSurface_01',(#685));
#619=SHELL_BASED_SURFACE_MODEL('GroundSurface_01',(#686));
#620=SHELL_BASED_SURFACE_MODEL('Window_05|parent=WallSurface_04',(#687));
#621=SHELL_BASED_SURFACE_MODEL('Window_04|parent=WallSurface_04',(#688));
#622=SHELL_BASED_SURFACE_MODEL('Window_03|parent=WallSurface_04',(#689));
#623=SHELL_BASED_SURFACE_MODEL('Window_02|parent=WallSurface_04',(#690));
#624=SHELL_BASED_SURFACE_MODEL('Window_08|parent=WallSurface_02',(#691));
#625=SHELL_BASED_SURFACE_MODEL('Window_07|parent=WallSurface_02',(#692));
#626=MANIFOLD_SURFACE_SHAPE_REPRESENTATION('shell_rep_0',(#560,#561,#562,
#563,#564,#565,#566,#567,#568,#569,#570,#571,#572,#573,#574,#575,#576,#577,
#578,#579,#580,#581,#582,#583,#584,#585,#586,#587,#588,#589,#590,#591,#592,
#593,#594,#595,#596,#597,#598,#599,#600,#601,#602,#603,#604,#605,#606,#607,
#608,#609,#610,#611,#612,#613,#614,#615,#616,#617,#618,#619,#620,#621,#622,
#623,#624,#625,#2376),#2307);
#627=OPEN_SHELL('',(#693));
#628=OPEN_SHELL('',(#694));
#629=OPEN_SHELL('',(#695));
#630=OPEN_SHELL('',(#696));
#631=OPEN_SHELL('',(#697));
#632=OPEN_SHELL('',(#698));
#633=OPEN_SHELL('',(#699));
#634=OPEN_SHELL('',(#700));
#635=OPEN_SHELL('',(#701));
#636=OPEN_SHELL('',(#702));
#637=OPEN_SHELL('',(#703));
#638=OPEN_SHELL('',(#704));
#639=OPEN_SHELL('',(#705));
#640=OPEN_SHELL('',(#706));
#641=OPEN_SHELL('',(#707));
#642=OPEN_SHELL('',(#708));
#643=OPEN_SHELL('',(#709));
#644=OPEN_SHELL('',(#710));
#645=OPEN_SHELL('',(#711));
#646=OPEN_SHELL('',(#712));
#647=OPEN_SHELL('',(#713));
#648=OPEN_SHELL('',(#714));
#649=OPEN_SHELL('',(#715));
#650=OPEN_SHELL('',(#716));
#651=OPEN_SHELL('',(#717));
#652=OPEN_SHELL('',(#718));
#653=OPEN_SHELL('',(#719));
#654=OPEN_SHELL('',(#720));
#655=OPEN_SHELL('',(#721));
#656=OPEN_SHELL('',(#722));
#657=OPEN_SHELL('',(#723));
#658=OPEN_SHELL('',(#724));
#659=OPEN_SHELL('',(#725));
#660=OPEN_SHELL('',(#726));
#661=OPEN_SHELL('',(#727));
#662=OPEN_SHELL('',(#728));
#663=OPEN_SHELL('',(#729));
#664=OPEN_SHELL('',(#730));
#665=OPEN_SHELL('',(#731));
#666=OPEN_SHELL('',(#732));
#667=OPEN_SHELL('',(#733));
#668=OPEN_SHELL('',(#734));
#669=OPEN_SHELL('',(#735));
#670=OPEN_SHELL('',(#736));
#671=OPEN_SHELL('',(#737));
#672=OPEN_SHELL('',(#738));
#673=OPEN_SHELL('',(#739));
#674=OPEN_SHELL('',(#740));
#675=OPEN_SHELL('',(#741));
#676=OPEN_SHELL('',(#742));
#677=OPEN_SHELL('',(#743));
#678=OPEN_SHELL('',(#744));
#679=OPEN_SHELL('',(#745));
#680=OPEN_SHELL('',(#746));
#681=OPEN_SHELL('',(#747));
#682=OPEN_SHELL('',(#748));
#683=OPEN_SHELL('',(#749));
#684=OPEN_SHELL('',(#750));
#685=OPEN_SHELL('',(#751));
#686=OPEN_SHELL('',(#752));
#687=OPEN_SHELL('',(#753));
#688=OPEN_SHELL('',(#754));
#689=OPEN_SHELL('',(#755));
#690=OPEN_SHELL('',(#756));
#691=OPEN_SHELL('',(#757));
#692=OPEN_SHELL('',(#758));
#693=ADVANCED_FACE('',(#759),#2224,.T.);
#694=ADVANCED_FACE('',(#760),#2225,.T.);
#695=ADVANCED_FACE('',(#761),#2226,.T.);
#696=ADVANCED_FACE('',(#762),#2227,.T.);
#697=ADVANCED_FACE('',(#763),#2228,.T.);
#698=ADVANCED_FACE('',(#764),#2229,.T.);
#699=ADVANCED_FACE('',(#765),#2230,.T.);
#700=ADVANCED_FACE('',(#766),#2231,.T.);
#701=ADVANCED_FACE('',(#767),#2232,.T.);
#702=ADVANCED_FACE('',(#768),#2233,.T.);
#703=ADVANCED_FACE('',(#769),#2234,.T.);
#704=ADVANCED_FACE('',(#770),#2235,.T.);
#705=ADVANCED_FACE('',(#771),#2236,.T.);
#706=ADVANCED_FACE('',(#772),#2237,.T.);
#707=ADVANCED_FACE('',(#773),#2238,.T.);
#708=ADVANCED_FACE('',(#774),#2239,.T.);
#709=ADVANCED_FACE('',(#775),#2240,.T.);
#710=ADVANCED_FACE('',(#776),#2241,.T.);
#711=ADVANCED_FACE('',(#777),#2242,.T.);
#712=ADVANCED_FACE('',(#778),#2243,.T.);
#713=ADVANCED_FACE('',(#779),#2244,.T.);
#714=ADVANCED_FACE('',(#780),#2245,.T.);
#715=ADVANCED_FACE('',(#781),#2246,.T.);
#716=ADVANCED_FACE('',(#782),#2247,.T.);
#717=ADVANCED_FACE('',(#783),#2248,.T.);
#718=ADVANCED_FACE('',(#784),#2249,.T.);
#719=ADVANCED_FACE('',(#785),#2250,.T.);
#720=ADVANCED_FACE('',(#786),#2251,.T.);
#721=ADVANCED_FACE('',(#787),#2252,.T.);
#722=ADVANCED_FACE('',(#788),#2253,.T.);
#723=ADVANCED_FACE('',(#789),#2254,.T.);
#724=ADVANCED_FACE('',(#790),#2255,.T.);
#725=ADVANCED_FACE('',(#791),#2256,.T.);
#726=ADVANCED_FACE('',(#792),#2257,.T.);
#727=ADVANCED_FACE('',(#793),#2258,.T.);
#728=ADVANCED_FACE('',(#794),#2259,.T.);
#729=ADVANCED_FACE('',(#795),#2260,.T.);
#730=ADVANCED_FACE('',(#796),#2261,.T.);
#731=ADVANCED_FACE('',(#797,#11,#12,#13,#14,#15,#16),#2262,.T.);
#732=ADVANCED_FACE('',(#798),#2263,.T.);
#733=ADVANCED_FACE('',(#799),#2264,.T.);
#734=ADVANCED_FACE('',(#800),#2265,.T.);
#735=ADVANCED_FACE('',(#801),#2266,.T.);
#736=ADVANCED_FACE('',(#802),#2267,.T.);
#737=ADVANCED_FACE('',(#803),#2268,.T.);
#738=ADVANCED_FACE('',(#804),#2269,.T.);
#739=ADVANCED_FACE('',(#805),#2270,.T.);
#740=ADVANCED_FACE('',(#806),#2271,.T.);
#741=ADVANCED_FACE('',(#807),#2272,.T.);
#742=ADVANCED_FACE('',(#808),#2273,.T.);
#743=ADVANCED_FACE('',(#809),#2274,.T.);
#744=ADVANCED_FACE('',(#810),#2275,.T.);
#745=ADVANCED_FACE('',(#811),#2276,.T.);
#746=ADVANCED_FACE('',(#812),#2277,.T.);
#747=ADVANCED_FACE('',(#813),#2278,.T.);
#748=ADVANCED_FACE('',(#814),#2279,.T.);
#749=ADVANCED_FACE('',(#815,#17,#18,#19,#20),#2280,.T.);
#750=ADVANCED_FACE('',(#816,#21,#22),#2281,.T.);
#751=ADVANCED_FACE('',(#817,#23),#2282,.T.);
#752=ADVANCED_FACE('',(#818),#2283,.T.);
#753=ADVANCED_FACE('',(#819),#2284,.T.);
#754=ADVANCED_FACE('',(#820),#2285,.T.);
#755=ADVANCED_FACE('',(#821),#2286,.T.);
#756=ADVANCED_FACE('',(#822),#2287,.T.);
#757=ADVANCED_FACE('',(#823),#2288,.T.);
#758=ADVANCED_FACE('',(#824),#2289,.T.);
#759=FACE_OUTER_BOUND('',#825,.T.);
#760=FACE_OUTER_BOUND('',#826,.T.);
#761=FACE_OUTER_BOUND('',#827,.T.);
#762=FACE_OUTER_BOUND('',#828,.T.);
#763=FACE_OUTER_BOUND('',#829,.T.);
#764=FACE_OUTER_BOUND('',#830,.T.);
#765=FACE_OUTER_BOUND('',#831,.T.);
#766=FACE_OUTER_BOUND('',#832,.T.);
#767=FACE_OUTER_BOUND('',#833,.T.);
#768=FACE_OUTER_BOUND('',#834,.T.);
#769=FACE_OUTER_BOUND('',#835,.T.);
#770=FACE_OUTER_BOUND('',#836,.T.);
#771=FACE_OUTER_BOUND('',#837,.T.);
#772=FACE_OUTER_BOUND('',#838,.T.);
#773=FACE_OUTER_BOUND('',#839,.T.);
#774=FACE_OUTER_BOUND('',#840,.T.);
#775=FACE_OUTER_BOUND('',#841,.T.);
#776=FACE_OUTER_BOUND('',#842,.T.);
#777=FACE_OUTER_BOUND('',#843,.T.);
#778=FACE_OUTER_BOUND('',#844,.T.);
#779=FACE_OUTER_BOUND('',#845,.T.);
#780=FACE_OUTER_BOUND('',#846,.T.);
#781=FACE_OUTER_BOUND('',#847,.T.);
#782=FACE_OUTER_BOUND('',#848,.T.);
#783=FACE_OUTER_BOUND('',#849,.T.);
#784=FACE_OUTER_BOUND('',#850,.T.);
#785=FACE_OUTER_BOUND('',#851,.T.);
#786=FACE_OUTER_BOUND('',#852,.T.);
#787=FACE_OUTER_BOUND('',#853,.T.);
#788=FACE_OUTER_BOUND('',#854,.T.);
#789=FACE_OUTER_BOUND('',#855,.T.);
#790=FACE_OUTER_BOUND('',#856,.T.);
#791=FACE_OUTER_BOUND('',#857,.T.);
#792=FACE_OUTER_BOUND('',#858,.T.);
#793=FACE_OUTER_BOUND('',#859,.T.);
#794=FACE_OUTER_BOUND('',#860,.T.);
#795=FACE_OUTER_BOUND('',#861,.T.);
#796=FACE_OUTER_BOUND('',#862,.T.);
#797=FACE_OUTER_BOUND('',#863,.T.);
#798=FACE_OUTER_BOUND('',#870,.T.);
#799=FACE_OUTER_BOUND('',#871,.T.);
#800=FACE_OUTER_BOUND('',#872,.T.);
#801=FACE_OUTER_BOUND('',#873,.T.);
#802=FACE_OUTER_BOUND('',#874,.T.);
#803=FACE_OUTER_BOUND('',#875,.T.);
#804=FACE_OUTER_BOUND('',#876,.T.);
#805=FACE_OUTER_BOUND('',#877,.T.);
#806=FACE_OUTER_BOUND('',#878,.T.);
#807=FACE_OUTER_BOUND('',#879,.T.);
#808=FACE_OUTER_BOUND('',#880,.T.);
#809=FACE_OUTER_BOUND('',#881,.T.);
#810=FACE_OUTER_BOUND('',#882,.T.);
#811=FACE_OUTER_BOUND('',#883,.T.);
#812=FACE_OUTER_BOUND('',#884,.T.);
#813=FACE_OUTER_BOUND('',#885,.T.);
#814=FACE_OUTER_BOUND('',#886,.T.);
#815=FACE_OUTER_BOUND('',#887,.T.);
#816=FACE_OUTER_BOUND('',#892,.T.);
#817=FACE_OUTER_BOUND('',#895,.T.);
#818=FACE_OUTER_BOUND('',#897,.T.);
#819=FACE_OUTER_BOUND('',#898,.T.);
#820=FACE_OUTER_BOUND('',#899,.T.);
#821=FACE_OUTER_BOUND('',#900,.T.);
#822=FACE_OUTER_BOUND('',#901,.T.);
#823=FACE_OUTER_BOUND('',#902,.T.);
#824=FACE_OUTER_BOUND('',#903,.T.);
#825=EDGE_LOOP('',(#904,#905,#906,#907));
#826=EDGE_LOOP('',(#908,#909,#910,#911));
#827=EDGE_LOOP('',(#912,#913,#914,#915));
#828=EDGE_LOOP('',(#916,#917,#918,#919));
#829=EDGE_LOOP('',(#920,#921,#922,#923));
#830=EDGE_LOOP('',(#924,#925,#926,#927));
#831=EDGE_LOOP('',(#928,#929,#930,#931));
#832=EDGE_LOOP('',(#932,#933,#934,#935));
#833=EDGE_LOOP('',(#936,#937,#938,#939));
#834=EDGE_LOOP('',(#940,#941,#942,#943));
#835=EDGE_LOOP('',(#944,#945,#946,#947));
#836=EDGE_LOOP('',(#948,#949,#950,#951));
#837=EDGE_LOOP('',(#952,#953,#954,#955));
#838=EDGE_LOOP('',(#956,#957,#958,#959));
#839=EDGE_LOOP('',(#960,#961,#962,#963));
#840=EDGE_LOOP('',(#964,#965,#966,#967));
#841=EDGE_LOOP('',(#968,#969,#970,#971));
#842=EDGE_LOOP('',(#972,#973,#974,#975));
#843=EDGE_LOOP('',(#976,#977,#978,#979));
#844=EDGE_LOOP('',(#980,#981,#982,#983));
#845=EDGE_LOOP('',(#984,#985,#986,#987));
#846=EDGE_LOOP('',(#988,#989,#990,#991));
#847=EDGE_LOOP('',(#992,#993,#994,#995));
#848=EDGE_LOOP('',(#996,#997,#998,#999));
#849=EDGE_LOOP('',(#1000,#1001,#1002,#1003));
#850=EDGE_LOOP('',(#1004,#1005,#1006,#1007));
#851=EDGE_LOOP('',(#1008,#1009,#1010,#1011));
#852=EDGE_LOOP('',(#1012,#1013,#1014,#1015));
#853=EDGE_LOOP('',(#1016,#1017,#1018,#1019));
#854=EDGE_LOOP('',(#1020,#1021,#1022,#1023));
#855=EDGE_LOOP('',(#1024,#1025,#1026,#1027));
#856=EDGE_LOOP('',(#1028,#1029,#1030,#1031));
#857=EDGE_LOOP('',(#1032,#1033,#1034,#1035));
#858=EDGE_LOOP('',(#1036,#1037,#1038,#1039));
#859=EDGE_LOOP('',(#1040,#1041,#1042,#1043));
#860=EDGE_LOOP('',(#1044,#1045,#1046,#1047));
#861=EDGE_LOOP('',(#1048,#1049,#1050,#1051));
#862=EDGE_LOOP('',(#1052,#1053,#1054));
#863=EDGE_LOOP('',(#1055,#1056,#1057,#1058,#1059,#1060));
#864=EDGE_LOOP('',(#1061,#1062,#1063,#1064));
#865=EDGE_LOOP('',(#1065,#1066,#1067,#1068));
#866=EDGE_LOOP('',(#1069,#1070,#1071,#1072));
#867=EDGE_LOOP('',(#1073,#1074,#1075,#1076));
#868=EDGE_LOOP('',(#1077,#1078,#1079,#1080));
#869=EDGE_LOOP('',(#1081,#1082,#1083,#1084));
#870=EDGE_LOOP('',(#1085,#1086,#1087,#1088,#1089));
#871=EDGE_LOOP('',(#1090,#1091,#1092,#1093,#1094));
#872=EDGE_LOOP('',(#1095,#1096,#1097,#1098,#1099,#1100,#1101,#1102,#1103,
#1104));
#873=EDGE_LOOP('',(#1105,#1106,#1107,#1108,#1109,#1110,#1111,#1112));
#874=EDGE_LOOP('',(#1113,#1114,#1115,#1116));
#875=EDGE_LOOP('',(#1117,#1118,#1119,#1120));
#876=EDGE_LOOP('',(#1121,#1122,#1123,#1124));
#877=EDGE_LOOP('',(#1125,#1126,#1127,#1128));
#878=EDGE_LOOP('',(#1129,#1130,#1131,#1132));
#879=EDGE_LOOP('',(#1133,#1134,#1135,#1136));
#880=EDGE_LOOP('',(#1137,#1138,#1139,#1140));
#881=EDGE_LOOP('',(#1141,#1142,#1143,#1144));
#882=EDGE_LOOP('',(#1145,#1146,#1147,#1148));
#883=EDGE_LOOP('',(#1149,#1150,#1151,#1152));
#884=EDGE_LOOP('',(#1153,#1154,#1155,#1156));
#885=EDGE_LOOP('',(#1157,#1158,#1159,#1160));
#886=EDGE_LOOP('',(#1161,#1162,#1163,#1164));
#887=EDGE_LOOP('',(#1165,#1166,#1167,#1168,#1169));
#888=EDGE_LOOP('',(#1170,#1171,#1172,#1173));
#889=EDGE_LOOP('',(#1174,#1175,#1176,#1177));
#890=EDGE_LOOP('',(#1178,#1179,#1180,#1181));
#891=EDGE_LOOP('',(#1182,#1183,#1184,#1185));
#892=EDGE_LOOP('',(#1186,#1187,#1188,#1189));
#893=EDGE_LOOP('',(#1190,#1191,#1192,#1193));
#894=EDGE_LOOP('',(#1194,#1195,#1196,#1197));
#895=EDGE_LOOP('',(#1198,#1199,#1200,#1201));
#896=EDGE_LOOP('',(#1202,#1203,#1204,#1205));
#897=EDGE_LOOP('',(#1206,#1207,#1208,#1209));
#898=EDGE_LOOP('',(#1210,#1211,#1212,#1213));
#899=EDGE_LOOP('',(#1214,#1215,#1216,#1217));
#900=EDGE_LOOP('',(#1218,#1219,#1220,#1221));
#901=EDGE_LOOP('',(#1222,#1223,#1224,#1225));
#902=EDGE_LOOP('',(#1226,#1227,#1228,#1229));
#903=EDGE_LOOP('',(#1230,#1231,#1232,#1233));
#904=ORIENTED_EDGE('',*,*,#1235,.F.);
#905=ORIENTED_EDGE('',*,*,#1236,.F.);
#906=ORIENTED_EDGE('',*,*,#1237,.F.);
#907=ORIENTED_EDGE('',*,*,#1234,.F.);
#908=ORIENTED_EDGE('',*,*,#1239,.F.);
#909=ORIENTED_EDGE('',*,*,#1240,.F.);
#910=ORIENTED_EDGE('',*,*,#1241,.F.);
#911=ORIENTED_EDGE('',*,*,#1238,.F.);
#912=ORIENTED_EDGE('',*,*,#1243,.F.);
#913=ORIENTED_EDGE('',*,*,#1244,.F.);
#914=ORIENTED_EDGE('',*,*,#1245,.F.);
#915=ORIENTED_EDGE('',*,*,#1242,.F.);
#916=ORIENTED_EDGE('',*,*,#1247,.F.);
#917=ORIENTED_EDGE('',*,*,#1248,.F.);
#918=ORIENTED_EDGE('',*,*,#1249,.F.);
#919=ORIENTED_EDGE('',*,*,#1246,.F.);
#920=ORIENTED_EDGE('',*,*,#1251,.F.);
#921=ORIENTED_EDGE('',*,*,#1252,.F.);
#922=ORIENTED_EDGE('',*,*,#1253,.F.);
#923=ORIENTED_EDGE('',*,*,#1250,.F.);
#924=ORIENTED_EDGE('',*,*,#1255,.F.);
#925=ORIENTED_EDGE('',*,*,#1256,.F.);
#926=ORIENTED_EDGE('',*,*,#1257,.F.);
#927=ORIENTED_EDGE('',*,*,#1254,.F.);
#928=ORIENTED_EDGE('',*,*,#1259,.F.);
#929=ORIENTED_EDGE('',*,*,#1260,.F.);
#930=ORIENTED_EDGE('',*,*,#1261,.F.);
#931=ORIENTED_EDGE('',*,*,#1258,.F.);
#932=ORIENTED_EDGE('',*,*,#1263,.F.);
#933=ORIENTED_EDGE('',*,*,#1264,.F.);
#934=ORIENTED_EDGE('',*,*,#1265,.F.);
#935=ORIENTED_EDGE('',*,*,#1262,.F.);
#936=ORIENTED_EDGE('',*,*,#1267,.F.);
#937=ORIENTED_EDGE('',*,*,#1268,.F.);
#938=ORIENTED_EDGE('',*,*,#1269,.F.);
#939=ORIENTED_EDGE('',*,*,#1266,.F.);
#940=ORIENTED_EDGE('',*,*,#1271,.F.);
#941=ORIENTED_EDGE('',*,*,#1272,.F.);
#942=ORIENTED_EDGE('',*,*,#1273,.F.);
#943=ORIENTED_EDGE('',*,*,#1270,.F.);
#944=ORIENTED_EDGE('',*,*,#1275,.F.);
#945=ORIENTED_EDGE('',*,*,#1276,.F.);
#946=ORIENTED_EDGE('',*,*,#1277,.F.);
#947=ORIENTED_EDGE('',*,*,#1274,.F.);
#948=ORIENTED_EDGE('',*,*,#1279,.F.);
#949=ORIENTED_EDGE('',*,*,#1280,.F.);
#950=ORIENTED_EDGE('',*,*,#1281,.F.);
#951=ORIENTED_EDGE('',*,*,#1278,.F.);
#952=ORIENTED_EDGE('',*,*,#1283,.F.);
#953=ORIENTED_EDGE('',*,*,#1284,.F.);
#954=ORIENTED_EDGE('',*,*,#1285,.F.);
#955=ORIENTED_EDGE('',*,*,#1282,.F.);
#956=ORIENTED_EDGE('',*,*,#1287,.F.);
#957=ORIENTED_EDGE('',*,*,#1288,.F.);
#958=ORIENTED_EDGE('',*,*,#1289,.F.);
#959=ORIENTED_EDGE('',*,*,#1286,.F.);
#960=ORIENTED_EDGE('',*,*,#1291,.F.);
#961=ORIENTED_EDGE('',*,*,#1292,.F.);
#962=ORIENTED_EDGE('',*,*,#1293,.F.);
#963=ORIENTED_EDGE('',*,*,#1290,.F.);
#964=ORIENTED_EDGE('',*,*,#1295,.F.);
#965=ORIENTED_EDGE('',*,*,#1296,.F.);
#966=ORIENTED_EDGE('',*,*,#1297,.F.);
#967=ORIENTED_EDGE('',*,*,#1294,.F.);
#968=ORIENTED_EDGE('',*,*,#1299,.F.);
#969=ORIENTED_EDGE('',*,*,#1300,.F.);
#970=ORIENTED_EDGE('',*,*,#1301,.F.);
#971=ORIENTED_EDGE('',*,*,#1298,.F.);
#972=ORIENTED_EDGE('',*,*,#1303,.F.);
#973=ORIENTED_EDGE('',*,*,#1304,.F.);
#974=ORIENTED_EDGE('',*,*,#1305,.F.);
#975=ORIENTED_EDGE('',*,*,#1302,.F.);
#976=ORIENTED_EDGE('',*,*,#1307,.F.);
#977=ORIENTED_EDGE('',*,*,#1308,.F.);
#978=ORIENTED_EDGE('',*,*,#1309,.F.);
#979=ORIENTED_EDGE('',*,*,#1306,.F.);
#980=ORIENTED_EDGE('',*,*,#1311,.F.);
#981=ORIENTED_EDGE('',*,*,#1312,.F.);
#982=ORIENTED_EDGE('',*,*,#1313,.F.);
#983=ORIENTED_EDGE('',*,*,#1310,.F.);
#984=ORIENTED_EDGE('',*,*,#1315,.F.);
#985=ORIENTED_EDGE('',*,*,#1316,.F.);
#986=ORIENTED_EDGE('',*,*,#1317,.F.);
#987=ORIENTED_EDGE('',*,*,#1314,.F.);
#988=ORIENTED_EDGE('',*,*,#1319,.F.);
#989=ORIENTED_EDGE('',*,*,#1320,.F.);
#990=ORIENTED_EDGE('',*,*,#1321,.F.);
#991=ORIENTED_EDGE('',*,*,#1318,.F.);
#992=ORIENTED_EDGE('',*,*,#1323,.F.);
#993=ORIENTED_EDGE('',*,*,#1324,.F.);
#994=ORIENTED_EDGE('',*,*,#1325,.F.);
#995=ORIENTED_EDGE('',*,*,#1322,.F.);
#996=ORIENTED_EDGE('',*,*,#1327,.F.);
#997=ORIENTED_EDGE('',*,*,#1328,.F.);
#998=ORIENTED_EDGE('',*,*,#1329,.F.);
#999=ORIENTED_EDGE('',*,*,#1326,.F.);
#1000=ORIENTED_EDGE('',*,*,#1331,.F.);
#1001=ORIENTED_EDGE('',*,*,#1332,.F.);
#1002=ORIENTED_EDGE('',*,*,#1333,.F.);
#1003=ORIENTED_EDGE('',*,*,#1330,.F.);
#1004=ORIENTED_EDGE('',*,*,#1335,.F.);
#1005=ORIENTED_EDGE('',*,*,#1336,.F.);
#1006=ORIENTED_EDGE('',*,*,#1337,.F.);
#1007=ORIENTED_EDGE('',*,*,#1334,.F.);
#1008=ORIENTED_EDGE('',*,*,#1339,.F.);
#1009=ORIENTED_EDGE('',*,*,#1340,.F.);
#1010=ORIENTED_EDGE('',*,*,#1341,.F.);
#1011=ORIENTED_EDGE('',*,*,#1338,.F.);
#1012=ORIENTED_EDGE('',*,*,#1343,.F.);
#1013=ORIENTED_EDGE('',*,*,#1344,.F.);
#1014=ORIENTED_EDGE('',*,*,#1345,.F.);
#1015=ORIENTED_EDGE('',*,*,#1342,.F.);
#1016=ORIENTED_EDGE('',*,*,#1347,.F.);
#1017=ORIENTED_EDGE('',*,*,#1348,.F.);
#1018=ORIENTED_EDGE('',*,*,#1349,.F.);
#1019=ORIENTED_EDGE('',*,*,#1346,.F.);
#1020=ORIENTED_EDGE('',*,*,#1351,.F.);
#1021=ORIENTED_EDGE('',*,*,#1352,.F.);
#1022=ORIENTED_EDGE('',*,*,#1353,.F.);
#1023=ORIENTED_EDGE('',*,*,#1350,.F.);
#1024=ORIENTED_EDGE('',*,*,#1355,.F.);
#1025=ORIENTED_EDGE('',*,*,#1356,.F.);
#1026=ORIENTED_EDGE('',*,*,#1357,.F.);
#1027=ORIENTED_EDGE('',*,*,#1354,.F.);
#1028=ORIENTED_EDGE('',*,*,#1359,.F.);
#1029=ORIENTED_EDGE('',*,*,#1360,.F.);
#1030=ORIENTED_EDGE('',*,*,#1361,.F.);
#1031=ORIENTED_EDGE('',*,*,#1358,.F.);
#1032=ORIENTED_EDGE('',*,*,#1363,.F.);
#1033=ORIENTED_EDGE('',*,*,#1364,.F.);
#1034=ORIENTED_EDGE('',*,*,#1365,.F.);
#1035=ORIENTED_EDGE('',*,*,#1362,.F.);
#1036=ORIENTED_EDGE('',*,*,#1367,.F.);
#1037=ORIENTED_EDGE('',*,*,#1368,.F.);
#1038=ORIENTED_EDGE('',*,*,#1369,.F.);
#1039=ORIENTED_EDGE('',*,*,#1366,.F.);
#1040=ORIENTED_EDGE('',*,*,#1371,.F.);
#1041=ORIENTED_EDGE('',*,*,#1372,.F.);
#1042=ORIENTED_EDGE('',*,*,#1373,.F.);
#1043=ORIENTED_EDGE('',*,*,#1370,.F.);
#1044=ORIENTED_EDGE('',*,*,#1375,.F.);
#1045=ORIENTED_EDGE('',*,*,#1376,.F.);
#1046=ORIENTED_EDGE('',*,*,#1377,.F.);
#1047=ORIENTED_EDGE('',*,*,#1374,.F.);
#1048=ORIENTED_EDGE('',*,*,#1381,.T.);
#1049=ORIENTED_EDGE('',*,*,#1378,.T.);
#1050=ORIENTED_EDGE('',*,*,#1379,.T.);
#1051=ORIENTED_EDGE('',*,*,#1380,.F.);
#1052=ORIENTED_EDGE('',*,*,#1383,.T.);
#1053=ORIENTED_EDGE('',*,*,#1384,.T.);
#1054=ORIENTED_EDGE('',*,*,#1382,.T.);
#1055=ORIENTED_EDGE('',*,*,#1386,.F.);
#1056=ORIENTED_EDGE('',*,*,#1412,.F.);
#1057=ORIENTED_EDGE('',*,*,#1411,.F.);
#1058=ORIENTED_EDGE('',*,*,#1385,.F.);
#1059=ORIENTED_EDGE('',*,*,#1414,.F.);
#1060=ORIENTED_EDGE('',*,*,#1413,.F.);
#1061=ORIENTED_EDGE('',*,*,#1387,.T.);
#1062=ORIENTED_EDGE('',*,*,#1395,.T.);
#1063=ORIENTED_EDGE('',*,*,#1394,.T.);
#1064=ORIENTED_EDGE('',*,*,#1393,.T.);
#1065=ORIENTED_EDGE('',*,*,#1388,.T.);
#1066=ORIENTED_EDGE('',*,*,#1398,.T.);
#1067=ORIENTED_EDGE('',*,*,#1397,.T.);
#1068=ORIENTED_EDGE('',*,*,#1396,.T.);
#1069=ORIENTED_EDGE('',*,*,#1389,.T.);
#1070=ORIENTED_EDGE('',*,*,#1401,.T.);
#1071=ORIENTED_EDGE('',*,*,#1400,.T.);
#1072=ORIENTED_EDGE('',*,*,#1399,.T.);
#1073=ORIENTED_EDGE('',*,*,#1390,.T.);
#1074=ORIENTED_EDGE('',*,*,#1404,.T.);
#1075=ORIENTED_EDGE('',*,*,#1403,.T.);
#1076=ORIENTED_EDGE('',*,*,#1402,.T.);
#1077=ORIENTED_EDGE('',*,*,#1391,.T.);
#1078=ORIENTED_EDGE('',*,*,#1407,.T.);
#1079=ORIENTED_EDGE('',*,*,#1406,.T.);
#1080=ORIENTED_EDGE('',*,*,#1405,.T.);
#1081=ORIENTED_EDGE('',*,*,#1392,.T.);
#1082=ORIENTED_EDGE('',*,*,#1410,.T.);
#1083=ORIENTED_EDGE('',*,*,#1409,.T.);
#1084=ORIENTED_EDGE('',*,*,#1408,.T.);
#1085=ORIENTED_EDGE('',*,*,#1418,.F.);
#1086=ORIENTED_EDGE('',*,*,#1416,.F.);
#1087=ORIENTED_EDGE('',*,*,#1417,.T.);
#1088=ORIENTED_EDGE('',*,*,#1415,.T.);
#1089=ORIENTED_EDGE('',*,*,#1419,.F.);
#1090=ORIENTED_EDGE('',*,*,#1424,.T.);
#1091=ORIENTED_EDGE('',*,*,#1422,.F.);
#1092=ORIENTED_EDGE('',*,*,#1420,.F.);
#1093=ORIENTED_EDGE('',*,*,#1421,.T.);
#1094=ORIENTED_EDGE('',*,*,#1423,.F.);
#1095=ORIENTED_EDGE('',*,*,#1434,.T.);
#1096=ORIENTED_EDGE('',*,*,#1426,.T.);
#1097=ORIENTED_EDGE('',*,*,#1425,.T.);
#1098=ORIENTED_EDGE('',*,*,#1432,.T.);
#1099=ORIENTED_EDGE('',*,*,#1431,.T.);
#1100=ORIENTED_EDGE('',*,*,#1430,.T.);
#1101=ORIENTED_EDGE('',*,*,#1429,.T.);
#1102=ORIENTED_EDGE('',*,*,#1428,.T.);
#1103=ORIENTED_EDGE('',*,*,#1427,.T.);
#1104=ORIENTED_EDGE('',*,*,#1433,.F.);
#1105=ORIENTED_EDGE('',*,*,#1442,.T.);
#1106=ORIENTED_EDGE('',*,*,#1440,.T.);
#1107=ORIENTED_EDGE('',*,*,#1439,.T.);
#1108=ORIENTED_EDGE('',*,*,#1438,.T.);
#1109=ORIENTED_EDGE('',*,*,#1437,.T.);
#1110=ORIENTED_EDGE('',*,*,#1436,.T.);
#1111=ORIENTED_EDGE('',*,*,#1435,.T.);
#1112=ORIENTED_EDGE('',*,*,#1441,.F.);
#1113=ORIENTED_EDGE('',*,*,#1443,.T.);
#1114=ORIENTED_EDGE('',*,*,#1444,.T.);
#1115=ORIENTED_EDGE('',*,*,#1445,.T.);
#1116=ORIENTED_EDGE('',*,*,#1446,.T.);
#1117=ORIENTED_EDGE('',*,*,#1447,.T.);
#1118=ORIENTED_EDGE('',*,*,#1448,.T.);
#1119=ORIENTED_EDGE('',*,*,#1449,.F.);
#1120=ORIENTED_EDGE('',*,*,#1450,.F.);
#1121=ORIENTED_EDGE('',*,*,#1451,.T.);
#1122=ORIENTED_EDGE('',*,*,#1452,.T.);
#1123=ORIENTED_EDGE('',*,*,#1453,.T.);
#1124=ORIENTED_EDGE('',*,*,#1454,.T.);
#1125=ORIENTED_EDGE('',*,*,#1455,.T.);
#1126=ORIENTED_EDGE('',*,*,#1456,.T.);
#1127=ORIENTED_EDGE('',*,*,#1457,.T.);
#1128=ORIENTED_EDGE('',*,*,#1458,.T.);
#1129=ORIENTED_EDGE('',*,*,#1459,.T.);
#1130=ORIENTED_EDGE('',*,*,#1460,.T.);
#1131=ORIENTED_EDGE('',*,*,#1461,.T.);
#1132=ORIENTED_EDGE('',*,*,#1462,.T.);
#1133=ORIENTED_EDGE('',*,*,#1463,.T.);
#1134=ORIENTED_EDGE('',*,*,#1464,.T.);
#1135=ORIENTED_EDGE('',*,*,#1465,.T.);
#1136=ORIENTED_EDGE('',*,*,#1466,.T.);
#1137=ORIENTED_EDGE('',*,*,#1467,.T.);
#1138=ORIENTED_EDGE('',*,*,#1468,.T.);
#1139=ORIENTED_EDGE('',*,*,#1469,.T.);
#1140=ORIENTED_EDGE('',*,*,#1470,.T.);
#1141=ORIENTED_EDGE('',*,*,#1471,.T.);
#1142=ORIENTED_EDGE('',*,*,#1472,.T.);
#1143=ORIENTED_EDGE('',*,*,#1473,.T.);
#1144=ORIENTED_EDGE('',*,*,#1474,.T.);
#1145=ORIENTED_EDGE('',*,*,#1475,.T.);
#1146=ORIENTED_EDGE('',*,*,#1476,.T.);
#1147=ORIENTED_EDGE('',*,*,#1477,.T.);
#1148=ORIENTED_EDGE('',*,*,#1478,.T.);
#1149=ORIENTED_EDGE('',*,*,#1482,.T.);
#1150=ORIENTED_EDGE('',*,*,#1479,.T.);
#1151=ORIENTED_EDGE('',*,*,#1480,.T.);
#1152=ORIENTED_EDGE('',*,*,#1481,.F.);
#1153=ORIENTED_EDGE('',*,*,#1486,.T.);
#1154=ORIENTED_EDGE('',*,*,#1483,.T.);
#1155=ORIENTED_EDGE('',*,*,#1484,.T.);
#1156=ORIENTED_EDGE('',*,*,#1485,.F.);
#1157=ORIENTED_EDGE('',*,*,#1490,.T.);
#1158=ORIENTED_EDGE('',*,*,#1487,.T.);
#1159=ORIENTED_EDGE('',*,*,#1488,.T.);
#1160=ORIENTED_EDGE('',*,*,#1489,.F.);
#1161=ORIENTED_EDGE('',*,*,#1494,.T.);
#1162=ORIENTED_EDGE('',*,*,#1491,.T.);
#1163=ORIENTED_EDGE('',*,*,#1492,.T.);
#1164=ORIENTED_EDGE('',*,*,#1493,.F.);
#1165=ORIENTED_EDGE('',*,*,#1514,.T.);
#1166=ORIENTED_EDGE('',*,*,#1515,.T.);
#1167=ORIENTED_EDGE('',*,*,#1497,.T.);
#1168=ORIENTED_EDGE('',*,*,#1495,.T.);
#1169=ORIENTED_EDGE('',*,*,#1496,.T.);
#1170=ORIENTED_EDGE('',*,*,#1498,.T.);
#1171=ORIENTED_EDGE('',*,*,#1504,.T.);
#1172=ORIENTED_EDGE('',*,*,#1503,.T.);
#1173=ORIENTED_EDGE('',*,*,#1502,.T.);
#1174=ORIENTED_EDGE('',*,*,#1499,.T.);
#1175=ORIENTED_EDGE('',*,*,#1507,.T.);
#1176=ORIENTED_EDGE('',*,*,#1506,.T.);
#1177=ORIENTED_EDGE('',*,*,#1505,.T.);
#1178=ORIENTED_EDGE('',*,*,#1500,.T.);
#1179=ORIENTED_EDGE('',*,*,#1510,.T.);
#1180=ORIENTED_EDGE('',*,*,#1509,.T.);
#1181=ORIENTED_EDGE('',*,*,#1508,.T.);
#1182=ORIENTED_EDGE('',*,*,#1501,.T.);
#1183=ORIENTED_EDGE('',*,*,#1513,.T.);
#1184=ORIENTED_EDGE('',*,*,#1512,.T.);
#1185=ORIENTED_EDGE('',*,*,#1511,.T.);
#1186=ORIENTED_EDGE('',*,*,#1526,.T.);
#1187=ORIENTED_EDGE('',*,*,#1527,.T.);
#1188=ORIENTED_EDGE('',*,*,#1516,.T.);
#1189=ORIENTED_EDGE('',*,*,#1517,.T.);
#1190=ORIENTED_EDGE('',*,*,#1520,.F.);
#1191=ORIENTED_EDGE('',*,*,#1521,.F.);
#1192=ORIENTED_EDGE('',*,*,#1522,.F.);
#1193=ORIENTED_EDGE('',*,*,#1518,.F.);
#1194=ORIENTED_EDGE('',*,*,#1523,.F.);
#1195=ORIENTED_EDGE('',*,*,#1524,.F.);
#1196=ORIENTED_EDGE('',*,*,#1525,.F.);
#1197=ORIENTED_EDGE('',*,*,#1519,.F.);
#1198=ORIENTED_EDGE('',*,*,#1528,.T.);
#1199=ORIENTED_EDGE('',*,*,#1529,.T.);
#1200=ORIENTED_EDGE('',*,*,#1530,.T.);
#1201=ORIENTED_EDGE('',*,*,#1531,.T.);
#1202=ORIENTED_EDGE('',*,*,#1535,.F.);
#1203=ORIENTED_EDGE('',*,*,#1534,.F.);
#1204=ORIENTED_EDGE('',*,*,#1533,.F.);
#1205=ORIENTED_EDGE('',*,*,#1532,.F.);
#1206=ORIENTED_EDGE('',*,*,#1539,.F.);
#1207=ORIENTED_EDGE('',*,*,#1538,.F.);
#1208=ORIENTED_EDGE('',*,*,#1537,.F.);
#1209=ORIENTED_EDGE('',*,*,#1536,.F.);
#1210=ORIENTED_EDGE('',*,*,#1540,.T.);
#1211=ORIENTED_EDGE('',*,*,#1541,.T.);
#1212=ORIENTED_EDGE('',*,*,#1542,.T.);
#1213=ORIENTED_EDGE('',*,*,#1543,.T.);
#1214=ORIENTED_EDGE('',*,*,#1544,.T.);
#1215=ORIENTED_EDGE('',*,*,#1545,.T.);
#1216=ORIENTED_EDGE('',*,*,#1546,.T.);
#1217=ORIENTED_EDGE('',*,*,#1547,.T.);
#1218=ORIENTED_EDGE('',*,*,#1548,.T.);
#1219=ORIENTED_EDGE('',*,*,#1549,.T.);
#1220=ORIENTED_EDGE('',*,*,#1550,.T.);
#1221=ORIENTED_EDGE('',*,*,#1551,.T.);
#1222=ORIENTED_EDGE('',*,*,#1552,.T.);
#1223=ORIENTED_EDGE('',*,*,#1553,.T.);
#1224=ORIENTED_EDGE('',*,*,#1554,.T.);
#1225=ORIENTED_EDGE('',*,*,#1555,.T.);
#1226=ORIENTED_EDGE('',*,*,#1556,.T.);
#1227=ORIENTED_EDGE('',*,*,#1557,.T.);
#1228=ORIENTED_EDGE('',*,*,#1558,.T.);
#1229=ORIENTED_EDGE('',*,*,#1559,.T.);
#1230=ORIENTED_EDGE('',*,*,#1560,.T.);
#1231=ORIENTED_EDGE('',*,*,#1561,.T.);
#1232=ORIENTED_EDGE('',*,*,#1562,.T.);
#1233=ORIENTED_EDGE('',*,*,#1563,.T.);
#1234=EDGE_CURVE('',#1894,#1895,#1564,.T.);
#1235=EDGE_CURVE('',#1896,#1894,#1565,.T.);
#1236=EDGE_CURVE('',#1897,#1896,#1566,.T.);
#1237=EDGE_CURVE('',#1895,#1897,#1567,.T.);
#1238=EDGE_CURVE('',#1898,#1899,#1568,.T.);
#1239=EDGE_CURVE('',#1900,#1898,#1569,.T.);
#1240=EDGE_CURVE('',#1901,#1900,#1570,.T.);
#1241=EDGE_CURVE('',#1899,#1901,#1571,.T.);
#1242=EDGE_CURVE('',#1902,#1903,#1572,.T.);
#1243=EDGE_CURVE('',#1904,#1902,#1573,.T.);
#1244=EDGE_CURVE('',#1905,#1904,#1574,.T.);
#1245=EDGE_CURVE('',#1903,#1905,#1575,.T.);
#1246=EDGE_CURVE('',#1906,#1907,#1576,.T.);
#1247=EDGE_CURVE('',#1908,#1906,#1577,.T.);
#1248=EDGE_CURVE('',#1909,#1908,#1578,.T.);
#1249=EDGE_CURVE('',#1907,#1909,#1579,.T.);
#1250=EDGE_CURVE('',#1910,#1911,#1580,.T.);
#1251=EDGE_CURVE('',#1912,#1910,#1581,.T.);
#1252=EDGE_CURVE('',#1913,#1912,#1582,.T.);
#1253=EDGE_CURVE('',#1911,#1913,#1583,.T.);
#1254=EDGE_CURVE('',#1914,#1915,#1584,.T.);
#1255=EDGE_CURVE('',#1916,#1914,#1585,.T.);
#1256=EDGE_CURVE('',#1917,#1916,#1586,.T.);
#1257=EDGE_CURVE('',#1915,#1917,#1587,.T.);
#1258=EDGE_CURVE('',#1918,#1919,#1588,.T.);
#1259=EDGE_CURVE('',#1920,#1918,#1589,.T.);
#1260=EDGE_CURVE('',#1921,#1920,#1590,.T.);
#1261=EDGE_CURVE('',#1919,#1921,#1591,.T.);
#1262=EDGE_CURVE('',#1922,#1923,#1592,.T.);
#1263=EDGE_CURVE('',#1924,#1922,#1593,.T.);
#1264=EDGE_CURVE('',#1925,#1924,#1594,.T.);
#1265=EDGE_CURVE('',#1923,#1925,#1595,.T.);
#1266=EDGE_CURVE('',#1926,#1927,#1596,.T.);
#1267=EDGE_CURVE('',#1928,#1926,#1597,.T.);
#1268=EDGE_CURVE('',#1929,#1928,#1598,.T.);
#1269=EDGE_CURVE('',#1927,#1929,#1599,.T.);
#1270=EDGE_CURVE('',#1930,#1931,#1600,.T.);
#1271=EDGE_CURVE('',#1932,#1930,#1601,.T.);
#1272=EDGE_CURVE('',#1933,#1932,#1602,.T.);
#1273=EDGE_CURVE('',#1931,#1933,#1603,.T.);
#1274=EDGE_CURVE('',#1934,#1935,#1604,.T.);
#1275=EDGE_CURVE('',#1936,#1934,#1605,.T.);
#1276=EDGE_CURVE('',#1937,#1936,#1606,.T.);
#1277=EDGE_CURVE('',#1935,#1937,#1607,.T.);
#1278=EDGE_CURVE('',#1938,#1939,#1608,.T.);
#1279=EDGE_CURVE('',#1940,#1938,#1609,.T.);
#1280=EDGE_CURVE('',#1941,#1940,#1610,.T.);
#1281=EDGE_CURVE('',#1939,#1941,#1611,.T.);
#1282=EDGE_CURVE('',#1942,#1943,#1612,.T.);
#1283=EDGE_CURVE('',#1944,#1942,#1613,.T.);
#1284=EDGE_CURVE('',#1945,#1944,#1614,.T.);
#1285=EDGE_CURVE('',#1943,#1945,#1615,.T.);
#1286=EDGE_CURVE('',#1946,#1947,#1616,.T.);
#1287=EDGE_CURVE('',#1948,#1946,#1617,.T.);
#1288=EDGE_CURVE('',#1949,#1948,#1618,.T.);
#1289=EDGE_CURVE('',#1947,#1949,#1619,.T.);
#1290=EDGE_CURVE('',#1950,#1951,#1620,.T.);
#1291=EDGE_CURVE('',#1952,#1950,#1621,.T.);
#1292=EDGE_CURVE('',#1953,#1952,#1622,.T.);
#1293=EDGE_CURVE('',#1951,#1953,#1623,.T.);
#1294=EDGE_CURVE('',#1954,#1955,#1624,.T.);
#1295=EDGE_CURVE('',#1956,#1954,#1625,.T.);
#1296=EDGE_CURVE('',#1957,#1956,#1626,.T.);
#1297=EDGE_CURVE('',#1955,#1957,#1627,.T.);
#1298=EDGE_CURVE('',#1958,#1959,#1628,.T.);
#1299=EDGE_CURVE('',#1960,#1958,#1629,.T.);
#1300=EDGE_CURVE('',#1961,#1960,#1630,.T.);
#1301=EDGE_CURVE('',#1959,#1961,#1631,.T.);
#1302=EDGE_CURVE('',#1962,#1963,#1632,.T.);
#1303=EDGE_CURVE('',#1964,#1962,#1633,.T.);
#1304=EDGE_CURVE('',#1965,#1964,#1634,.T.);
#1305=EDGE_CURVE('',#1963,#1965,#1635,.T.);
#1306=EDGE_CURVE('',#1966,#1967,#1636,.T.);
#1307=EDGE_CURVE('',#1968,#1966,#1637,.T.);
#1308=EDGE_CURVE('',#1969,#1968,#1638,.T.);
#1309=EDGE_CURVE('',#1967,#1969,#1639,.T.);
#1310=EDGE_CURVE('',#1970,#1971,#1640,.T.);
#1311=EDGE_CURVE('',#1972,#1970,#1641,.T.);
#1312=EDGE_CURVE('',#1973,#1972,#1642,.T.);
#1313=EDGE_CURVE('',#1971,#1973,#1643,.T.);
#1314=EDGE_CURVE('',#1974,#1975,#1644,.T.);
#1315=EDGE_CURVE('',#1976,#1974,#1645,.T.);
#1316=EDGE_CURVE('',#1977,#1976,#1646,.T.);
#1317=EDGE_CURVE('',#1975,#1977,#1647,.T.);
#1318=EDGE_CURVE('',#1978,#1979,#1648,.T.);
#1319=EDGE_CURVE('',#1980,#1978,#1649,.T.);
#1320=EDGE_CURVE('',#1981,#1980,#1650,.T.);
#1321=EDGE_CURVE('',#1979,#1981,#1651,.T.);
#1322=EDGE_CURVE('',#1982,#1983,#1652,.T.);
#1323=EDGE_CURVE('',#1984,#1982,#1653,.T.);
#1324=EDGE_CURVE('',#1985,#1984,#1654,.T.);
#1325=EDGE_CURVE('',#1983,#1985,#1655,.T.);
#1326=EDGE_CURVE('',#1986,#1987,#1656,.T.);
#1327=EDGE_CURVE('',#1988,#1986,#1657,.T.);
#1328=EDGE_CURVE('',#1989,#1988,#1658,.T.);
#1329=EDGE_CURVE('',#1987,#1989,#1659,.T.);
#1330=EDGE_CURVE('',#1990,#1991,#1660,.T.);
#1331=EDGE_CURVE('',#1992,#1990,#1661,.T.);
#1332=EDGE_CURVE('',#1993,#1992,#1662,.T.);
#1333=EDGE_CURVE('',#1991,#1993,#1663,.T.);
#1334=EDGE_CURVE('',#1994,#1995,#1664,.T.);
#1335=EDGE_CURVE('',#1996,#1994,#1665,.T.);
#1336=EDGE_CURVE('',#1997,#1996,#1666,.T.);
#1337=EDGE_CURVE('',#1995,#1997,#1667,.T.);
#1338=EDGE_CURVE('',#1998,#1999,#1668,.T.);
#1339=EDGE_CURVE('',#2000,#1998,#1669,.T.);
#1340=EDGE_CURVE('',#2001,#2000,#1670,.T.);
#1341=EDGE_CURVE('',#1999,#2001,#1671,.T.);
#1342=EDGE_CURVE('',#2002,#2003,#1672,.T.);
#1343=EDGE_CURVE('',#2004,#2002,#1673,.T.);
#1344=EDGE_CURVE('',#2005,#2004,#1674,.T.);
#1345=EDGE_CURVE('',#2003,#2005,#1675,.T.);
#1346=EDGE_CURVE('',#2006,#2007,#1676,.T.);
#1347=EDGE_CURVE('',#2008,#2006,#1677,.T.);
#1348=EDGE_CURVE('',#2009,#2008,#1678,.T.);
#1349=EDGE_CURVE('',#2007,#2009,#1679,.T.);
#1350=EDGE_CURVE('',#2010,#2011,#1680,.T.);
#1351=EDGE_CURVE('',#2012,#2010,#1681,.T.);
#1352=EDGE_CURVE('',#2013,#2012,#1682,.T.);
#1353=EDGE_CURVE('',#2011,#2013,#1683,.T.);
#1354=EDGE_CURVE('',#2014,#2015,#1684,.T.);
#1355=EDGE_CURVE('',#2016,#2014,#1685,.T.);
#1356=EDGE_CURVE('',#2017,#2016,#1686,.T.);
#1357=EDGE_CURVE('',#2015,#2017,#1687,.T.);
#1358=EDGE_CURVE('',#2018,#2019,#1688,.T.);
#1359=EDGE_CURVE('',#2020,#2018,#1689,.T.);
#1360=EDGE_CURVE('',#2021,#2020,#1690,.T.);
#1361=EDGE_CURVE('',#2019,#2021,#1691,.T.);
#1362=EDGE_CURVE('',#2022,#2023,#1692,.T.);
#1363=EDGE_CURVE('',#2024,#2022,#1693,.T.);
#1364=EDGE_CURVE('',#2025,#2024,#1694,.T.);
#1365=EDGE_CURVE('',#2023,#2025,#1695,.T.);
#1366=EDGE_CURVE('',#2026,#2027,#1696,.T.);
#1367=EDGE_CURVE('',#2028,#2026,#1697,.T.);
#1368=EDGE_CURVE('',#2029,#2028,#1698,.T.);
#1369=EDGE_CURVE('',#2027,#2029,#1699,.T.);
#1370=EDGE_CURVE('',#2030,#2031,#1700,.T.);
#1371=EDGE_CURVE('',#2032,#2030,#1701,.T.);
#1372=EDGE_CURVE('',#2033,#2032,#1702,.T.);
#1373=EDGE_CURVE('',#2031,#2033,#1703,.T.);
#1374=EDGE_CURVE('',#2034,#2035,#1704,.T.);
#1375=EDGE_CURVE('',#2036,#2034,#1705,.T.);
#1376=EDGE_CURVE('',#2037,#2036,#1706,.T.);
#1377=EDGE_CURVE('',#2035,#2037,#1707,.T.);
#1378=EDGE_CURVE('',#2038,#2039,#1708,.T.);
#1379=EDGE_CURVE('',#2039,#2041,#1709,.T.);
#1380=EDGE_CURVE('',#2040,#2041,#1710,.T.);
#1381=EDGE_CURVE('',#2040,#2038,#1711,.T.);
#1382=EDGE_CURVE('',#2042,#2043,#1712,.T.);
#1383=EDGE_CURVE('',#2043,#2044,#1713,.T.);
#1384=EDGE_CURVE('',#2044,#2042,#1714,.T.);
#1385=EDGE_CURVE('',#2045,#2071,#1715,.T.);
#1386=EDGE_CURVE('',#2046,#2073,#1716,.T.);
#1387=EDGE_CURVE('',#2047,#2055,#1717,.T.);
#1388=EDGE_CURVE('',#2048,#2058,#1718,.T.);
#1389=EDGE_CURVE('',#2049,#2061,#1719,.T.);
#1390=EDGE_CURVE('',#2050,#2064,#1720,.T.);
#1391=EDGE_CURVE('',#2051,#2067,#1721,.T.);
#1392=EDGE_CURVE('',#2052,#2070,#1722,.T.);
#1393=EDGE_CURVE('',#2053,#2047,#1723,.T.);
#1394=EDGE_CURVE('',#2054,#2053,#1724,.T.);
#1395=EDGE_CURVE('',#2055,#2054,#1725,.T.);
#1396=EDGE_CURVE('',#2056,#2048,#1726,.T.);
#1397=EDGE_CURVE('',#2057,#2056,#1727,.T.);
#1398=EDGE_CURVE('',#2058,#2057,#1728,.T.);
#1399=EDGE_CURVE('',#2059,#2049,#1729,.T.);
#1400=EDGE_CURVE('',#2060,#2059,#1730,.T.);
#1401=EDGE_CURVE('',#2061,#2060,#1731,.T.);
#1402=EDGE_CURVE('',#2062,#2050,#1732,.T.);
#1403=EDGE_CURVE('',#2063,#2062,#1733,.T.);
#1404=EDGE_CURVE('',#2064,#2063,#1734,.T.);
#1405=EDGE_CURVE('',#2065,#2051,#1735,.T.);
#1406=EDGE_CURVE('',#2066,#2065,#1736,.T.);
#1407=EDGE_CURVE('',#2067,#2066,#1737,.T.);
#1408=EDGE_CURVE('',#2068,#2052,#1738,.T.);
#1409=EDGE_CURVE('',#2069,#2068,#1739,.T.);
#1410=EDGE_CURVE('',#2070,#2069,#1740,.T.);
#1411=EDGE_CURVE('',#2071,#2072,#1741,.T.);
#1412=EDGE_CURVE('',#2072,#2046,#1742,.T.);
#1413=EDGE_CURVE('',#2073,#2074,#1743,.T.);
#1414=EDGE_CURVE('',#2074,#2045,#1744,.T.);
#1415=EDGE_CURVE('',#2075,#2079,#1745,.T.);
#1416=EDGE_CURVE('',#2076,#2077,#1746,.T.);
#1417=EDGE_CURVE('',#2076,#2075,#1747,.T.);
#1418=EDGE_CURVE('',#2077,#2078,#1748,.T.);
#1419=EDGE_CURVE('',#2078,#2079,#1749,.T.);
#1420=EDGE_CURVE('',#2081,#2082,#1750,.T.);
#1421=EDGE_CURVE('',#2081,#2084,#1751,.T.);
#1422=EDGE_CURVE('',#2082,#2080,#1752,.T.);
#1423=EDGE_CURVE('',#2083,#2084,#1753,.T.);
#1424=EDGE_CURVE('',#2083,#2080,#1754,.T.);
#1425=EDGE_CURVE('',#2085,#2092,#1755,.T.);
#1426=EDGE_CURVE('',#2086,#2085,#1756,.T.);
#1427=EDGE_CURVE('',#2087,#2094,#1757,.T.);
#1428=EDGE_CURVE('',#2088,#2087,#1758,.T.);
#1429=EDGE_CURVE('',#2089,#2088,#1759,.T.);
#1430=EDGE_CURVE('',#2090,#2089,#1760,.T.);
#1431=EDGE_CURVE('',#2091,#2090,#1761,.T.);
#1432=EDGE_CURVE('',#2092,#2091,#1762,.T.);
#1433=EDGE_CURVE('',#2093,#2094,#1763,.T.);
#1434=EDGE_CURVE('',#2093,#2086,#1764,.T.);
#1435=EDGE_CURVE('',#2095,#2102,#1765,.T.);
#1436=EDGE_CURVE('',#2096,#2095,#1766,.T.);
#1437=EDGE_CURVE('',#2097,#2096,#1767,.T.);
#1438=EDGE_CURVE('',#2098,#2097,#1768,.T.);
#1439=EDGE_CURVE('',#2099,#2098,#1769,.T.);
#1440=EDGE_CURVE('',#2100,#2099,#1770,.T.);
#1441=EDGE_CURVE('',#2101,#2102,#1771,.T.);
#1442=EDGE_CURVE('',#2101,#2100,#1772,.T.);
#1443=EDGE_CURVE('',#2103,#2104,#1773,.T.);
#1444=EDGE_CURVE('',#2104,#2105,#1774,.T.);
#1445=EDGE_CURVE('',#2105,#2106,#1775,.T.);
#1446=EDGE_CURVE('',#2106,#2103,#1776,.T.);
#1447=EDGE_CURVE('',#2107,#2108,#1777,.T.);
#1448=EDGE_CURVE('',#2108,#2109,#1778,.T.);
#1449=EDGE_CURVE('',#2110,#2109,#1779,.T.);
#1450=EDGE_CURVE('',#2107,#2110,#1780,.T.);
#1451=EDGE_CURVE('',#2111,#2112,#1781,.T.);
#1452=EDGE_CURVE('',#2112,#2113,#1782,.T.);
#1453=EDGE_CURVE('',#2113,#2114,#1783,.T.);
#1454=EDGE_CURVE('',#2114,#2111,#1784,.T.);
#1455=EDGE_CURVE('',#2115,#2116,#1785,.T.);
#1456=EDGE_CURVE('',#2116,#2117,#1786,.T.);
#1457=EDGE_CURVE('',#2117,#2118,#1787,.T.);
#1458=EDGE_CURVE('',#2118,#2115,#1788,.T.);
#1459=EDGE_CURVE('',#2119,#2120,#1789,.T.);
#1460=EDGE_CURVE('',#2120,#2121,#1790,.T.);
#1461=EDGE_CURVE('',#2121,#2122,#1791,.T.);
#1462=EDGE_CURVE('',#2122,#2119,#1792,.T.);
#1463=EDGE_CURVE('',#2123,#2124,#1793,.T.);
#1464=EDGE_CURVE('',#2124,#2125,#1794,.T.);
#1465=EDGE_CURVE('',#2125,#2126,#1795,.T.);
#1466=EDGE_CURVE('',#2126,#2123,#1796,.T.);
#1467=EDGE_CURVE('',#2127,#2128,#1797,.T.);
#1468=EDGE_CURVE('',#2128,#2129,#1798,.T.);
#1469=EDGE_CURVE('',#2129,#2130,#1799,.T.);
#1470=EDGE_CURVE('',#2130,#2127,#1800,.T.);
#1471=EDGE_CURVE('',#2131,#2132,#1801,.T.);
#1472=EDGE_CURVE('',#2132,#2133,#1802,.T.);
#1473=EDGE_CURVE('',#2133,#2134,#1803,.T.);
#1474=EDGE_CURVE('',#2134,#2131,#1804,.T.);
#1475=EDGE_CURVE('',#2135,#2136,#1805,.T.);
#1476=EDGE_CURVE('',#2136,#2137,#1806,.T.);
#1477=EDGE_CURVE('',#2137,#2138,#1807,.T.);
#1478=EDGE_CURVE('',#2138,#2135,#1808,.T.);
#1479=EDGE_CURVE('',#2139,#2140,#1809,.T.);
#1480=EDGE_CURVE('',#2140,#2142,#1810,.T.);
#1481=EDGE_CURVE('',#2141,#2142,#1811,.T.);
#1482=EDGE_CURVE('',#2141,#2139,#1812,.T.);
#1483=EDGE_CURVE('',#2143,#2144,#1813,.T.);
#1484=EDGE_CURVE('',#2144,#2146,#1814,.T.);
#1485=EDGE_CURVE('',#2145,#2146,#1815,.T.);
#1486=EDGE_CURVE('',#2145,#2143,#1816,.T.);
#1487=EDGE_CURVE('',#2147,#2148,#1817,.T.);
#1488=EDGE_CURVE('',#2148,#2150,#1818,.T.);
#1489=EDGE_CURVE('',#2149,#2150,#1819,.T.);
#1490=EDGE_CURVE('',#2149,#2147,#1820,.T.);
#1491=EDGE_CURVE('',#2151,#2152,#1821,.T.);
#1492=EDGE_CURVE('',#2152,#2154,#1822,.T.);
#1493=EDGE_CURVE('',#2153,#2154,#1823,.T.);
#1494=EDGE_CURVE('',#2153,#2151,#1824,.T.);
#1495=EDGE_CURVE('',#2155,#2156,#1825,.T.);
#1496=EDGE_CURVE('',#2156,#2174,#1826,.T.);
#1497=EDGE_CURVE('',#2157,#2155,#1827,.T.);
#1498=EDGE_CURVE('',#2158,#2164,#1828,.T.);
#1499=EDGE_CURVE('',#2159,#2167,#1829,.T.);
#1500=EDGE_CURVE('',#2160,#2170,#1830,.T.);
#1501=EDGE_CURVE('',#2161,#2173,#1831,.T.);
#1502=EDGE_CURVE('',#2162,#2158,#1832,.T.);
#1503=EDGE_CURVE('',#2163,#2162,#1833,.T.);
#1504=EDGE_CURVE('',#2164,#2163,#1834,.T.);
#1505=EDGE_CURVE('',#2165,#2159,#1835,.T.);
#1506=EDGE_CURVE('',#2166,#2165,#1836,.T.);
#1507=EDGE_CURVE('',#2167,#2166,#1837,.T.);
#1508=EDGE_CURVE('',#2168,#2160,#1838,.T.);
#1509=EDGE_CURVE('',#2169,#2168,#1839,.T.);
#1510=EDGE_CURVE('',#2170,#2169,#1840,.T.);
#1511=EDGE_CURVE('',#2171,#2161,#1841,.T.);
#1512=EDGE_CURVE('',#2172,#2171,#1842,.T.);
#1513=EDGE_CURVE('',#2173,#2172,#1843,.T.);
#1514=EDGE_CURVE('',#2174,#2175,#1844,.T.);
#1515=EDGE_CURVE('',#2175,#2157,#1845,.T.);
#1516=EDGE_CURVE('',#2176,#2177,#1846,.T.);
#1517=EDGE_CURVE('',#2177,#2186,#1847,.T.);
#1518=EDGE_CURVE('',#2178,#2182,#1848,.T.);
#1519=EDGE_CURVE('',#2179,#2185,#1849,.T.);
#1520=EDGE_CURVE('',#2180,#2178,#1850,.T.);
#1521=EDGE_CURVE('',#2181,#2180,#1851,.T.);
#1522=EDGE_CURVE('',#2182,#2181,#1852,.T.);
#1523=EDGE_CURVE('',#2183,#2179,#1853,.T.);
#1524=EDGE_CURVE('',#2184,#2183,#1854,.T.);
#1525=EDGE_CURVE('',#2185,#2184,#1855,.T.);
#1526=EDGE_CURVE('',#2186,#2187,#1856,.T.);
#1527=EDGE_CURVE('',#2187,#2176,#1857,.T.);
#1528=EDGE_CURVE('',#2188,#2189,#1858,.T.);
#1529=EDGE_CURVE('',#2189,#2190,#1859,.T.);
#1530=EDGE_CURVE('',#2190,#2191,#1860,.T.);
#1531=EDGE_CURVE('',#2191,#2188,#1861,.T.);
#1532=EDGE_CURVE('',#2192,#2193,#1862,.T.);
#1533=EDGE_CURVE('',#2193,#2194,#1863,.T.);
#1534=EDGE_CURVE('',#2194,#2195,#1864,.T.);
#1535=EDGE_CURVE('',#2195,#2192,#1865,.T.);
#1536=EDGE_CURVE('',#2196,#2197,#1866,.T.);
#1537=EDGE_CURVE('',#2197,#2198,#1867,.T.);
#1538=EDGE_CURVE('',#2198,#2199,#1868,.T.);
#1539=EDGE_CURVE('',#2199,#2196,#1869,.T.);
#1540=EDGE_CURVE('',#2200,#2201,#1870,.T.);
#1541=EDGE_CURVE('',#2201,#2202,#1871,.T.);
#1542=EDGE_CURVE('',#2202,#2203,#1872,.T.);
#1543=EDGE_CURVE('',#2203,#2200,#1873,.T.);
#1544=EDGE_CURVE('',#2204,#2205,#1874,.T.);
#1545=EDGE_CURVE('',#2205,#2206,#1875,.T.);
#1546=EDGE_CURVE('',#2206,#2207,#1876,.T.);
#1547=EDGE_CURVE('',#2207,#2204,#1877,.T.);
#1548=EDGE_CURVE('',#2208,#2209,#1878,.T.);
#1549=EDGE_CURVE('',#2209,#2210,#1879,.T.);
#1550=EDGE_CURVE('',#2210,#2211,#1880,.T.);
#1551=EDGE_CURVE('',#2211,#2208,#1881,.T.);
#1552=EDGE_CURVE('',#2212,#2213,#1882,.T.);
#1553=EDGE_CURVE('',#2213,#2214,#1883,.T.);
#1554=EDGE_CURVE('',#2214,#2215,#1884,.T.);
#1555=EDGE_CURVE('',#2215,#2212,#1885,.T.);
#1556=EDGE_CURVE('',#2216,#2217,#1886,.T.);
#1557=EDGE_CURVE('',#2217,#2218,#1887,.T.);
#1558=EDGE_CURVE('',#2218,#2219,#1888,.T.);
#1559=EDGE_CURVE('',#2219,#2216,#1889,.T.);
#1560=EDGE_CURVE('',#2220,#2221,#1890,.T.);
#1561=EDGE_CURVE('',#2221,#2222,#1891,.T.);
#1562=EDGE_CURVE('',#2222,#2223,#1892,.T.);
#1563=EDGE_CURVE('',#2223,#2220,#1893,.T.);
#1564=B_SPLINE_CURVE_WITH_KNOTS('',1,(#2453,#2454),.UNSPECIFIED.,.F.,.F.,
(2,2),(-1.63000000000002,-0.0200000000000156),.UNSPECIFIED.);
#1565=B_SPLINE_CURVE_WITH_KNOTS('',1,(#2455,#2456),.UNSPECIFIED.,.F.,.F.,
(2,2),(-2.59000000000001,-1.63000000000001),.UNSPECIFIED.);
#1566=B_SPLINE_CURVE_WITH_KNOTS('',1,(#2457,#2458),.UNSPECIFIED.,.F.,.F.,
(2,2),(0.0200000000000169,1.63000000000002),.UNSPECIFIED.);
#1567=B_SPLINE_CURVE_WITH_KNOTS('',1,(#2459,#2460),.UNSPECIFIED.,.F.,.F.,
(2,2),(0.0200000000000165,0.980000000000015),.UNSPECIFIED.);
#1568=B_SPLINE_CURVE_WITH_KNOTS('',1,(#2466,#2467),.UNSPECIFIED.,.F.,.F.,
(2,2),(-1.63000000000001,-0.0199999999999995),.UNSPECIFIED.);
#1569=B_SPLINE_CURVE_WITH_KNOTS('',1,(#2468,#2469),.UNSPECIFIED.,.F.,.F.,
(2,2),(-2.59000000000001,-1.63000000000001),.UNSPECIFIED.);
#1570=B_SPLINE_CURVE_WITH_KNOTS('',1,(#2470,#2471),.UNSPECIFIED.,.F.,.F.,
(2,2),(0.02,1.63),.UNSPECIFIED.);
#1571=B_SPLINE_CURVE_WITH_KNOTS('',1,(#2472,#2473),.UNSPECIFIED.,.F.,.F.,
(2,2),(0.0200000000000002,0.979999999999997),.UNSPECIFIED.);
#1572=B_SPLINE_CURVE_WITH_KNOTS('',1,(#2479,#2480),.UNSPECIFIED.,.F.,.F.,
(2,2),(-1.63000000000001,-0.0200000000000011),.UNSPECIFIED.);
#1573=B_SPLINE_CURVE_WITH_KNOTS('',1,(#2481,#2482),.UNSPECIFIED.,.F.,.F.,
(2,2),(-2.59000000000001,-1.63000000000001),.UNSPECIFIED.);
#1574=B_SPLINE_CURVE_WITH_KNOTS('',1,(#2483,#2484),.UNSPECIFIED.,.F.,.F.,
(2,2),(0.0199999999999989,1.63),.UNSPECIFIED.);
#1575=B_SPLINE_CURVE_WITH_KNOTS('',1,(#2485,#2486),.UNSPECIFIED.,.F.,.F.,
(2,2),(0.0199999999999999,0.979999999999998),.UNSPECIFIED.);
#1576=B_SPLINE_CURVE_WITH_KNOTS('',1,(#2492,#2493),.UNSPECIFIED.,.F.,.F.,
(2,2),(-1.63000000000002,-0.0200000000000181),.UNSPECIFIED.);
#1577=B_SPLINE_CURVE_WITH_KNOTS('',1,(#2494,#2495),.UNSPECIFIED.,.F.,.F.,
(2,2),(-2.59000000000001,-1.63000000000001),.UNSPECIFIED.);
#1578=B_SPLINE_CURVE_WITH_KNOTS('',1,(#2496,#2497),.UNSPECIFIED.,.F.,.F.,
(2,2),(0.0200000000000167,1.63000000000002),.UNSPECIFIED.);
#1579=B_SPLINE_CURVE_WITH_KNOTS('',1,(#2498,#2499),.UNSPECIFIED.,.F.,.F.,
(2,2),(0.0200000000000154,0.980000000000014),.UNSPECIFIED.);
#1580=B_SPLINE_CURVE_WITH_KNOTS('',1,(#2505,#2506),.UNSPECIFIED.,.F.,.F.,
(2,2),(-1.63000000000002,-0.0200000000000158),.UNSPECIFIED.);
#1581=B_SPLINE_CURVE_WITH_KNOTS('',1,(#2507,#2508),.UNSPECIFIED.,.F.,.F.,
(2,2),(-2.59000000000001,-1.63000000000001),.UNSPECIFIED.);
#1582=B_SPLINE_CURVE_WITH_KNOTS('',1,(#2509,#2510),.UNSPECIFIED.,.F.,.F.,
(2,2),(0.0200000000000165,1.63000000000002),.UNSPECIFIED.);
#1583=B_SPLINE_CURVE_WITH_KNOTS('',1,(#2511,#2512),.UNSPECIFIED.,.F.,.F.,
(2,2),(0.0200000000000164,0.980000000000015),.UNSPECIFIED.);
#1584=B_SPLINE_CURVE_WITH_KNOTS('',1,(#2518,#2519),.UNSPECIFIED.,.F.,.F.,
(2,2),(-1.63000000000002,-0.020000000000016),.UNSPECIFIED.);
#1585=B_SPLINE_CURVE_WITH_KNOTS('',1,(#2520,#2521),.UNSPECIFIED.,.F.,.F.,
(2,2),(-2.59000000000001,-1.63000000000001),.UNSPECIFIED.);
#1586=B_SPLINE_CURVE_WITH_KNOTS('',1,(#2522,#2523),.UNSPECIFIED.,.F.,.F.,
(2,2),(0.0200000000000154,1.63000000000002),.UNSPECIFIED.);
#1587=B_SPLINE_CURVE_WITH_KNOTS('',1,(#2524,#2525),.UNSPECIFIED.,.F.,.F.,
(2,2),(0.020000000000016,0.980000000000013),.UNSPECIFIED.);
#1588=B_SPLINE_CURVE_WITH_KNOTS('',1,(#2531,#2532),.UNSPECIFIED.,.F.,.F.,
(2,2),(-1.63000000000002,-0.0200000000000106),.UNSPECIFIED.);
#1589=B_SPLINE_CURVE_WITH_KNOTS('',1,(#2533,#2534),.UNSPECIFIED.,.F.,.F.,
(2,2),(-2.59000000000001,-1.63000000000001),.UNSPECIFIED.);
#1590=B_SPLINE_CURVE_WITH_KNOTS('',1,(#2535,#2536),.UNSPECIFIED.,.F.,.F.,
(2,2),(0.020000000000011,1.63000000000001),.UNSPECIFIED.);
#1591=B_SPLINE_CURVE_WITH_KNOTS('',1,(#2537,#2538),.UNSPECIFIED.,.F.,.F.,
(2,2),(0.0199999999999943,0.979999999999992),.UNSPECIFIED.);
#1592=B_SPLINE_CURVE_WITH_KNOTS('',1,(#2544,#2545),.UNSPECIFIED.,.F.,.F.,
(2,2),(-1.63000000000002,-0.0200000000000105),.UNSPECIFIED.);
#1593=B_SPLINE_CURVE_WITH_KNOTS('',1,(#2546,#2547),.UNSPECIFIED.,.F.,.F.,
(2,2),(-2.59000000000001,-1.63000000000001),.UNSPECIFIED.);
#1594=B_SPLINE_CURVE_WITH_KNOTS('',1,(#2548,#2549),.UNSPECIFIED.,.F.,.F.,
(2,2),(0.0200000000000108,1.63000000000001),.UNSPECIFIED.);
#1595=B_SPLINE_CURVE_WITH_KNOTS('',1,(#2550,#2551),.UNSPECIFIED.,.F.,.F.,
(2,2),(0.0199999999999932,0.979999999999992),.UNSPECIFIED.);
#1596=B_SPLINE_CURVE_WITH_KNOTS('',1,(#2557,#2558),.UNSPECIFIED.,.F.,.F.,
(2,2),(-1.63000000000001,-0.0199999999999995),.UNSPECIFIED.);
#1597=B_SPLINE_CURVE_WITH_KNOTS('',1,(#2559,#2560),.UNSPECIFIED.,.F.,.F.,
(2,2),(-2.59000000000001,-1.63000000000001),.UNSPECIFIED.);
#1598=B_SPLINE_CURVE_WITH_KNOTS('',1,(#2561,#2562),.UNSPECIFIED.,.F.,.F.,
(2,2),(0.0200000000000004,1.63),.UNSPECIFIED.);
#1599=B_SPLINE_CURVE_WITH_KNOTS('',1,(#2563,#2564),.UNSPECIFIED.,.F.,.F.,
(2,2),(0.0200000000000002,0.979999999999996),.UNSPECIFIED.);
#1600=B_SPLINE_CURVE_WITH_KNOTS('',1,(#2570,#2571),.UNSPECIFIED.,.F.,.F.,
(2,2),(-1.63000000000003,-0.020000000000026),.UNSPECIFIED.);
#1601=B_SPLINE_CURVE_WITH_KNOTS('',1,(#2572,#2573),.UNSPECIFIED.,.F.,.F.,
(2,2),(-2.59000000000001,-1.63000000000001),.UNSPECIFIED.);
#1602=B_SPLINE_CURVE_WITH_KNOTS('',1,(#2574,#2575),.UNSPECIFIED.,.F.,.F.,
(2,2),(0.0200000000000251,1.63000000000003),.UNSPECIFIED.);
#1603=B_SPLINE_CURVE_WITH_KNOTS('',1,(#2576,#2577),.UNSPECIFIED.,.F.,.F.,
(2,2),(0.0200000000000098,0.980000000000009),.UNSPECIFIED.);
#1604=B_SPLINE_CURVE_WITH_KNOTS('',1,(#2583,#2584),.UNSPECIFIED.,.F.,.F.,
(2,2),(-1.63000000000002,-0.0200000000000099),.UNSPECIFIED.);
#1605=B_SPLINE_CURVE_WITH_KNOTS('',1,(#2585,#2586),.UNSPECIFIED.,.F.,.F.,
(2,2),(-2.59000000000001,-1.63000000000001),.UNSPECIFIED.);
#1606=B_SPLINE_CURVE_WITH_KNOTS('',1,(#2587,#2588),.UNSPECIFIED.,.F.,.F.,
(2,2),(0.0200000000000103,1.63000000000001),.UNSPECIFIED.);
#1607=B_SPLINE_CURVE_WITH_KNOTS('',1,(#2589,#2590),.UNSPECIFIED.,.F.,.F.,
(2,2),(0.0199999999999915,0.979999999999992),.UNSPECIFIED.);
#1608=B_SPLINE_CURVE_WITH_KNOTS('',1,(#2596,#2597),.UNSPECIFIED.,.F.,.F.,
(2,2),(-1.63000000000001,-0.0199999999999987),.UNSPECIFIED.);
#1609=B_SPLINE_CURVE_WITH_KNOTS('',1,(#2598,#2599),.UNSPECIFIED.,.F.,.F.,
(2,2),(-2.59000000000001,-1.63000000000001),.UNSPECIFIED.);
#1610=B_SPLINE_CURVE_WITH_KNOTS('',1,(#2600,#2601),.UNSPECIFIED.,.F.,.F.,
(2,2),(0.0199999999999975,1.63),.UNSPECIFIED.);
#1611=B_SPLINE_CURVE_WITH_KNOTS('',1,(#2602,#2603),.UNSPECIFIED.,.F.,.F.,
(2,2),(0.0199999999999994,0.979999999999997),.UNSPECIFIED.);
#1612=B_SPLINE_CURVE_WITH_KNOTS('',1,(#2609,#2610),.UNSPECIFIED.,.F.,.F.,
(2,2),(-1.63000000000001,-0.0200000000000009),.UNSPECIFIED.);
#1613=B_SPLINE_CURVE_WITH_KNOTS('',1,(#2611,#2612),.UNSPECIFIED.,.F.,.F.,
(2,2),(-2.59000000000001,-1.63000000000001),.UNSPECIFIED.);
#1614=B_SPLINE_CURVE_WITH_KNOTS('',1,(#2613,#2614),.UNSPECIFIED.,.F.,.F.,
(2,2),(0.0200000000000022,1.63),.UNSPECIFIED.);
#1615=B_SPLINE_CURVE_WITH_KNOTS('',1,(#2615,#2616),.UNSPECIFIED.,.F.,.F.,
(2,2),(0.0199999999999998,0.979999999999997),.UNSPECIFIED.);
#1616=B_SPLINE_CURVE_WITH_KNOTS('',1,(#2622,#2623),.UNSPECIFIED.,.F.,.F.,
(2,2),(-1.62999999999999,-0.0199999999999813),.UNSPECIFIED.);
#1617=B_SPLINE_CURVE_WITH_KNOTS('',1,(#2624,#2625),.UNSPECIFIED.,.F.,.F.,
(2,2),(-2.59000000000001,-1.63000000000001),.UNSPECIFIED.);
#1618=B_SPLINE_CURVE_WITH_KNOTS('',1,(#2626,#2627),.UNSPECIFIED.,.F.,.F.,
(2,2),(0.0199999999999839,1.62999999999998),.UNSPECIFIED.);
#1619=B_SPLINE_CURVE_WITH_KNOTS('',1,(#2628,#2629),.UNSPECIFIED.,.F.,.F.,
(2,2),(0.0199999999999833,0.979999999999981),.UNSPECIFIED.);
#1620=B_SPLINE_CURVE_WITH_KNOTS('',1,(#2635,#2636),.UNSPECIFIED.,.F.,.F.,
(2,2),(-1.62999999999999,-0.0199999999999835),.UNSPECIFIED.);
#1621=B_SPLINE_CURVE_WITH_KNOTS('',1,(#2637,#2638),.UNSPECIFIED.,.F.,.F.,
(2,2),(-2.59000000000001,-1.63000000000001),.UNSPECIFIED.);
#1622=B_SPLINE_CURVE_WITH_KNOTS('',1,(#2639,#2640),.UNSPECIFIED.,.F.,.F.,
(2,2),(0.0199999999999833,1.62999999999998),.UNSPECIFIED.);
#1623=B_SPLINE_CURVE_WITH_KNOTS('',1,(#2641,#2642),.UNSPECIFIED.,.F.,.F.,
(2,2),(0.0199999999999806,0.979999999999982),.UNSPECIFIED.);
#1624=B_SPLINE_CURVE_WITH_KNOTS('',1,(#2648,#2649),.UNSPECIFIED.,.F.,.F.,
(2,2),(-1.63000000000002,-0.0200000000000163),.UNSPECIFIED.);
#1625=B_SPLINE_CURVE_WITH_KNOTS('',1,(#2650,#2651),.UNSPECIFIED.,.F.,.F.,
(2,2),(-2.59000000000001,-1.63000000000001),.UNSPECIFIED.);
#1626=B_SPLINE_CURVE_WITH_KNOTS('',1,(#2652,#2653),.UNSPECIFIED.,.F.,.F.,
(2,2),(0.020000000000016,1.63000000000002),.UNSPECIFIED.);
#1627=B_SPLINE_CURVE_WITH_KNOTS('',1,(#2654,#2655),.UNSPECIFIED.,.F.,.F.,
(2,2),(0.0200000000000166,0.980000000000015),.UNSPECIFIED.);
#1628=B_SPLINE_CURVE_WITH_KNOTS('',1,(#2661,#2662),.UNSPECIFIED.,.F.,.F.,
(2,2),(-1.63,-0.019999999999998),.UNSPECIFIED.);
#1629=B_SPLINE_CURVE_WITH_KNOTS('',1,(#2663,#2664),.UNSPECIFIED.,.F.,.F.,
(2,2),(-2.59000000000001,-1.63000000000001),.UNSPECIFIED.);
#1630=B_SPLINE_CURVE_WITH_KNOTS('',1,(#2665,#2666),.UNSPECIFIED.,.F.,.F.,
(2,2),(0.0199999999999987,1.63),.UNSPECIFIED.);
#1631=B_SPLINE_CURVE_WITH_KNOTS('',1,(#2667,#2668),.UNSPECIFIED.,.F.,.F.,
(2,2),(0.0199999999999975,0.979999999999996),.UNSPECIFIED.);
#1632=B_SPLINE_CURVE_WITH_KNOTS('',1,(#2674,#2675),.UNSPECIFIED.,.F.,.F.,
(2,2),(-1.63000000000001,-0.0199999999999986),.UNSPECIFIED.);
#1633=B_SPLINE_CURVE_WITH_KNOTS('',1,(#2676,#2677),.UNSPECIFIED.,.F.,.F.,
(2,2),(-2.59000000000001,-1.63000000000001),.UNSPECIFIED.);
#1634=B_SPLINE_CURVE_WITH_KNOTS('',1,(#2678,#2679),.UNSPECIFIED.,.F.,.F.,
(2,2),(0.0199999999999995,1.63),.UNSPECIFIED.);
#1635=B_SPLINE_CURVE_WITH_KNOTS('',1,(#2680,#2681),.UNSPECIFIED.,.F.,.F.,
(2,2),(0.0200000000000006,0.979999999999997),.UNSPECIFIED.);
#1636=B_SPLINE_CURVE_WITH_KNOTS('',1,(#2687,#2688),.UNSPECIFIED.,.F.,.F.,
(2,2),(-1.63000000000003,-0.0200000000000286),.UNSPECIFIED.);
#1637=B_SPLINE_CURVE_WITH_KNOTS('',1,(#2689,#2690),.UNSPECIFIED.,.F.,.F.,
(2,2),(-2.59000000000001,-1.63000000000001),.UNSPECIFIED.);
#1638=B_SPLINE_CURVE_WITH_KNOTS('',1,(#2691,#2692),.UNSPECIFIED.,.F.,.F.,
(2,2),(0.0200000000000258,1.63000000000003),.UNSPECIFIED.);
#1639=B_SPLINE_CURVE_WITH_KNOTS('',1,(#2693,#2694),.UNSPECIFIED.,.F.,.F.,
(2,2),(0.0200000000000089,0.980000000000009),.UNSPECIFIED.);
#1640=B_SPLINE_CURVE_WITH_KNOTS('',1,(#2700,#2701),.UNSPECIFIED.,.F.,.F.,
(2,2),(-1.63000000000002,-0.0200000000000099),.UNSPECIFIED.);
#1641=B_SPLINE_CURVE_WITH_KNOTS('',1,(#2702,#2703),.UNSPECIFIED.,.F.,.F.,
(2,2),(-2.59000000000001,-1.63000000000001),.UNSPECIFIED.);
#1642=B_SPLINE_CURVE_WITH_KNOTS('',1,(#2704,#2705),.UNSPECIFIED.,.F.,.F.,
(2,2),(0.0200000000000084,1.63000000000001),.UNSPECIFIED.);
#1643=B_SPLINE_CURVE_WITH_KNOTS('',1,(#2706,#2707),.UNSPECIFIED.,.F.,.F.,
(2,2),(0.0199999999999934,0.979999999999992),.UNSPECIFIED.);
#1644=B_SPLINE_CURVE_WITH_KNOTS('',1,(#2713,#2714),.UNSPECIFIED.,.F.,.F.,
(2,2),(-1.63000000000002,-0.0200000000000123),.UNSPECIFIED.);
#1645=B_SPLINE_CURVE_WITH_KNOTS('',1,(#2715,#2716),.UNSPECIFIED.,.F.,.F.,
(2,2),(-2.59000000000001,-1.63000000000001),.UNSPECIFIED.);
#1646=B_SPLINE_CURVE_WITH_KNOTS('',1,(#2717,#2718),.UNSPECIFIED.,.F.,.F.,
(2,2),(0.0200000000000128,1.63000000000001),.UNSPECIFIED.);
#1647=B_SPLINE_CURVE_WITH_KNOTS('',1,(#2719,#2720),.UNSPECIFIED.,.F.,.F.,
(2,2),(0.0199999999999933,0.979999999999992),.UNSPECIFIED.);
#1648=B_SPLINE_CURVE_WITH_KNOTS('',1,(#2726,#2727),.UNSPECIFIED.,.F.,.F.,
(2,2),(-1.63000000000003,-0.0200000000000282),.UNSPECIFIED.);
#1649=B_SPLINE_CURVE_WITH_KNOTS('',1,(#2728,#2729),.UNSPECIFIED.,.F.,.F.,
(2,2),(-2.59000000000001,-1.63000000000001),.UNSPECIFIED.);
#1650=B_SPLINE_CURVE_WITH_KNOTS('',1,(#2730,#2731),.UNSPECIFIED.,.F.,.F.,
(2,2),(0.0200000000000255,1.63000000000003),.UNSPECIFIED.);
#1651=B_SPLINE_CURVE_WITH_KNOTS('',1,(#2732,#2733),.UNSPECIFIED.,.F.,.F.,
(2,2),(0.0200000000000101,0.980000000000008),.UNSPECIFIED.);
#1652=B_SPLINE_CURVE_WITH_KNOTS('',1,(#2739,#2740),.UNSPECIFIED.,.F.,.F.,
(2,2),(-1.63000000000003,-0.0200000000000268),.UNSPECIFIED.);
#1653=B_SPLINE_CURVE_WITH_KNOTS('',1,(#2741,#2742),.UNSPECIFIED.,.F.,.F.,
(2,2),(-2.59000000000001,-1.63000000000001),.UNSPECIFIED.);
#1654=B_SPLINE_CURVE_WITH_KNOTS('',1,(#2743,#2744),.UNSPECIFIED.,.F.,.F.,
(2,2),(0.0200000000000258,1.63000000000003),.UNSPECIFIED.);
#1655=B_SPLINE_CURVE_WITH_KNOTS('',1,(#2745,#2746),.UNSPECIFIED.,.F.,.F.,
(2,2),(0.0200000000000091,0.980000000000008),.UNSPECIFIED.);
#1656=B_SPLINE_CURVE_WITH_KNOTS('',1,(#2752,#2753),.UNSPECIFIED.,.F.,.F.,
(2,2),(-1.63000000000003,-0.020000000000029),.UNSPECIFIED.);
#1657=B_SPLINE_CURVE_WITH_KNOTS('',1,(#2754,#2755),.UNSPECIFIED.,.F.,.F.,
(2,2),(-2.59000000000001,-1.63000000000001),.UNSPECIFIED.);
#1658=B_SPLINE_CURVE_WITH_KNOTS('',1,(#2756,#2757),.UNSPECIFIED.,.F.,.F.,
(2,2),(0.0200000000000271,1.63000000000003),.UNSPECIFIED.);
#1659=B_SPLINE_CURVE_WITH_KNOTS('',1,(#2758,#2759),.UNSPECIFIED.,.F.,.F.,
(2,2),(0.0200000000000093,0.980000000000008),.UNSPECIFIED.);
#1660=B_SPLINE_CURVE_WITH_KNOTS('',1,(#2765,#2766),.UNSPECIFIED.,.F.,.F.,
(2,2),(-1.63000000000001,-0.020000000000002),.UNSPECIFIED.);
#1661=B_SPLINE_CURVE_WITH_KNOTS('',1,(#2767,#2768),.UNSPECIFIED.,.F.,.F.,
(2,2),(-2.59000000000001,-1.63000000000001),.UNSPECIFIED.);
#1662=B_SPLINE_CURVE_WITH_KNOTS('',1,(#2769,#2770),.UNSPECIFIED.,.F.,.F.,
(2,2),(0.0200000000000004,1.63),.UNSPECIFIED.);
#1663=B_SPLINE_CURVE_WITH_KNOTS('',1,(#2771,#2772),.UNSPECIFIED.,.F.,.F.,
(2,2),(0.0199999999999987,0.979999999999997),.UNSPECIFIED.);
#1664=B_SPLINE_CURVE_WITH_KNOTS('',1,(#2778,#2779),.UNSPECIFIED.,.F.,.F.,
(2,2),(-1.63000000000001,-0.0199999999999998),.UNSPECIFIED.);
#1665=B_SPLINE_CURVE_WITH_KNOTS('',1,(#2780,#2781),.UNSPECIFIED.,.F.,.F.,
(2,2),(-2.59000000000001,-1.63000000000001),.UNSPECIFIED.);
#1666=B_SPLINE_CURVE_WITH_KNOTS('',1,(#2782,#2783),.UNSPECIFIED.,.F.,.F.,
(2,2),(0.0199999999999967,1.63),.UNSPECIFIED.);
#1667=B_SPLINE_CURVE_WITH_KNOTS('',1,(#2784,#2785),.UNSPECIFIED.,.F.,.F.,
(2,2),(0.0199999999999994,0.979999999999998),.UNSPECIFIED.);
#1668=B_SPLINE_CURVE_WITH_KNOTS('',1,(#2791,#2792),.UNSPECIFIED.,.F.,.F.,
(2,2),(-1.63000000000001,-0.0200000000000088),.UNSPECIFIED.);
#1669=B_SPLINE_CURVE_WITH_KNOTS('',1,(#2793,#2794),.UNSPECIFIED.,.F.,.F.,
(2,2),(-2.59000000000001,-1.63000000000001),.UNSPECIFIED.);
#1670=B_SPLINE_CURVE_WITH_KNOTS('',1,(#2795,#2796),.UNSPECIFIED.,.F.,.F.,
(2,2),(0.0200000000000079,1.63000000000001),.UNSPECIFIED.);
#1671=B_SPLINE_CURVE_WITH_KNOTS('',1,(#2797,#2798),.UNSPECIFIED.,.F.,.F.,
(2,2),(0.019999999999994,0.979999999999993),.UNSPECIFIED.);
#1672=B_SPLINE_CURVE_WITH_KNOTS('',1,(#2804,#2805),.UNSPECIFIED.,.F.,.F.,
(2,2),(-1.63000000000002,-0.0200000000000161),.UNSPECIFIED.);
#1673=B_SPLINE_CURVE_WITH_KNOTS('',1,(#2806,#2807),.UNSPECIFIED.,.F.,.F.,
(2,2),(-2.59000000000001,-1.63000000000001),.UNSPECIFIED.);
#1674=B_SPLINE_CURVE_WITH_KNOTS('',1,(#2808,#2809),.UNSPECIFIED.,.F.,.F.,
(2,2),(0.0200000000000194,1.63000000000002),.UNSPECIFIED.);
#1675=B_SPLINE_CURVE_WITH_KNOTS('',1,(#2810,#2811),.UNSPECIFIED.,.F.,.F.,
(2,2),(0.0200000000000155,0.980000000000013),.UNSPECIFIED.);
#1676=B_SPLINE_CURVE_WITH_KNOTS('',1,(#2817,#2818),.UNSPECIFIED.,.F.,.F.,
(2,2),(-1.63,-0.0200000000000006),.UNSPECIFIED.);
#1677=B_SPLINE_CURVE_WITH_KNOTS('',1,(#2819,#2820),.UNSPECIFIED.,.F.,.F.,
(2,2),(-2.59000000000001,-1.63000000000001),.UNSPECIFIED.);
#1678=B_SPLINE_CURVE_WITH_KNOTS('',1,(#2821,#2822),.UNSPECIFIED.,.F.,.F.,
(2,2),(0.0199999999999995,1.63),.UNSPECIFIED.);
#1679=B_SPLINE_CURVE_WITH_KNOTS('',1,(#2823,#2824),.UNSPECIFIED.,.F.,.F.,
(2,2),(0.0199999999999995,0.979999999999997),.UNSPECIFIED.);
#1680=B_SPLINE_CURVE_WITH_KNOTS('',1,(#2830,#2831),.UNSPECIFIED.,.F.,.F.,
(2,2),(-1.63000000000002,-0.0200000000000127),.UNSPECIFIED.);
#1681=B_SPLINE_CURVE_WITH_KNOTS('',1,(#2832,#2833),.UNSPECIFIED.,.F.,.F.,
(2,2),(-2.59000000000001,-1.63000000000001),.UNSPECIFIED.);
#1682=B_SPLINE_CURVE_WITH_KNOTS('',1,(#2834,#2835),.UNSPECIFIED.,.F.,.F.,
(2,2),(0.0200000000000095,1.63000000000001),.UNSPECIFIED.);
#1683=B_SPLINE_CURVE_WITH_KNOTS('',1,(#2836,#2837),.UNSPECIFIED.,.F.,.F.,
(2,2),(0.0199999999999952,0.979999999999993),.UNSPECIFIED.);
#1684=B_SPLINE_CURVE_WITH_KNOTS('',1,(#2843,#2844),.UNSPECIFIED.,.F.,.F.,
(2,2),(-1.63000000000001,-0.0199999999999987),.UNSPECIFIED.);
#1685=B_SPLINE_CURVE_WITH_KNOTS('',1,(#2845,#2846),.UNSPECIFIED.,.F.,.F.,
(2,2),(-2.59000000000001,-1.63000000000001),.UNSPECIFIED.);
#1686=B_SPLINE_CURVE_WITH_KNOTS('',1,(#2847,#2848),.UNSPECIFIED.,.F.,.F.,
(2,2),(0.0199999999999993,1.63),.UNSPECIFIED.);
#1687=B_SPLINE_CURVE_WITH_KNOTS('',1,(#2849,#2850),.UNSPECIFIED.,.F.,.F.,
(2,2),(0.0199999999999998,0.979999999999997),.UNSPECIFIED.);
#1688=B_SPLINE_CURVE_WITH_KNOTS('',1,(#2856,#2857),.UNSPECIFIED.,.F.,.F.,
(2,2),(-1.63000000000001,-0.0199999999999986),.UNSPECIFIED.);
#1689=B_SPLINE_CURVE_WITH_KNOTS('',1,(#2858,#2859),.UNSPECIFIED.,.F.,.F.,
(2,2),(-2.59000000000001,-1.63000000000001),.UNSPECIFIED.);
#1690=B_SPLINE_CURVE_WITH_KNOTS('',1,(#2860,#2861),.UNSPECIFIED.,.F.,.F.,
(2,2),(0.0199999999999982,1.63),.UNSPECIFIED.);
#1691=B_SPLINE_CURVE_WITH_KNOTS('',1,(#2862,#2863),.UNSPECIFIED.,.F.,.F.,
(2,2),(0.0200000000000009,0.98),.UNSPECIFIED.);
#1692=B_SPLINE_CURVE_WITH_KNOTS('',1,(#2869,#2870),.UNSPECIFIED.,.F.,.F.,
(2,2),(-1.63000000000001,-0.0200000000000002),.UNSPECIFIED.);
#1693=B_SPLINE_CURVE_WITH_KNOTS('',1,(#2871,#2872),.UNSPECIFIED.,.F.,.F.,
(2,2),(-2.59000000000001,-1.63000000000001),.UNSPECIFIED.);
#1694=B_SPLINE_CURVE_WITH_KNOTS('',1,(#2873,#2874),.UNSPECIFIED.,.F.,.F.,
(2,2),(0.0200000000000009,1.63),.UNSPECIFIED.);
#1695=B_SPLINE_CURVE_WITH_KNOTS('',1,(#2875,#2876),.UNSPECIFIED.,.F.,.F.,
(2,2),(0.0200000000000028,0.979999999999999),.UNSPECIFIED.);
#1696=B_SPLINE_CURVE_WITH_KNOTS('',1,(#2882,#2883),.UNSPECIFIED.,.F.,.F.,
(2,2),(-1.63000000000002,-0.0200000000000141),.UNSPECIFIED.);
#1697=B_SPLINE_CURVE_WITH_KNOTS('',1,(#2884,#2885),.UNSPECIFIED.,.F.,.F.,
(2,2),(-2.59000000000001,-1.63000000000001),.UNSPECIFIED.);
#1698=B_SPLINE_CURVE_WITH_KNOTS('',1,(#2886,#2887),.UNSPECIFIED.,.F.,.F.,
(2,2),(0.0200000000000152,1.63000000000002),.UNSPECIFIED.);
#1699=B_SPLINE_CURVE_WITH_KNOTS('',1,(#2888,#2889),.UNSPECIFIED.,.F.,.F.,
(2,2),(0.0200000000000163,0.980000000000015),.UNSPECIFIED.);
#1700=B_SPLINE_CURVE_WITH_KNOTS('',1,(#2895,#2896),.UNSPECIFIED.,.F.,.F.,
(2,2),(-1.63000000000001,-0.0200000000000031),.UNSPECIFIED.);
#1701=B_SPLINE_CURVE_WITH_KNOTS('',1,(#2897,#2898),.UNSPECIFIED.,.F.,.F.,
(2,2),(-2.59000000000001,-1.63000000000001),.UNSPECIFIED.);
#1702=B_SPLINE_CURVE_WITH_KNOTS('',1,(#2899,#2900),.UNSPECIFIED.,.F.,.F.,
(2,2),(0.0200000000000026,1.63),.UNSPECIFIED.);
#1703=B_SPLINE_CURVE_WITH_KNOTS('',1,(#2901,#2902),.UNSPECIFIED.,.F.,.F.,
(2,2),(0.0200000000000022,0.979999999999999),.UNSPECIFIED.);
#1704=B_SPLINE_CURVE_WITH_KNOTS('',1,(#2908,#2909),.UNSPECIFIED.,.F.,.F.,
(2,2),(-1.63,-0.0199999999999991),.UNSPECIFIED.);
#1705=B_SPLINE_CURVE_WITH_KNOTS('',1,(#2910,#2911),.UNSPECIFIED.,.F.,.F.,
(2,2),(-2.59000000000001,-1.63000000000001),.UNSPECIFIED.);
#1706=B_SPLINE_CURVE_WITH_KNOTS('',1,(#2912,#2913),.UNSPECIFIED.,.F.,.F.,
(2,2),(0.0200000000000006,1.63),.UNSPECIFIED.);
#1707=B_SPLINE_CURVE_WITH_KNOTS('',1,(#2914,#2915),.UNSPECIFIED.,.F.,.F.,
(2,2),(0.0199999999999968,0.979999999999997),.UNSPECIFIED.);
#1708=B_SPLINE_CURVE_WITH_KNOTS('',1,(#2921,#2922),.UNSPECIFIED.,.F.,.F.,
(2,2),(0.,8.48754709346918),.UNSPECIFIED.);
#1709=B_SPLINE_CURVE_WITH_KNOTS('',1,(#2923,#2924),.UNSPECIFIED.,.F.,.F.,
(2,2),(0.,4.02307625834901),.UNSPECIFIED.);
#1710=B_SPLINE_CURVE_WITH_KNOTS('',1,(#2925,#2926),.UNSPECIFIED.,.F.,.F.,
(2,2),(-1.48877414104277,1.48878147593276),.UNSPECIFIED.);
#1711=B_SPLINE_CURVE_WITH_KNOTS('',1,(#2927,#2928),.UNSPECIFIED.,.F.,.F.,
(2,2),(2.17407416626102,6.19716978806884),.UNSPECIFIED.);
#1712=B_SPLINE_CURVE_WITH_KNOTS('',1,(#2933,#2934),.UNSPECIFIED.,.F.,.F.,
(2,2),(0.,2.17407416626102),.UNSPECIFIED.);
#1713=B_SPLINE_CURVE_WITH_KNOTS('',1,(#2935,#2936),.UNSPECIFIED.,.F.,.F.,
(2,2),(-1.48877414104277,1.48878147593276),.UNSPECIFIED.);
#1714=B_SPLINE_CURVE_WITH_KNOTS('',1,(#2937,#2938),.UNSPECIFIED.,.F.,.F.,
(2,2),(4.02307625834901,6.19714007386068),.UNSPECIFIED.);
#1715=B_SPLINE_CURVE_WITH_KNOTS('',1,(#2970,#2971),.UNSPECIFIED.,.F.,.F.,
(2,2),(0.,5.0066431086073),.UNSPECIFIED.);
#1716=B_SPLINE_CURVE_WITH_KNOTS('',1,(#2972,#2973),.UNSPECIFIED.,.F.,.F.,
(2,2),(0.,3.68363375067962),.UNSPECIFIED.);
#1717=B_SPLINE_CURVE_WITH_KNOTS('',1,(#2974,#2975),.UNSPECIFIED.,.F.,.F.,
(2,2),(0.,0.810000000001196),.UNSPECIFIED.);
#1718=B_SPLINE_CURVE_WITH_KNOTS('',1,(#2976,#2977),.UNSPECIFIED.,.F.,.F.,
(2,2),(0.,0.810030000001206),.UNSPECIFIED.);
#1719=B_SPLINE_CURVE_WITH_KNOTS('',1,(#2978,#2979),.UNSPECIFIED.,.F.,.F.,
(2,2),(0.,0.810000000001196),.UNSPECIFIED.);
#1720=B_SPLINE_CURVE_WITH_KNOTS('',1,(#2980,#2981),.UNSPECIFIED.,.F.,.F.,
(2,2),(0.,0.810000000001224),.UNSPECIFIED.);
#1721=B_SPLINE_CURVE_WITH_KNOTS('',1,(#2982,#2983),.UNSPECIFIED.,.F.,.F.,
(2,2),(0.,1.90000000000282),.UNSPECIFIED.);
#1722=B_SPLINE_CURVE_WITH_KNOTS('',1,(#2984,#2985),.UNSPECIFIED.,.F.,.F.,
(2,2),(0.,1.90000000000282),.UNSPECIFIED.);
#1723=B_SPLINE_CURVE_WITH_KNOTS('',1,(#2986,#2987),.UNSPECIFIED.,.F.,.F.,
(2,2),(2.90000000000429,4.18000000000619),.UNSPECIFIED.);
#1724=B_SPLINE_CURVE_WITH_KNOTS('',1,(#2988,#2989),.UNSPECIFIED.,.F.,.F.,
(2,2),(2.09000000000309,2.90000000000429),.UNSPECIFIED.);
#1725=B_SPLINE_CURVE_WITH_KNOTS('',1,(#2990,#2991),.UNSPECIFIED.,.F.,.F.,
(2,2),(0.810000000001196,2.09000000000309),.UNSPECIFIED.);
#1726=B_SPLINE_CURVE_WITH_KNOTS('',1,(#2992,#2993),.UNSPECIFIED.,.F.,.F.,
(2,2),(2.90006000000431,4.18006000000621),.UNSPECIFIED.);
#1727=B_SPLINE_CURVE_WITH_KNOTS('',1,(#2994,#2995),.UNSPECIFIED.,.F.,.F.,
(2,2),(2.0900300000031,2.90006000000431),.UNSPECIFIED.);
#1728=B_SPLINE_CURVE_WITH_KNOTS('',1,(#2996,#2997),.UNSPECIFIED.,.F.,.F.,
(2,2),(0.810030000001206,2.0900300000031),.UNSPECIFIED.);
#1729=B_SPLINE_CURVE_WITH_KNOTS('',1,(#2998,#2999),.UNSPECIFIED.,.F.,.F.,
(2,2),(2.90000000000429,4.18000000000619),.UNSPECIFIED.);
#1730=B_SPLINE_CURVE_WITH_KNOTS('',1,(#3000,#3001),.UNSPECIFIED.,.F.,.F.,
(2,2),(2.09000000000309,2.90000000000429),.UNSPECIFIED.);
#1731=B_SPLINE_CURVE_WITH_KNOTS('',1,(#3002,#3003),.UNSPECIFIED.,.F.,.F.,
(2,2),(0.810000000001196,2.09000000000309),.UNSPECIFIED.);
#1732=B_SPLINE_CURVE_WITH_KNOTS('',1,(#3004,#3005),.UNSPECIFIED.,.F.,.F.,
(2,2),(2.90000000000435,4.18000000000625),.UNSPECIFIED.);
#1733=B_SPLINE_CURVE_WITH_KNOTS('',1,(#3006,#3007),.UNSPECIFIED.,.F.,.F.,
(2,2),(2.09000000000312,2.90000000000435),.UNSPECIFIED.);
#1734=B_SPLINE_CURVE_WITH_KNOTS('',1,(#3008,#3009),.UNSPECIFIED.,.F.,.F.,
(2,2),(0.810000000001224,2.09000000000312),.UNSPECIFIED.);
#1735=B_SPLINE_CURVE_WITH_KNOTS('',1,(#3010,#3011),.UNSPECIFIED.,.F.,.F.,
(2,2),(5.00000000000742,6.2000000000092),.UNSPECIFIED.);
#1736=B_SPLINE_CURVE_WITH_KNOTS('',1,(#3012,#3013),.UNSPECIFIED.,.F.,.F.,
(2,2),(3.1000000000046,5.00000000000742),.UNSPECIFIED.);
#1737=B_SPLINE_CURVE_WITH_KNOTS('',1,(#3014,#3015),.UNSPECIFIED.,.F.,.F.,
(2,2),(1.90000000000282,3.1000000000046),.UNSPECIFIED.);
#1738=B_SPLINE_CURVE_WITH_KNOTS('',1,(#3016,#3017),.UNSPECIFIED.,.F.,.F.,
(2,2),(5.00000000000742,6.2000000000092),.UNSPECIFIED.);
#1739=B_SPLINE_CURVE_WITH_KNOTS('',1,(#3018,#3019),.UNSPECIFIED.,.F.,.F.,
(2,2),(3.1000000000046,5.00000000000742),.UNSPECIFIED.);
#1740=B_SPLINE_CURVE_WITH_KNOTS('',1,(#3020,#3021),.UNSPECIFIED.,.F.,.F.,
(2,2),(1.90000000000282,3.1000000000046),.UNSPECIFIED.);
#1741=B_SPLINE_CURVE_WITH_KNOTS('',1,(#3022,#3023),.UNSPECIFIED.,.F.,.F.,
(2,2),(2.67754156512028,3.86651388799957),.UNSPECIFIED.);
#1742=B_SPLINE_CURVE_WITH_KNOTS('',1,(#3024,#3025),.UNSPECIFIED.,.F.,.F.,
(2,2),(0.491999999999969,5.54456737011157),.UNSPECIFIED.);
#1743=B_SPLINE_CURVE_WITH_KNOTS('',1,(#3026,#3027),.UNSPECIFIED.,.F.,.F.,
(2,2),(-1.48877414104277,1.48879607324419),.UNSPECIFIED.);
#1744=B_SPLINE_CURVE_WITH_KNOTS('',1,(#3028,#3029),.UNSPECIFIED.,.F.,.F.,
(2,2),(2.10546510244915,5.85410655914871),.UNSPECIFIED.);
#1745=B_SPLINE_CURVE_WITH_KNOTS('',1,(#3036,#3037),.UNSPECIFIED.,.F.,.F.,
(2,2),(0.,12651.148725516),.UNSPECIFIED.);
#1746=B_SPLINE_CURVE_WITH_KNOTS('',1,(#3038,#3039),.UNSPECIFIED.,.F.,.F.,
(2,2),(0.,13193.0100000196),.UNSPECIFIED.);
#1747=B_SPLINE_CURVE_WITH_KNOTS('',1,(#3040,#3041),.UNSPECIFIED.,.F.,.F.,
(2,2),(-5854.10655914872,0.),.UNSPECIFIED.);
#1748=B_SPLINE_CURVE_WITH_KNOTS('',1,(#3042,#3043),.UNSPECIFIED.,.F.,.F.,
(2,2),(-5854.10655914872,-2105.45458125652),.UNSPECIFIED.);
#1749=B_SPLINE_CURVE_WITH_KNOTS('',3,(#3044,#3045,#3046,#3047),
 .UNSPECIFIED.,.F.,.F.,(4,4),(0.,2.17406296458026),.UNSPECIFIED.);
#1750=B_SPLINE_CURVE_WITH_KNOTS('',1,(#3054,#3055),.UNSPECIFIED.,.F.,.F.,
(2,2),(0.,13193.0100000196),.UNSPECIFIED.);
#1751=B_SPLINE_CURVE_WITH_KNOTS('',1,(#3056,#3057),.UNSPECIFIED.,.F.,.F.,
(2,2),(-5854.10655914872,-2129.11946507793),.UNSPECIFIED.);
#1752=B_SPLINE_CURVE_WITH_KNOTS('',1,(#3058,#3059),.UNSPECIFIED.,.F.,.F.,
(2,2),(-5854.10655914872,0.),.UNSPECIFIED.);
#1753=B_SPLINE_CURVE_WITH_KNOTS('',3,(#3060,#3061,#3062,#3063),
 .UNSPECIFIED.,.F.,.F.,(4,4),(0.,2.17408419898027),.UNSPECIFIED.);
#1754=B_SPLINE_CURVE_WITH_KNOTS('',1,(#3064,#3065),.UNSPECIFIED.,.F.,.F.,
(2,2),(541.861274503519,13193.0100000196),.UNSPECIFIED.);
#1755=B_SPLINE_CURVE_WITH_KNOTS('',1,(#3077,#3078),.UNSPECIFIED.,.F.,.F.,
(2,2),(0.,5.78909921941479),.UNSPECIFIED.);
#1756=B_SPLINE_CURVE_WITH_KNOTS('',1,(#3079,#3080),.UNSPECIFIED.,.F.,.F.,
(2,2),(47.0694022317986,60.2624122318182),.UNSPECIFIED.);
#1757=B_SPLINE_CURVE_WITH_KNOTS('',1,(#3081,#3082),.UNSPECIFIED.,.F.,.F.,
(2,2),(34.2760006700346,34.3334917260465),.UNSPECIFIED.);
#1758=B_SPLINE_CURVE_WITH_KNOTS('',1,(#3083,#3084),.UNSPECIFIED.,.F.,.F.,
(2,2),(29.3668006700273,34.2760006700346),.UNSPECIFIED.);
#1759=B_SPLINE_CURVE_WITH_KNOTS('',1,(#3085,#3086),.UNSPECIFIED.,.F.,.F.,
(2,2),(26.2854961159034,29.3668006700273),.UNSPECIFIED.);
#1760=B_SPLINE_CURVE_WITH_KNOTS('',1,(#3087,#3088),.UNSPECIFIED.,.F.,.F.,
(2,2),(15.935496115888,26.2854961159034),.UNSPECIFIED.);
#1761=B_SPLINE_CURVE_WITH_KNOTS('',1,(#3089,#3090),.UNSPECIFIED.,.F.,.F.,
(2,2),(6.8525892194164,15.935496115888),.UNSPECIFIED.);
#1762=B_SPLINE_CURVE_WITH_KNOTS('',1,(#3091,#3092),.UNSPECIFIED.,.F.,.F.,
(2,2),(5.78909921941479,6.8525892194164),.UNSPECIFIED.);
#1763=B_SPLINE_CURVE_WITH_KNOTS('',3,(#3093,#3094,#3095,#3096),
 .UNSPECIFIED.,.F.,.F.,(4,4),(2.17408419898043,6.19716968025612),
 .UNSPECIFIED.);
#1764=B_SPLINE_CURVE_WITH_KNOTS('',1,(#3097,#3098),.UNSPECIFIED.,.F.,.F.,
(2,2),(43.3857795199923,47.0694022317986),.UNSPECIFIED.);
#1765=B_SPLINE_CURVE_WITH_KNOTS('',1,(#3108,#3109),.UNSPECIFIED.,.F.,.F.,
(2,2),(48.4917511033245,52.2404030812737),.UNSPECIFIED.);
#1766=B_SPLINE_CURVE_WITH_KNOTS('',1,(#3110,#3111),.UNSPECIFIED.,.F.,.F.,
(2,2),(35.2987411033049,48.4917511033245),.UNSPECIFIED.);
#1767=B_SPLINE_CURVE_WITH_KNOTS('',1,(#3112,#3113),.UNSPECIFIED.,.F.,.F.,
(2,2),(29.4446345441561,35.2987411033049),.UNSPECIFIED.);
#1768=B_SPLINE_CURVE_WITH_KNOTS('',1,(#3114,#3115),.UNSPECIFIED.,.F.,.F.,
(2,2),(28.3811445441545,29.4446345441561),.UNSPECIFIED.);
#1769=B_SPLINE_CURVE_WITH_KNOTS('',1,(#3116,#3117),.UNSPECIFIED.,.F.,.F.,
(2,2),(22.3215222720893,28.3811445441545),.UNSPECIFIED.);
#1770=B_SPLINE_CURVE_WITH_KNOTS('',1,(#3118,#3119),.UNSPECIFIED.,.F.,.F.,
(2,2),(7.06232227206664,22.3215222720893),.UNSPECIFIED.);
#1771=B_SPLINE_CURVE_WITH_KNOTS('',3,(#3120,#3121,#3122,#3123),
 .UNSPECIFIED.,.F.,.F.,(4,4),(0.122511929388207,4.14557776366011),
 .UNSPECIFIED.);
#1772=B_SPLINE_CURVE_WITH_KNOTS('',1,(#3124,#3125),.UNSPECIFIED.,.F.,.F.,
(2,2),(7.00427275756665,7.06232227206664),.UNSPECIFIED.);
#1773=B_SPLINE_CURVE_WITH_KNOTS('',1,(#3131,#3132),.UNSPECIFIED.,.F.,.F.,
(2,2),(0.,15.2592000000226),.UNSPECIFIED.);
#1774=B_SPLINE_CURVE_WITH_KNOTS('',1,(#3133,#3134),.UNSPECIFIED.,.F.,.F.,
(2,2),(0.,2.45004094047791),.UNSPECIFIED.);
#1775=B_SPLINE_CURVE_WITH_KNOTS('',1,(#3135,#3136),.UNSPECIFIED.,.F.,.F.,
(2,2),(0.,15.2592000000226),.UNSPECIFIED.);
#1776=B_SPLINE_CURVE_WITH_KNOTS('',1,(#3137,#3138),.UNSPECIFIED.,.F.,.F.,
(2,2),(0.,2.45004094047791),.UNSPECIFIED.);
#1777=B_SPLINE_CURVE_WITH_KNOTS('',1,(#3144,#3145),.UNSPECIFIED.,.F.,.F.,
(2,2),(0.,2.45003886134849),.UNSPECIFIED.);
#1778=B_SPLINE_CURVE_WITH_KNOTS('',1,(#3146,#3147),.UNSPECIFIED.,.F.,.F.,
(2,2),(0.,4.90920000000728),.UNSPECIFIED.);
#1779=B_SPLINE_CURVE_WITH_KNOTS('',1,(#3148,#3149),.UNSPECIFIED.,.F.,.F.,
(2,2),(0.,2.45003886134849),.UNSPECIFIED.);
#1780=B_SPLINE_CURVE_WITH_KNOTS('',1,(#3150,#3151),.UNSPECIFIED.,.F.,.F.,
(2,2),(0.,4.90920000000728),.UNSPECIFIED.);
#1781=B_SPLINE_CURVE_WITH_KNOTS('',1,(#3157,#3158),.UNSPECIFIED.,.F.,.F.,
(2,2),(0.,2.67500000000399),.UNSPECIFIED.);
#1782=B_SPLINE_CURVE_WITH_KNOTS('',1,(#3159,#3160),.UNSPECIFIED.,.F.,.F.,
(2,2),(0.,2.59100000000385),.UNSPECIFIED.);
#1783=B_SPLINE_CURVE_WITH_KNOTS('',1,(#3161,#3162),.UNSPECIFIED.,.F.,.F.,
(2,2),(0.,2.67500000000399),.UNSPECIFIED.);
#1784=B_SPLINE_CURVE_WITH_KNOTS('',1,(#3163,#3164),.UNSPECIFIED.,.F.,.F.,
(2,2),(0.,2.59100000000385),.UNSPECIFIED.);
#1785=B_SPLINE_CURVE_WITH_KNOTS('',1,(#3170,#3171),.UNSPECIFIED.,.F.,.F.,
(2,2),(0.,2.67500000000399),.UNSPECIFIED.);
#1786=B_SPLINE_CURVE_WITH_KNOTS('',1,(#3172,#3173),.UNSPECIFIED.,.F.,.F.,
(2,2),(0.,2.59100000000385),.UNSPECIFIED.);
#1787=B_SPLINE_CURVE_WITH_KNOTS('',1,(#3174,#3175),.UNSPECIFIED.,.F.,.F.,
(2,2),(0.,2.67500000000399),.UNSPECIFIED.);
#1788=B_SPLINE_CURVE_WITH_KNOTS('',1,(#3176,#3177),.UNSPECIFIED.,.F.,.F.,
(2,2),(0.,2.59100000000385),.UNSPECIFIED.);
#1789=B_SPLINE_CURVE_WITH_KNOTS('',1,(#3183,#3184),.UNSPECIFIED.,.F.,.F.,
(2,2),(0.,1.58000000000234),.UNSPECIFIED.);
#1790=B_SPLINE_CURVE_WITH_KNOTS('',1,(#3185,#3186),.UNSPECIFIED.,.F.,.F.,
(2,2),(0.,2.39820000000356),.UNSPECIFIED.);
#1791=B_SPLINE_CURVE_WITH_KNOTS('',1,(#3187,#3188),.UNSPECIFIED.,.F.,.F.,
(2,2),(0.,1.58000000000234),.UNSPECIFIED.);
#1792=B_SPLINE_CURVE_WITH_KNOTS('',1,(#3189,#3190),.UNSPECIFIED.,.F.,.F.,
(2,2),(0.,2.39820000000356),.UNSPECIFIED.);
#1793=B_SPLINE_CURVE_WITH_KNOTS('',1,(#3196,#3197),.UNSPECIFIED.,.F.,.F.,
(2,2),(0.,1.08400000000161),.UNSPECIFIED.);
#1794=B_SPLINE_CURVE_WITH_KNOTS('',1,(#3198,#3199),.UNSPECIFIED.,.F.,.F.,
(2,2),(0.,2.40300000000357),.UNSPECIFIED.);
#1795=B_SPLINE_CURVE_WITH_KNOTS('',1,(#3200,#3201),.UNSPECIFIED.,.F.,.F.,
(2,2),(0.,1.08400000000161),.UNSPECIFIED.);
#1796=B_SPLINE_CURVE_WITH_KNOTS('',1,(#3202,#3203),.UNSPECIFIED.,.F.,.F.,
(2,2),(0.,2.40300000000357),.UNSPECIFIED.);
#1797=B_SPLINE_CURVE_WITH_KNOTS('',1,(#3209,#3210),.UNSPECIFIED.,.F.,.F.,
(2,2),(-7.39150000001098,-5.46150000000813),.UNSPECIFIED.);
#1798=B_SPLINE_CURVE_WITH_KNOTS('',1,(#3211,#3212),.UNSPECIFIED.,.F.,.F.,
(2,2),(0.,2.31800000000344),.UNSPECIFIED.);
#1799=B_SPLINE_CURVE_WITH_KNOTS('',1,(#3213,#3214),.UNSPECIFIED.,.F.,.F.,
(2,2),(0.,1.93000000000288),.UNSPECIFIED.);
#1800=B_SPLINE_CURVE_WITH_KNOTS('',1,(#3215,#3216),.UNSPECIFIED.,.F.,.F.,
(2,2),(0.,2.31800000000344),.UNSPECIFIED.);
#1801=B_SPLINE_CURVE_WITH_KNOTS('',1,(#3222,#3223),.UNSPECIFIED.,.F.,.F.,
(2,2),(0.,1.90000000000282),.UNSPECIFIED.);
#1802=B_SPLINE_CURVE_WITH_KNOTS('',1,(#3224,#3225),.UNSPECIFIED.,.F.,.F.,
(2,2),(0.,1.20000000000178),.UNSPECIFIED.);
#1803=B_SPLINE_CURVE_WITH_KNOTS('',1,(#3226,#3227),.UNSPECIFIED.,.F.,.F.,
(2,2),(0.,1.90000000000282),.UNSPECIFIED.);
#1804=B_SPLINE_CURVE_WITH_KNOTS('',1,(#3228,#3229),.UNSPECIFIED.,.F.,.F.,
(2,2),(0.,1.20000000000178),.UNSPECIFIED.);
#1805=B_SPLINE_CURVE_WITH_KNOTS('',1,(#3235,#3236),.UNSPECIFIED.,.F.,.F.,
(2,2),(0.,1.90000000000282),.UNSPECIFIED.);
#1806=B_SPLINE_CURVE_WITH_KNOTS('',1,(#3237,#3238),.UNSPECIFIED.,.F.,.F.,
(2,2),(0.,1.20000000000178),.UNSPECIFIED.);
#1807=B_SPLINE_CURVE_WITH_KNOTS('',1,(#3239,#3240),.UNSPECIFIED.,.F.,.F.,
(2,2),(0.,1.90000000000282),.UNSPECIFIED.);
#1808=B_SPLINE_CURVE_WITH_KNOTS('',1,(#3241,#3242),.UNSPECIFIED.,.F.,.F.,
(2,2),(0.,1.20000000000178),.UNSPECIFIED.);
#1809=B_SPLINE_CURVE_WITH_KNOTS('',1,(#3248,#3249),.UNSPECIFIED.,.F.,.F.,
(2,2),(0.,8.23299000001222),.UNSPECIFIED.);
#1810=B_SPLINE_CURVE_WITH_KNOTS('',1,(#3250,#3251),.UNSPECIFIED.,.F.,.F.,
(2,2),(0.,0.491999999999969),.UNSPECIFIED.);
#1811=B_SPLINE_CURVE_WITH_KNOTS('',1,(#3252,#3253),.UNSPECIFIED.,.F.,.F.,
(2,2),(2.67754156512028,3.86651388799957),.UNSPECIFIED.);
#1812=B_SPLINE_CURVE_WITH_KNOTS('',1,(#3254,#3255),.UNSPECIFIED.,.F.,.F.,
(2,2),(5.0066431086073,5.49864310860727),.UNSPECIFIED.);
#1813=B_SPLINE_CURVE_WITH_KNOTS('',1,(#3261,#3262),.UNSPECIFIED.,.F.,.F.,
(2,2),(0.,13.1930100000196),.UNSPECIFIED.);
#1814=B_SPLINE_CURVE_WITH_KNOTS('',1,(#3263,#3264),.UNSPECIFIED.,.F.,.F.,
(2,2),(0.,0.491999999999955),.UNSPECIFIED.);
#1815=B_SPLINE_CURVE_WITH_KNOTS('',1,(#3265,#3266),.UNSPECIFIED.,.F.,.F.,
(2,2),(-3.22151000000483,9.97150000001479),.UNSPECIFIED.);
#1816=B_SPLINE_CURVE_WITH_KNOTS('',1,(#3267,#3268),.UNSPECIFIED.,.F.,.F.,
(2,2),(5.0066431086073,5.49864310860725),.UNSPECIFIED.);
#1817=B_SPLINE_CURVE_WITH_KNOTS('',1,(#3274,#3275),.UNSPECIFIED.,.F.,.F.,
(2,2),(0.,8.23299000001224),.UNSPECIFIED.);
#1818=B_SPLINE_CURVE_WITH_KNOTS('',1,(#3276,#3277),.UNSPECIFIED.,.F.,.F.,
(2,2),(0.,0.491999999999962),.UNSPECIFIED.);
#1819=B_SPLINE_CURVE_WITH_KNOTS('',1,(#3278,#3279),.UNSPECIFIED.,.F.,.F.,
(2,2),(-0.772264898262932,0.416707424616373),.UNSPECIFIED.);
#1820=B_SPLINE_CURVE_WITH_KNOTS('',1,(#3280,#3281),.UNSPECIFIED.,.F.,.F.,
(2,2),(5.00664310860731,5.49864310860727),.UNSPECIFIED.);
#1821=B_SPLINE_CURVE_WITH_KNOTS('',1,(#3287,#3288),.UNSPECIFIED.,.F.,.F.,
(2,2),(0.,13.1930100000196),.UNSPECIFIED.);
#1822=B_SPLINE_CURVE_WITH_KNOTS('',1,(#3289,#3290),.UNSPECIFIED.,.F.,.F.,
(2,2),(0.,0.491999999999944),.UNSPECIFIED.);
#1823=B_SPLINE_CURVE_WITH_KNOTS('',1,(#3291,#3292),.UNSPECIFIED.,.F.,.F.,
(2,2),(-5.80151000000865,7.39150000001098),.UNSPECIFIED.);
#1824=B_SPLINE_CURVE_WITH_KNOTS('',1,(#3293,#3294),.UNSPECIFIED.,.F.,.F.,
(2,2),(5.00664310860731,5.49864310860725),.UNSPECIFIED.);
#1825=B_SPLINE_CURVE_WITH_KNOTS('',1,(#3317,#3318),.UNSPECIFIED.,.F.,.F.,
(2,2),(0.,5.85410655914874),.UNSPECIFIED.);
#1826=B_SPLINE_CURVE_WITH_KNOTS('',1,(#3319,#3320),.UNSPECIFIED.,.F.,.F.,
(2,2),(0.,5.00664310860731),.UNSPECIFIED.);
#1827=B_SPLINE_CURVE_WITH_KNOTS('',1,(#3321,#3322),.UNSPECIFIED.,.F.,.F.,
(2,2),(0.,5.7890992194147),.UNSPECIFIED.);
#1828=B_SPLINE_CURVE_WITH_KNOTS('',1,(#3323,#3324),.UNSPECIFIED.,.F.,.F.,
(2,2),(0.,2.67500000000399),.UNSPECIFIED.);
#1829=B_SPLINE_CURVE_WITH_KNOTS('',1,(#3325,#3326),.UNSPECIFIED.,.F.,.F.,
(2,2),(0.,1.75000000000261),.UNSPECIFIED.);
#1830=B_SPLINE_CURVE_WITH_KNOTS('',1,(#3327,#3328),.UNSPECIFIED.,.F.,.F.,
(2,2),(0.,1.75000000000261),.UNSPECIFIED.);
#1831=B_SPLINE_CURVE_WITH_KNOTS('',1,(#3329,#3330),.UNSPECIFIED.,.F.,.F.,
(2,2),(0.,2.67500000000399),.UNSPECIFIED.);
#1832=B_SPLINE_CURVE_WITH_KNOTS('',1,(#3331,#3332),.UNSPECIFIED.,.F.,.F.,
(2,2),(7.94100000001183,10.5320000000157),.UNSPECIFIED.);
#1833=B_SPLINE_CURVE_WITH_KNOTS('',1,(#3333,#3334),.UNSPECIFIED.,.F.,.F.,
(2,2),(5.26600000000784,7.94100000001183),.UNSPECIFIED.);
#1834=B_SPLINE_CURVE_WITH_KNOTS('',1,(#3335,#3336),.UNSPECIFIED.,.F.,.F.,
(2,2),(2.67500000000399,5.26600000000784),.UNSPECIFIED.);
#1835=B_SPLINE_CURVE_WITH_KNOTS('',1,(#3337,#3338),.UNSPECIFIED.,.F.,.F.,
(2,2),(5.71300000000851,7.9260000000118),.UNSPECIFIED.);
#1836=B_SPLINE_CURVE_WITH_KNOTS('',1,(#3339,#3340),.UNSPECIFIED.,.F.,.F.,
(2,2),(3.9630000000059,5.71300000000851),.UNSPECIFIED.);
#1837=B_SPLINE_CURVE_WITH_KNOTS('',1,(#3341,#3342),.UNSPECIFIED.,.F.,.F.,
(2,2),(1.75000000000261,3.9630000000059),.UNSPECIFIED.);
#1838=B_SPLINE_CURVE_WITH_KNOTS('',1,(#3343,#3344),.UNSPECIFIED.,.F.,.F.,
(2,2),(5.71300000000851,7.9260000000118),.UNSPECIFIED.);
#1839=B_SPLINE_CURVE_WITH_KNOTS('',1,(#3345,#3346),.UNSPECIFIED.,.F.,.F.,
(2,2),(3.9630000000059,5.71300000000851),.UNSPECIFIED.);
#1840=B_SPLINE_CURVE_WITH_KNOTS('',1,(#3347,#3348),.UNSPECIFIED.,.F.,.F.,
(2,2),(1.75000000000261,3.9630000000059),.UNSPECIFIED.);
#1841=B_SPLINE_CURVE_WITH_KNOTS('',1,(#3349,#3350),.UNSPECIFIED.,.F.,.F.,
(2,2),(7.94100000001183,10.5320000000157),.UNSPECIFIED.);
#1842=B_SPLINE_CURVE_WITH_KNOTS('',1,(#3351,#3352),.UNSPECIFIED.,.F.,.F.,
(2,2),(5.26600000000784,7.94100000001183),.UNSPECIFIED.);
#1843=B_SPLINE_CURVE_WITH_KNOTS('',1,(#3353,#3354),.UNSPECIFIED.,.F.,.F.,
(2,2),(2.67500000000399,5.26600000000784),.UNSPECIFIED.);
#1844=B_SPLINE_CURVE_WITH_KNOTS('',1,(#3355,#3356),.UNSPECIFIED.,.F.,.F.,
(2,2),(-0.772264898262932,0.416707424616373),.UNSPECIFIED.);
#1845=B_SPLINE_CURVE_WITH_KNOTS('',1,(#3357,#3358),.UNSPECIFIED.,.F.,.F.,
(2,2),(0.491999999999962,5.54456737011157),.UNSPECIFIED.);
#1846=B_SPLINE_CURVE_WITH_KNOTS('',1,(#3372,#3373),.UNSPECIFIED.,.F.,.F.,
(2,2),(0.,13.1930100000196),.UNSPECIFIED.);
#1847=B_SPLINE_CURVE_WITH_KNOTS('',1,(#3374,#3375),.UNSPECIFIED.,.F.,.F.,
(2,2),(0.,5.0066431086073),.UNSPECIFIED.);
#1848=B_SPLINE_CURVE_WITH_KNOTS('',1,(#3376,#3377),.UNSPECIFIED.,.F.,.F.,
(2,2),(0.,1.08400000000161),.UNSPECIFIED.);
#1849=B_SPLINE_CURVE_WITH_KNOTS('',1,(#3378,#3379),.UNSPECIFIED.,.F.,.F.,
(2,2),(0.,1.58000000000234),.UNSPECIFIED.);
#1850=B_SPLINE_CURVE_WITH_KNOTS('',1,(#3380,#3381),.UNSPECIFIED.,.F.,.F.,
(2,2),(4.57100000000678,6.97400000001034),.UNSPECIFIED.);
#1851=B_SPLINE_CURVE_WITH_KNOTS('',1,(#3382,#3383),.UNSPECIFIED.,.F.,.F.,
(2,2),(3.48700000000517,4.57100000000678),.UNSPECIFIED.);
#1852=B_SPLINE_CURVE_WITH_KNOTS('',1,(#3384,#3385),.UNSPECIFIED.,.F.,.F.,
(2,2),(1.08400000000161,3.48700000000517),.UNSPECIFIED.);
#1853=B_SPLINE_CURVE_WITH_KNOTS('',1,(#3386,#3387),.UNSPECIFIED.,.F.,.F.,
(2,2),(5.55820000000823,7.9564000000118),.UNSPECIFIED.);
#1854=B_SPLINE_CURVE_WITH_KNOTS('',1,(#3388,#3389),.UNSPECIFIED.,.F.,.F.,
(2,2),(3.9782000000059,5.55820000000823),.UNSPECIFIED.);
#1855=B_SPLINE_CURVE_WITH_KNOTS('',1,(#3390,#3391),.UNSPECIFIED.,.F.,.F.,
(2,2),(1.58000000000234,3.9782000000059),.UNSPECIFIED.);
#1856=B_SPLINE_CURVE_WITH_KNOTS('',1,(#3392,#3393),.UNSPECIFIED.,.F.,.F.,
(2,2),(-3.22151000000483,9.97150000001479),.UNSPECIFIED.);
#1857=B_SPLINE_CURVE_WITH_KNOTS('',1,(#3394,#3395),.UNSPECIFIED.,.F.,.F.,
(2,2),(0.491999999999955,5.49864310860725),.UNSPECIFIED.);
#1858=B_SPLINE_CURVE_WITH_KNOTS('',1,(#3405,#3406),.UNSPECIFIED.,.F.,.F.,
(2,2),(0.,5.05256737011163),.UNSPECIFIED.);
#1859=B_SPLINE_CURVE_WITH_KNOTS('',1,(#3407,#3408),.UNSPECIFIED.,.F.,.F.,
(2,2),(0.,13.1930100000196),.UNSPECIFIED.);
#1860=B_SPLINE_CURVE_WITH_KNOTS('',1,(#3409,#3410),.UNSPECIFIED.,.F.,.F.,
(2,2),(0.,5.05256737011161),.UNSPECIFIED.);
#1861=B_SPLINE_CURVE_WITH_KNOTS('',1,(#3411,#3412),.UNSPECIFIED.,.F.,.F.,
(2,2),(0.,13.1930100000197),.UNSPECIFIED.);
#1862=B_SPLINE_CURVE_WITH_KNOTS('',1,(#3413,#3414),.UNSPECIFIED.,.F.,.F.,
(2,2),(-7.39150000001098,-5.46150000000813),.UNSPECIFIED.);
#1863=B_SPLINE_CURVE_WITH_KNOTS('',1,(#3415,#3416),.UNSPECIFIED.,.F.,.F.,
(2,2),(0.,2.31800000000344),.UNSPECIFIED.);
#1864=B_SPLINE_CURVE_WITH_KNOTS('',1,(#3417,#3418),.UNSPECIFIED.,.F.,.F.,
(2,2),(0.,1.93000000000288),.UNSPECIFIED.);
#1865=B_SPLINE_CURVE_WITH_KNOTS('',1,(#3419,#3420),.UNSPECIFIED.,.F.,.F.,
(2,2),(0.,2.31800000000344),.UNSPECIFIED.);
#1866=B_SPLINE_CURVE_WITH_KNOTS('',1,(#3426,#3427),.UNSPECIFIED.,.F.,.F.,
(2,2),(0.,13.1930100000196),.UNSPECIFIED.);
#1867=B_SPLINE_CURVE_WITH_KNOTS('',1,(#3428,#3429),.UNSPECIFIED.,.F.,.F.,
(2,2),(0.,8.23299000001224),.UNSPECIFIED.);
#1868=B_SPLINE_CURVE_WITH_KNOTS('',1,(#3430,#3431),.UNSPECIFIED.,.F.,.F.,
(2,2),(0.,13.1930100000196),.UNSPECIFIED.);
#1869=B_SPLINE_CURVE_WITH_KNOTS('',1,(#3432,#3433),.UNSPECIFIED.,.F.,.F.,
(2,2),(0.,8.23299000001224),.UNSPECIFIED.);
#1870=B_SPLINE_CURVE_WITH_KNOTS('',1,(#3439,#3440),.UNSPECIFIED.,.F.,.F.,
(2,2),(0.,0.810000000001196),.UNSPECIFIED.);
#1871=B_SPLINE_CURVE_WITH_KNOTS('',1,(#3441,#3442),.UNSPECIFIED.,.F.,.F.,
(2,2),(0.,1.2800000000019),.UNSPECIFIED.);
#1872=B_SPLINE_CURVE_WITH_KNOTS('',1,(#3443,#3444),.UNSPECIFIED.,.F.,.F.,
(2,2),(0.,0.810000000001196),.UNSPECIFIED.);
#1873=B_SPLINE_CURVE_WITH_KNOTS('',1,(#3445,#3446),.UNSPECIFIED.,.F.,.F.,
(2,2),(0.,1.2800000000019),.UNSPECIFIED.);
#1874=B_SPLINE_CURVE_WITH_KNOTS('',1,(#3452,#3453),.UNSPECIFIED.,.F.,.F.,
(2,2),(0.,0.810030000001206),.UNSPECIFIED.);
#1875=B_SPLINE_CURVE_WITH_KNOTS('',1,(#3454,#3455),.UNSPECIFIED.,.F.,.F.,
(2,2),(0.,1.2800000000019),.UNSPECIFIED.);
#1876=B_SPLINE_CURVE_WITH_KNOTS('',1,(#3456,#3457),.UNSPECIFIED.,.F.,.F.,
(2,2),(0.,0.810030000001206),.UNSPECIFIED.);
#1877=B_SPLINE_CURVE_WITH_KNOTS('',1,(#3458,#3459),.UNSPECIFIED.,.F.,.F.,
(2,2),(0.,1.2800000000019),.UNSPECIFIED.);
#1878=B_SPLINE_CURVE_WITH_KNOTS('',1,(#3465,#3466),.UNSPECIFIED.,.F.,.F.,
(2,2),(0.,0.810000000001196),.UNSPECIFIED.);
#1879=B_SPLINE_CURVE_WITH_KNOTS('',1,(#3467,#3468),.UNSPECIFIED.,.F.,.F.,
(2,2),(0.,1.2800000000019),.UNSPECIFIED.);
#1880=B_SPLINE_CURVE_WITH_KNOTS('',1,(#3469,#3470),.UNSPECIFIED.,.F.,.F.,
(2,2),(0.,0.810000000001196),.UNSPECIFIED.);
#1881=B_SPLINE_CURVE_WITH_KNOTS('',1,(#3471,#3472),.UNSPECIFIED.,.F.,.F.,
(2,2),(0.,1.2800000000019),.UNSPECIFIED.);
#1882=B_SPLINE_CURVE_WITH_KNOTS('',1,(#3478,#3479),.UNSPECIFIED.,.F.,.F.,
(2,2),(0.,0.810000000001224),.UNSPECIFIED.);
#1883=B_SPLINE_CURVE_WITH_KNOTS('',1,(#3480,#3481),.UNSPECIFIED.,.F.,.F.,
(2,2),(0.,1.2800000000019),.UNSPECIFIED.);
#1884=B_SPLINE_CURVE_WITH_KNOTS('',1,(#3482,#3483),.UNSPECIFIED.,.F.,.F.,
(2,2),(0.,0.810000000001224),.UNSPECIFIED.);
#1885=B_SPLINE_CURVE_WITH_KNOTS('',1,(#3484,#3485),.UNSPECIFIED.,.F.,.F.,
(2,2),(0.,1.2800000000019),.UNSPECIFIED.);
#1886=B_SPLINE_CURVE_WITH_KNOTS('',1,(#3491,#3492),.UNSPECIFIED.,.F.,.F.,
(2,2),(0.,1.75000000000261),.UNSPECIFIED.);
#1887=B_SPLINE_CURVE_WITH_KNOTS('',1,(#3493,#3494),.UNSPECIFIED.,.F.,.F.,
(2,2),(0.,2.21300000000328),.UNSPECIFIED.);
#1888=B_SPLINE_CURVE_WITH_KNOTS('',1,(#3495,#3496),.UNSPECIFIED.,.F.,.F.,
(2,2),(0.,1.75000000000261),.UNSPECIFIED.);
#1889=B_SPLINE_CURVE_WITH_KNOTS('',1,(#3497,#3498),.UNSPECIFIED.,.F.,.F.,
(2,2),(0.,2.21300000000328),.UNSPECIFIED.);
#1890=B_SPLINE_CURVE_WITH_KNOTS('',1,(#3504,#3505),.UNSPECIFIED.,.F.,.F.,
(2,2),(0.,1.75000000000261),.UNSPECIFIED.);
#1891=B_SPLINE_CURVE_WITH_KNOTS('',1,(#3506,#3507),.UNSPECIFIED.,.F.,.F.,
(2,2),(0.,2.21300000000328),.UNSPECIFIED.);
#1892=B_SPLINE_CURVE_WITH_KNOTS('',1,(#3508,#3509),.UNSPECIFIED.,.F.,.F.,
(2,2),(0.,1.75000000000261),.UNSPECIFIED.);
#1893=B_SPLINE_CURVE_WITH_KNOTS('',1,(#3510,#3511),.UNSPECIFIED.,.F.,.F.,
(2,2),(0.,2.21300000000328),.UNSPECIFIED.);
#1894=VERTEX_POINT('',#2449);
#1895=VERTEX_POINT('',#2450);
#1896=VERTEX_POINT('',#2451);
#1897=VERTEX_POINT('',#2452);
#1898=VERTEX_POINT('',#2462);
#1899=VERTEX_POINT('',#2463);
#1900=VERTEX_POINT('',#2464);
#1901=VERTEX_POINT('',#2465);
#1902=VERTEX_POINT('',#2475);
#1903=VERTEX_POINT('',#2476);
#1904=VERTEX_POINT('',#2477);
#1905=VERTEX_POINT('',#2478);
#1906=VERTEX_POINT('',#2488);
#1907=VERTEX_POINT('',#2489);
#1908=VERTEX_POINT('',#2490);
#1909=VERTEX_POINT('',#2491);
#1910=VERTEX_POINT('',#2501);
#1911=VERTEX_POINT('',#2502);
#1912=VERTEX_POINT('',#2503);
#1913=VERTEX_POINT('',#2504);
#1914=VERTEX_POINT('',#2514);
#1915=VERTEX_POINT('',#2515);
#1916=VERTEX_POINT('',#2516);
#1917=VERTEX_POINT('',#2517);
#1918=VERTEX_POINT('',#2527);
#1919=VERTEX_POINT('',#2528);
#1920=VERTEX_POINT('',#2529);
#1921=VERTEX_POINT('',#2530);
#1922=VERTEX_POINT('',#2540);
#1923=VERTEX_POINT('',#2541);
#1924=VERTEX_POINT('',#2542);
#1925=VERTEX_POINT('',#2543);
#1926=VERTEX_POINT('',#2553);
#1927=VERTEX_POINT('',#2554);
#1928=VERTEX_POINT('',#2555);
#1929=VERTEX_POINT('',#2556);
#1930=VERTEX_POINT('',#2566);
#1931=VERTEX_POINT('',#2567);
#1932=VERTEX_POINT('',#2568);
#1933=VERTEX_POINT('',#2569);
#1934=VERTEX_POINT('',#2579);
#1935=VERTEX_POINT('',#2580);
#1936=VERTEX_POINT('',#2581);
#1937=VERTEX_POINT('',#2582);
#1938=VERTEX_POINT('',#2592);
#1939=VERTEX_POINT('',#2593);
#1940=VERTEX_POINT('',#2594);
#1941=VERTEX_POINT('',#2595);
#1942=VERTEX_POINT('',#2605);
#1943=VERTEX_POINT('',#2606);
#1944=VERTEX_POINT('',#2607);
#1945=VERTEX_POINT('',#2608);
#1946=VERTEX_POINT('',#2618);
#1947=VERTEX_POINT('',#2619);
#1948=VERTEX_POINT('',#2620);
#1949=VERTEX_POINT('',#2621);
#1950=VERTEX_POINT('',#2631);
#1951=VERTEX_POINT('',#2632);
#1952=VERTEX_POINT('',#2633);
#1953=VERTEX_POINT('',#2634);
#1954=VERTEX_POINT('',#2644);
#1955=VERTEX_POINT('',#2645);
#1956=VERTEX_POINT('',#2646);
#1957=VERTEX_POINT('',#2647);
#1958=VERTEX_POINT('',#2657);
#1959=VERTEX_POINT('',#2658);
#1960=VERTEX_POINT('',#2659);
#1961=VERTEX_POINT('',#2660);
#1962=VERTEX_POINT('',#2670);
#1963=VERTEX_POINT('',#2671);
#1964=VERTEX_POINT('',#2672);
#1965=VERTEX_POINT('',#2673);
#1966=VERTEX_POINT('',#2683);
#1967=VERTEX_POINT('',#2684);
#1968=VERTEX_POINT('',#2685);
#1969=VERTEX_POINT('',#2686);
#1970=VERTEX_POINT('',#2696);
#1971=VERTEX_POINT('',#2697);
#1972=VERTEX_POINT('',#2698);
#1973=VERTEX_POINT('',#2699);
#1974=VERTEX_POINT('',#2709);
#1975=VERTEX_POINT('',#2710);
#1976=VERTEX_POINT('',#2711);
#1977=VERTEX_POINT('',#2712);
#1978=VERTEX_POINT('',#2722);
#1979=VERTEX_POINT('',#2723);
#1980=VERTEX_POINT('',#2724);
#1981=VERTEX_POINT('',#2725);
#1982=VERTEX_POINT('',#2735);
#1983=VERTEX_POINT('',#2736);
#1984=VERTEX_POINT('',#2737);
#1985=VERTEX_POINT('',#2738);
#1986=VERTEX_POINT('',#2748);
#1987=VERTEX_POINT('',#2749);
#1988=VERTEX_POINT('',#2750);
#1989=VERTEX_POINT('',#2751);
#1990=VERTEX_POINT('',#2761);
#1991=VERTEX_POINT('',#2762);
#1992=VERTEX_POINT('',#2763);
#1993=VERTEX_POINT('',#2764);
#1994=VERTEX_POINT('',#2774);
#1995=VERTEX_POINT('',#2775);
#1996=VERTEX_POINT('',#2776);
#1997=VERTEX_POINT('',#2777);
#1998=VERTEX_POINT('',#2787);
#1999=VERTEX_POINT('',#2788);
#2000=VERTEX_POINT('',#2789);
#2001=VERTEX_POINT('',#2790);
#2002=VERTEX_POINT('',#2800);
#2003=VERTEX_POINT('',#2801);
#2004=VERTEX_POINT('',#2802);
#2005=VERTEX_POINT('',#2803);
#2006=VERTEX_POINT('',#2813);
#2007=VERTEX_POINT('',#2814);
#2008=VERTEX_POINT('',#2815);
#2009=VERTEX_POINT('',#2816);
#2010=VERTEX_POINT('',#2826);
#2011=VERTEX_POINT('',#2827);
#2012=VERTEX_POINT('',#2828);
#2013=VERTEX_POINT('',#2829);
#2014=VERTEX_POINT('',#2839);
#2015=VERTEX_POINT('',#2840);
#2016=VERTEX_POINT('',#2841);
#2017=VERTEX_POINT('',#2842);
#2018=VERTEX_POINT('',#2852);
#2019=VERTEX_POINT('',#2853);
#2020=VERTEX_POINT('',#2854);
#2021=VERTEX_POINT('',#2855);
#2022=VERTEX_POINT('',#2865);
#2023=VERTEX_POINT('',#2866);
#2024=VERTEX_POINT('',#2867);
#2025=VERTEX_POINT('',#2868);
#2026=VERTEX_POINT('',#2878);
#2027=VERTEX_POINT('',#2879);
#2028=VERTEX_POINT('',#2880);
#2029=VERTEX_POINT('',#2881);
#2030=VERTEX_POINT('',#2891);
#2031=VERTEX_POINT('',#2892);
#2032=VERTEX_POINT('',#2893);
#2033=VERTEX_POINT('',#2894);
#2034=VERTEX_POINT('',#2904);
#2035=VERTEX_POINT('',#2905);
#2036=VERTEX_POINT('',#2906);
#2037=VERTEX_POINT('',#2907);
#2038=VERTEX_POINT('',#2917);
#2039=VERTEX_POINT('',#2918);
#2040=VERTEX_POINT('',#2919);
#2041=VERTEX_POINT('',#2920);
#2042=VERTEX_POINT('',#2930);
#2043=VERTEX_POINT('',#2931);
#2044=VERTEX_POINT('',#2932);
#2045=VERTEX_POINT('',#2940);
#2046=VERTEX_POINT('',#2941);
#2047=VERTEX_POINT('',#2942);
#2048=VERTEX_POINT('',#2943);
#2049=VERTEX_POINT('',#2944);
#2050=VERTEX_POINT('',#2945);
#2051=VERTEX_POINT('',#2946);
#2052=VERTEX_POINT('',#2947);
#2053=VERTEX_POINT('',#2948);
#2054=VERTEX_POINT('',#2949);
#2055=VERTEX_POINT('',#2950);
#2056=VERTEX_POINT('',#2951);
#2057=VERTEX_POINT('',#2952);
#2058=VERTEX_POINT('',#2953);
#2059=VERTEX_POINT('',#2954);
#2060=VERTEX_POINT('',#2955);
#2061=VERTEX_POINT('',#2956);
#2062=VERTEX_POINT('',#2957);
#2063=VERTEX_POINT('',#2958);
#2064=VERTEX_POINT('',#2959);
#2065=VERTEX_POINT('',#2960);
#2066=VERTEX_POINT('',#2961);
#2067=VERTEX_POINT('',#2962);
#2068=VERTEX_POINT('',#2963);
#2069=VERTEX_POINT('',#2964);
#2070=VERTEX_POINT('',#2965);
#2071=VERTEX_POINT('',#2966);
#2072=VERTEX_POINT('',#2967);
#2073=VERTEX_POINT('',#2968);
#2074=VERTEX_POINT('',#2969);
#2075=VERTEX_POINT('',#3031);
#2076=VERTEX_POINT('',#3032);
#2077=VERTEX_POINT('',#3033);
#2078=VERTEX_POINT('',#3034);
#2079=VERTEX_POINT('',#3035);
#2080=VERTEX_POINT('',#3049);
#2081=VERTEX_POINT('',#3050);
#2082=VERTEX_POINT('',#3051);
#2083=VERTEX_POINT('',#3052);
#2084=VERTEX_POINT('',#3053);
#2085=VERTEX_POINT('',#3067);
#2086=VERTEX_POINT('',#3068);
#2087=VERTEX_POINT('',#3069);
#2088=VERTEX_POINT('',#3070);
#2089=VERTEX_POINT('',#3071);
#2090=VERTEX_POINT('',#3072);
#2091=VERTEX_POINT('',#3073);
#2092=VERTEX_POINT('',#3074);
#2093=VERTEX_POINT('',#3075);
#2094=VERTEX_POINT('',#3076);
#2095=VERTEX_POINT('',#3100);
#2096=VERTEX_POINT('',#3101);
#2097=VERTEX_POINT('',#3102);
#2098=VERTEX_POINT('',#3103);
#2099=VERTEX_POINT('',#3104);
#2100=VERTEX_POINT('',#3105);
#2101=VERTEX_POINT('',#3106);
#2102=VERTEX_POINT('',#3107);
#2103=VERTEX_POINT('',#3127);
#2104=VERTEX_POINT('',#3128);
#2105=VERTEX_POINT('',#3129);
#2106=VERTEX_POINT('',#3130);
#2107=VERTEX_POINT('',#3140);
#2108=VERTEX_POINT('',#3141);
#2109=VERTEX_POINT('',#3142);
#2110=VERTEX_POINT('',#3143);
#2111=VERTEX_POINT('',#3153);
#2112=VERTEX_POINT('',#3154);
#2113=VERTEX_POINT('',#3155);
#2114=VERTEX_POINT('',#3156);
#2115=VERTEX_POINT('',#3166);
#2116=VERTEX_POINT('',#3167);
#2117=VERTEX_POINT('',#3168);
#2118=VERTEX_POINT('',#3169);
#2119=VERTEX_POINT('',#3179);
#2120=VERTEX_POINT('',#3180);
#2121=VERTEX_POINT('',#3181);
#2122=VERTEX_POINT('',#3182);
#2123=VERTEX_POINT('',#3192);
#2124=VERTEX_POINT('',#3193);
#2125=VERTEX_POINT('',#3194);
#2126=VERTEX_POINT('',#3195);
#2127=VERTEX_POINT('',#3205);
#2128=VERTEX_POINT('',#3206);
#2129=VERTEX_POINT('',#3207);
#2130=VERTEX_POINT('',#3208);
#2131=VERTEX_POINT('',#3218);
#2132=VERTEX_POINT('',#3219);
#2133=VERTEX_POINT('',#3220);
#2134=VERTEX_POINT('',#3221);
#2135=VERTEX_POINT('',#3231);
#2136=VERTEX_POINT('',#3232);
#2137=VERTEX_POINT('',#3233);
#2138=VERTEX_POINT('',#3234);
#2139=VERTEX_POINT('',#3244);
#2140=VERTEX_POINT('',#3245);
#2141=VERTEX_POINT('',#3246);
#2142=VERTEX_POINT('',#3247);
#2143=VERTEX_POINT('',#3257);
#2144=VERTEX_POINT('',#3258);
#2145=VERTEX_POINT('',#3259);
#2146=VERTEX_POINT('',#3260);
#2147=VERTEX_POINT('',#3270);
#2148=VERTEX_POINT('',#3271);
#2149=VERTEX_POINT('',#3272);
#2150=VERTEX_POINT('',#3273);
#2151=VERTEX_POINT('',#3283);
#2152=VERTEX_POINT('',#3284);
#2153=VERTEX_POINT('',#3285);
#2154=VERTEX_POINT('',#3286);
#2155=VERTEX_POINT('',#3296);
#2156=VERTEX_POINT('',#3297);
#2157=VERTEX_POINT('',#3298);
#2158=VERTEX_POINT('',#3299);
#2159=VERTEX_POINT('',#3300);
#2160=VERTEX_POINT('',#3301);
#2161=VERTEX_POINT('',#3302);
#2162=VERTEX_POINT('',#3303);
#2163=VERTEX_POINT('',#3304);
#2164=VERTEX_POINT('',#3305);
#2165=VERTEX_POINT('',#3306);
#2166=VERTEX_POINT('',#3307);
#2167=VERTEX_POINT('',#3308);
#2168=VERTEX_POINT('',#3309);
#2169=VERTEX_POINT('',#3310);
#2170=VERTEX_POINT('',#3311);
#2171=VERTEX_POINT('',#3312);
#2172=VERTEX_POINT('',#3313);
#2173=VERTEX_POINT('',#3314);
#2174=VERTEX_POINT('',#3315);
#2175=VERTEX_POINT('',#3316);
#2176=VERTEX_POINT('',#3360);
#2177=VERTEX_POINT('',#3361);
#2178=VERTEX_POINT('',#3362);
#2179=VERTEX_POINT('',#3363);
#2180=VERTEX_POINT('',#3364);
#2181=VERTEX_POINT('',#3365);
#2182=VERTEX_POINT('',#3366);
#2183=VERTEX_POINT('',#3367);
#2184=VERTEX_POINT('',#3368);
#2185=VERTEX_POINT('',#3369);
#2186=VERTEX_POINT('',#3370);
#2187=VERTEX_POINT('',#3371);
#2188=VERTEX_POINT('',#3397);
#2189=VERTEX_POINT('',#3398);
#2190=VERTEX_POINT('',#3399);
#2191=VERTEX_POINT('',#3400);
#2192=VERTEX_POINT('',#3401);
#2193=VERTEX_POINT('',#3402);
#2194=VERTEX_POINT('',#3403);
#2195=VERTEX_POINT('',#3404);
#2196=VERTEX_POINT('',#3422);
#2197=VERTEX_POINT('',#3423);
#2198=VERTEX_POINT('',#3424);
#2199=VERTEX_POINT('',#3425);
#2200=VERTEX_POINT('',#3435);
#2201=VERTEX_POINT('',#3436);
#2202=VERTEX_POINT('',#3437);
#2203=VERTEX_POINT('',#3438);
#2204=VERTEX_POINT('',#3448);
#2205=VERTEX_POINT('',#3449);
#2206=VERTEX_POINT('',#3450);
#2207=VERTEX_POINT('',#3451);
#2208=VERTEX_POINT('',#3461);
#2209=VERTEX_POINT('',#3462);
#2210=VERTEX_POINT('',#3463);
#2211=VERTEX_POINT('',#3464);
#2212=VERTEX_POINT('',#3474);
#2213=VERTEX_POINT('',#3475);
#2214=VERTEX_POINT('',#3476);
#2215=VERTEX_POINT('',#3477);
#2216=VERTEX_POINT('',#3487);
#2217=VERTEX_POINT('',#3488);
#2218=VERTEX_POINT('',#3489);
#2219=VERTEX_POINT('',#3490);
#2220=VERTEX_POINT('',#3500);
#2221=VERTEX_POINT('',#3501);
#2222=VERTEX_POINT('',#3502);
#2223=VERTEX_POINT('',#3503);
#2224=PLANE('',#2310);
#2225=PLANE('',#2311);
#2226=PLANE('',#2312);
#2227=PLANE('',#2313);
#2228=PLANE('',#2314);
#2229=PLANE('',#2315);
#2230=PLANE('',#2316);
#2231=PLANE('',#2317);
#2232=PLANE('',#2318);
#2233=PLANE('',#2319);
#2234=PLANE('',#2320);
#2235=PLANE('',#2321);
#2236=PLANE('',#2322);
#2237=PLANE('',#2323);
#2238=PLANE('',#2324);
#2239=PLANE('',#2325);
#2240=PLANE('',#2326);
#2241=PLANE('',#2327);
#2242=PLANE('',#2328);
#2243=PLANE('',#2329);
#2244=PLANE('',#2330);
#2245=PLANE('',#2331);
#2246=PLANE('',#2332);
#2247=PLANE('',#2333);
#2248=PLANE('',#2334);
#2249=PLANE('',#2335);
#2250=PLANE('',#2336);
#2251=PLANE('',#2337);
#2252=PLANE('',#2338);
#2253=PLANE('',#2339);
#2254=PLANE('',#2340);
#2255=PLANE('',#2341);
#2256=PLANE('',#2342);
#2257=PLANE('',#2343);
#2258=PLANE('',#2344);
#2259=PLANE('',#2345);
#2260=PLANE('',#2346);
#2261=PLANE('',#2347);
#2262=PLANE('',#2348);
#2263=PLANE('',#2349);
#2264=PLANE('',#2350);
#2265=PLANE('',#2351);
#2266=PLANE('',#2352);
#2267=PLANE('',#2353);
#2268=PLANE('',#2354);
#2269=PLANE('',#2355);
#2270=PLANE('',#2356);
#2271=PLANE('',#2357);
#2272=PLANE('',#2358);
#2273=PLANE('',#2359);
#2274=PLANE('',#2360);
#2275=PLANE('',#2361);
#2276=PLANE('',#2362);
#2277=PLANE('',#2363);
#2278=PLANE('',#2364);
#2279=PLANE('',#2365);
#2280=PLANE('',#2366);
#2281=PLANE('',#2367);
#2282=PLANE('',#2368);
#2283=PLANE('',#2369);
#2284=PLANE('',#2370);
#2285=PLANE('',#2371);
#2286=PLANE('',#2372);
#2287=PLANE('',#2373);
#2288=PLANE('',#2374);
#2289=PLANE('',#2375);
#2290=SHAPE_DEFINITION_REPRESENTATION(#2291,#2308);
#2291=PRODUCT_DEFINITION_SHAPE($,$,#2293);
#2292=PRODUCT_DEFINITION_CONTEXT('3D Mechanical Parts',#2297,'design');
#2293=PRODUCT_DEFINITION('A','First version',#2294,#2292);
#2294=PRODUCT_DEFINITION_FORMATION_WITH_SPECIFIED_SOURCE('A',
'First version',#2299,.MADE.);
#2295=PRODUCT_RELATED_PRODUCT_CATEGORY('tool','tool',(#2299));
#2296=APPLICATION_PROTOCOL_DEFINITION('Draft International Standard',
'automotive_design',1999,#2297);
#2297=APPLICATION_CONTEXT(
'data for automotive mechanical design processes');
#2298=PRODUCT_CONTEXT('3D Mechanical Parts',#2297,'mechanical');
#2299=PRODUCT('Document','Document','',(#2298));
#2300=(
LENGTH_UNIT()
NAMED_UNIT(*)
SI_UNIT($,.METRE.)
);
#2301=(
NAMED_UNIT(*)
PLANE_ANGLE_UNIT()
SI_UNIT($,.RADIAN.)
);
#2302=DIMENSIONAL_EXPONENTS(0.,0.,0.,0.,0.,0.,0.);
#2303=PLANE_ANGLE_MEASURE_WITH_UNIT(PLANE_ANGLE_MEASURE(0.01745329252),
#2301);
#2304=(
CONVERSION_BASED_UNIT('DEGREES',#2303)
NAMED_UNIT(#2302)
PLANE_ANGLE_UNIT()
);
#2305=(
NAMED_UNIT(*)
SI_UNIT($,.STERADIAN.)
SOLID_ANGLE_UNIT()
);
#2306=UNCERTAINTY_MEASURE_WITH_UNIT(LENGTH_MEASURE(0.01),#2300,
'DISTANCE_ACCURACY_VALUE',
'Maximum model space distance between geometric entities at asserted c
onnectivities');
#2307=(
GEOMETRIC_REPRESENTATION_CONTEXT(3)
GLOBAL_UNCERTAINTY_ASSIGNED_CONTEXT((#2306))
GLOBAL_UNIT_ASSIGNED_CONTEXT((#2305,#2304,#2300))
REPRESENTATION_CONTEXT('ID1','3D')
);
#2308=SHAPE_REPRESENTATION('Document',(#2309,#2376),#2307);
#2309=AXIS2_PLACEMENT_3D($,#2447,#2377,#2378);
#2310=AXIS2_PLACEMENT_3D('',#2448,#2379,$);
#2311=AXIS2_PLACEMENT_3D('',#2461,#2380,$);
#2312=AXIS2_PLACEMENT_3D('',#2474,#2381,$);
#2313=AXIS2_PLACEMENT_3D('',#2487,#2382,$);
#2314=AXIS2_PLACEMENT_3D('',#2500,#2383,$);
#2315=AXIS2_PLACEMENT_3D('',#2513,#2384,$);
#2316=AXIS2_PLACEMENT_3D('',#2526,#2385,$);
#2317=AXIS2_PLACEMENT_3D('',#2539,#2386,$);
#2318=AXIS2_PLACEMENT_3D('',#2552,#2387,$);
#2319=AXIS2_PLACEMENT_3D('',#2565,#2388,$);
#2320=AXIS2_PLACEMENT_3D('',#2578,#2389,$);
#2321=AXIS2_PLACEMENT_3D('',#2591,#2390,$);
#2322=AXIS2_PLACEMENT_3D('',#2604,#2391,$);
#2323=AXIS2_PLACEMENT_3D('',#2617,#2392,$);
#2324=AXIS2_PLACEMENT_3D('',#2630,#2393,$);
#2325=AXIS2_PLACEMENT_3D('',#2643,#2394,$);
#2326=AXIS2_PLACEMENT_3D('',#2656,#2395,$);
#2327=AXIS2_PLACEMENT_3D('',#2669,#2396,$);
#2328=AXIS2_PLACEMENT_3D('',#2682,#2397,$);
#2329=AXIS2_PLACEMENT_3D('',#2695,#2398,$);
#2330=AXIS2_PLACEMENT_3D('',#2708,#2399,$);
#2331=AXIS2_PLACEMENT_3D('',#2721,#2400,$);
#2332=AXIS2_PLACEMENT_3D('',#2734,#2401,$);
#2333=AXIS2_PLACEMENT_3D('',#2747,#2402,$);
#2334=AXIS2_PLACEMENT_3D('',#2760,#2403,$);
#2335=AXIS2_PLACEMENT_3D('',#2773,#2404,$);
#2336=AXIS2_PLACEMENT_3D('',#2786,#2405,$);
#2337=AXIS2_PLACEMENT_3D('',#2799,#2406,$);
#2338=AXIS2_PLACEMENT_3D('',#2812,#2407,$);
#2339=AXIS2_PLACEMENT_3D('',#2825,#2408,$);
#2340=AXIS2_PLACEMENT_3D('',#2838,#2409,$);
#2341=AXIS2_PLACEMENT_3D('',#2851,#2410,$);
#2342=AXIS2_PLACEMENT_3D('',#2864,#2411,$);
#2343=AXIS2_PLACEMENT_3D('',#2877,#2412,$);
#2344=AXIS2_PLACEMENT_3D('',#2890,#2413,$);
#2345=AXIS2_PLACEMENT_3D('',#2903,#2414,$);
#2346=AXIS2_PLACEMENT_3D('',#2916,#2415,$);
#2347=AXIS2_PLACEMENT_3D('',#2929,#2416,$);
#2348=AXIS2_PLACEMENT_3D('',#2939,#2417,$);
#2349=AXIS2_PLACEMENT_3D('',#3030,#2418,$);
#2350=AXIS2_PLACEMENT_3D('',#3048,#2419,$);
#2351=AXIS2_PLACEMENT_3D('',#3066,#2420,$);
#2352=AXIS2_PLACEMENT_3D('',#3099,#2421,$);
#2353=AXIS2_PLACEMENT_3D('',#3126,#2422,$);
#2354=AXIS2_PLACEMENT_3D('',#3139,#2423,$);
#2355=AXIS2_PLACEMENT_3D('',#3152,#2424,$);
#2356=AXIS2_PLACEMENT_3D('',#3165,#2425,$);
#2357=AXIS2_PLACEMENT_3D('',#3178,#2426,$);
#2358=AXIS2_PLACEMENT_3D('',#3191,#2427,$);
#2359=AXIS2_PLACEMENT_3D('',#3204,#2428,$);
#2360=AXIS2_PLACEMENT_3D('',#3217,#2429,$);
#2361=AXIS2_PLACEMENT_3D('',#3230,#2430,$);
#2362=AXIS2_PLACEMENT_3D('',#3243,#2431,$);
#2363=AXIS2_PLACEMENT_3D('',#3256,#2432,$);
#2364=AXIS2_PLACEMENT_3D('',#3269,#2433,$);
#2365=AXIS2_PLACEMENT_3D('',#3282,#2434,$);
#2366=AXIS2_PLACEMENT_3D('',#3295,#2435,$);
#2367=AXIS2_PLACEMENT_3D('',#3359,#2436,$);
#2368=AXIS2_PLACEMENT_3D('',#3396,#2437,$);
#2369=AXIS2_PLACEMENT_3D('',#3421,#2438,$);
#2370=AXIS2_PLACEMENT_3D('',#3434,#2439,$);
#2371=AXIS2_PLACEMENT_3D('',#3447,#2440,$);
#2372=AXIS2_PLACEMENT_3D('',#3460,#2441,$);
#2373=AXIS2_PLACEMENT_3D('',#3473,#2442,$);
#2374=AXIS2_PLACEMENT_3D('',#3486,#2443,$);
#2375=AXIS2_PLACEMENT_3D('',#3499,#2444,$);
#2376=AXIS2_PLACEMENT_3D($,#3512,#2445,#2446);
#2377=DIRECTION('',(0.,0.,1.));
#2378=DIRECTION('',(1.,0.,0.));
#2379=DIRECTION('',(-0.577170559995446,-0.408502319056507,0.707106781186547));
#2380=DIRECTION('',(-0.577170559995446,-0.408502319056506,0.707106781186547));
#2381=DIRECTION('',(-0.577170559995446,-0.408502319056506,0.707106781186547));
#2382=DIRECTION('',(-0.577170559995446,-0.408502319056507,0.707106781186547));
#2383=DIRECTION('',(-0.577170559995446,-0.408502319056506,0.707106781186547));
#2384=DIRECTION('',(-0.577170559995446,-0.408502319056506,0.707106781186548));
#2385=DIRECTION('',(-0.577170559995446,-0.408502319056507,0.707106781186547));
#2386=DIRECTION('',(-0.577170559995446,-0.408502319056507,0.707106781186547));
#2387=DIRECTION('',(-0.577170559995446,-0.408502319056507,0.707106781186547));
#2388=DIRECTION('',(-0.577170559995446,-0.408502319056506,0.707106781186547));
#2389=DIRECTION('',(-0.577170559995446,-0.408502319056506,0.707106781186547));
#2390=DIRECTION('',(-0.577170559995446,-0.408502319056506,0.707106781186547));
#2391=DIRECTION('',(-0.577170559995446,-0.408502319056507,0.707106781186547));
#2392=DIRECTION('',(-0.577170559995446,-0.408502319056506,0.707106781186547));
#2393=DIRECTION('',(-0.577170559995446,-0.408502319056506,0.707106781186548));
#2394=DIRECTION('',(-0.577170559995446,-0.408502319056506,0.707106781186547));
#2395=DIRECTION('',(-0.577170559995446,-0.408502319056507,0.707106781186547));
#2396=DIRECTION('',(-0.577170559995446,-0.408502319056507,0.707106781186547));
#2397=DIRECTION('',(-0.577170559995446,-0.408502319056507,0.707106781186547));
#2398=DIRECTION('',(-0.577170559995446,-0.408502319056507,0.707106781186547));
#2399=DIRECTION('',(-0.577170559995446,-0.408502319056507,0.707106781186547));
#2400=DIRECTION('',(-0.577170559995446,-0.408502319056507,0.707106781186547));
#2401=DIRECTION('',(-0.577170559995446,-0.408502319056507,0.707106781186547));
#2402=DIRECTION('',(-0.577170559995446,-0.408502319056506,0.707106781186547));
#2403=DIRECTION('',(-0.577170559995446,-0.408502319056507,0.707106781186547));
#2404=DIRECTION('',(-0.577170559995445,-0.408502319056506,0.707106781186548));
#2405=DIRECTION('',(-0.577170559995446,-0.408502319056507,0.707106781186547));
#2406=DIRECTION('',(-0.577170559995446,-0.408502319056507,0.707106781186547));
#2407=DIRECTION('',(-0.577170559995445,-0.408502319056506,0.707106781186548));
#2408=DIRECTION('',(-0.577170559995446,-0.408502319056507,0.707106781186547));
#2409=DIRECTION('',(-0.577170559995446,-0.408502319056507,0.707106781186547));
#2410=DIRECTION('',(-0.577170559995446,-0.408502319056507,0.707106781186547));
#2411=DIRECTION('',(-0.577170559995445,-0.408502319056507,0.707106781186548));
#2412=DIRECTION('',(-0.577170559995446,-0.408502319056506,0.707106781186547));
#2413=DIRECTION('',(-0.577170559995447,-0.408502319056507,0.707106781186546));
#2414=DIRECTION('',(-0.577170559995446,-0.408502319056507,0.707106781186547));
#2415=DIRECTION('',(0.542870904564262,-0.767019287656878,0.342012563131699));
#2416=DIRECTION('',(0.542870904564262,-0.767019287656878,0.342012563131699));
#2417=DIRECTION('',(0.577709519870571,-0.816242433748035,7.59864788501143E-16));
#2418=DIRECTION('',(0.577167554655598,0.408500191975913,0.707110463087996));
#2419=DIRECTION('',(-0.577173565319649,-0.408504446126025,0.707103099265924));
#2420=DIRECTION('',(-0.577173565319646,-0.408504446126025,0.707103099265926));
#2421=DIRECTION('',(0.577170559995446,0.408502319056506,0.707106781186547));
#2422=DIRECTION('',(0.798405022610973,0.565084787563519,0.207914893006401));
#2423=DIRECTION('',(-0.79840570014609,-0.565085267100565,0.207910987877298));
#2424=DIRECTION('',(-0.577709519870559,0.816242433748043,-4.90761739550348E-16));
#2425=DIRECTION('',(-0.577709519870564,0.81624243374804,-9.81523479100695E-16));
#2426=DIRECTION('',(0.816242433748034,0.577709519870571,-1.96304695820139E-15));
#2427=DIRECTION('',(0.816242433748035,0.577709519870571,-1.60056250075213E-15));
#2428=DIRECTION('',(-0.816242433748034,-0.577709519870572,-2.97979612212305E-15));
#2429=DIRECTION('',(0.577709519870567,-0.816242433748038,2.11859786494158E-16));
#2430=DIRECTION('',(0.577709519870571,-0.816242433748035,-5.73112684997152E-16));
#2431=DIRECTION('',(0.577709519870574,-0.816242433748033,-8.2966724919934E-16));
#2432=DIRECTION('',(0.816242433748034,0.577709519870571,-1.60056250075213E-15));
#2433=DIRECTION('',(-0.577709519870561,0.816242433748042,3.09519510825718E-16));
#2434=DIRECTION('',(-0.816242433748034,-0.577709519870572,-5.62917710732211E-16));
#2435=DIRECTION('',(-0.577709519870561,0.816242433748042,3.09519510825718E-16));
#2436=DIRECTION('',(0.816242433748034,0.577709519870571,-1.60056250075213E-15));
#2437=DIRECTION('',(-0.816242433748034,-0.577709519870572,-2.97979612212305E-15));
#2438=DIRECTION('',(0.,0.,-1.));
#2439=DIRECTION('',(0.577709519870574,-0.816242433748032,-3.01249341910217E-16));
#2440=DIRECTION('',(0.577709519870572,-0.816242433748034,-9.95600699039204E-16));
#2441=DIRECTION('',(0.57770951987057,-0.816242433748035,-8.14358470314568E-16));
#2442=DIRECTION('',(0.577709519870567,-0.816242433748037,-1.0862218134015E-15));
#2443=DIRECTION('',(-0.577709519870549,0.81624243374805,-9.81523479100698E-16));
#2444=DIRECTION('',(-0.577709519870564,0.81624243374804,-4.90761739550348E-16));
#2445=DIRECTION('',(0.,0.,1.));
#2446=DIRECTION('',(1.,0.,0.));
#2447=CARTESIAN_POINT('',(0.,0.,0.));
#2448=CARTESIAN_POINT('',(1.68522350826917,11.4822594262753,3.6051310426951));
#2449=CARTESIAN_POINT('',(2.06126287686269,9.75145198659065,2.9121663971323));
#2450=CARTESIAN_POINT('',(1.13115054987106,11.065602304925,2.9121663971323));
#2451=CARTESIAN_POINT('',(2.61534661445831,10.1436142128849,3.59098890707138));
#2452=CARTESIAN_POINT('',(1.68523428746669,11.4577645312192,3.59098890707139));
#2453=CARTESIAN_POINT('',(2.06126287686269,9.75145198659065,2.9121663971323));
#2454=CARTESIAN_POINT('',(1.13115054987106,11.065602304925,2.9121663971323));
#2455=CARTESIAN_POINT('',(2.61534661445831,10.1436142128849,3.59098890707138));
#2456=CARTESIAN_POINT('',(2.06126287686269,9.75145198659065,2.9121663971323));
#2457=CARTESIAN_POINT('',(1.68523428746669,11.4577645312192,3.59098890707139));
#2458=CARTESIAN_POINT('',(2.61534661445831,10.1436142128849,3.59098890707138));
#2459=CARTESIAN_POINT('',(1.13115054987106,11.065602304925,2.9121663971323));
#2460=CARTESIAN_POINT('',(1.68523428746669,11.4577645312192,3.59098890707139));
#2461=CARTESIAN_POINT('',(2.63844421605564,10.1354594105911,3.6051310426951));
#2462=CARTESIAN_POINT('',(3.01448358464914,8.40465197090639,2.91216639713229));
#2463=CARTESIAN_POINT('',(2.08437125765751,9.71880228924073,2.91216639713229));
#2464=CARTESIAN_POINT('',(3.56856732224476,8.79681419720063,3.59098890707137));
#2465=CARTESIAN_POINT('',(2.63845499525314,10.110964515535,3.59098890707137));
#2466=CARTESIAN_POINT('',(3.01448358464914,8.40465197090639,2.91216639713229));
#2467=CARTESIAN_POINT('',(2.08437125765751,9.71880228924073,2.91216639713229));
#2468=CARTESIAN_POINT('',(3.56856732224476,8.79681419720063,3.59098890707137));
#2469=CARTESIAN_POINT('',(3.01448358464914,8.40465197090639,2.91216639713229));
#2470=CARTESIAN_POINT('',(2.63845499525314,10.110964515535,3.59098890707137));
#2471=CARTESIAN_POINT('',(3.56856732224476,8.79681419720063,3.59098890707137));
#2472=CARTESIAN_POINT('',(2.08437125765751,9.71880228924073,2.91216639713229));
#2473=CARTESIAN_POINT('',(2.63845499525314,10.110964515535,3.59098890707137));
#2474=CARTESIAN_POINT('',(3.59166492384208,8.78865939490681,3.6051310426951));
#2475=CARTESIAN_POINT('',(3.96770429243558,7.05785195522214,2.91216639713229));
#2476=CARTESIAN_POINT('',(3.03759196544396,8.37200227355648,2.91216639713229));
#2477=CARTESIAN_POINT('',(4.52178803003121,7.45001418151638,3.59098890707137));
#2478=CARTESIAN_POINT('',(3.59167570303958,8.76416449985072,3.59098890707137));
#2479=CARTESIAN_POINT('',(3.96770429243558,7.05785195522214,2.91216639713229));
#2480=CARTESIAN_POINT('',(3.03759196544396,8.37200227355648,2.91216639713229));
#2481=CARTESIAN_POINT('',(4.52178803003121,7.45001418151638,3.59098890707137));
#2482=CARTESIAN_POINT('',(3.96770429243558,7.05785195522214,2.91216639713229));
#2483=CARTESIAN_POINT('',(3.59167570303958,8.76416449985072,3.59098890707137));
#2484=CARTESIAN_POINT('',(4.52178803003121,7.45001418151638,3.59098890707137));
#2485=CARTESIAN_POINT('',(3.03759196544396,8.37200227355648,2.91216639713229));
#2486=CARTESIAN_POINT('',(3.59167570303958,8.76416449985072,3.59098890707137));
#2487=CARTESIAN_POINT('',(4.54488563163276,7.44185937921656,3.6051310426951));
#2488=CARTESIAN_POINT('',(4.92092500022628,5.71105193953188,2.9121663971323));
#2489=CARTESIAN_POINT('',(3.99081267323465,7.02520225786622,2.9121663971323));
#2490=CARTESIAN_POINT('',(5.4750087378219,6.10321416582613,3.59098890707138));
#2491=CARTESIAN_POINT('',(4.54489641083028,7.41736448416046,3.59098890707139));
#2492=CARTESIAN_POINT('',(4.92092500022628,5.71105193953188,2.9121663971323));
#2493=CARTESIAN_POINT('',(3.99081267323465,7.02520225786622,2.9121663971323));
#2494=CARTESIAN_POINT('',(5.4750087378219,6.10321416582613,3.59098890707138));
#2495=CARTESIAN_POINT('',(4.92092500022628,5.71105193953188,2.9121663971323));
#2496=CARTESIAN_POINT('',(4.54489641083028,7.41736448416046,3.59098890707139));
#2497=CARTESIAN_POINT('',(5.4750087378219,6.10321416582613,3.59098890707138));
#2498=CARTESIAN_POINT('',(3.99081267323465,7.02520225786622,2.9121663971323));
#2499=CARTESIAN_POINT('',(4.54489641083028,7.41736448416046,3.59098890707139));
#2500=CARTESIAN_POINT('',(5.4981063394192,6.09505936353229,3.6051310426951));
#2501=CARTESIAN_POINT('',(5.87414570801272,4.36425192384761,2.9121663971323));
#2502=CARTESIAN_POINT('',(4.9440333810211,5.67840224218195,2.9121663971323));
#2503=CARTESIAN_POINT('',(6.42822944560835,4.75641415014186,3.59098890707138));
#2504=CARTESIAN_POINT('',(5.49811711861672,6.0705644684762,3.59098890707139));
#2505=CARTESIAN_POINT('',(5.87414570801272,4.36425192384761,2.9121663971323));
#2506=CARTESIAN_POINT('',(4.9440333810211,5.67840224218195,2.9121663971323));
#2507=CARTESIAN_POINT('',(6.42822944560835,4.75641415014186,3.59098890707138));
#2508=CARTESIAN_POINT('',(5.87414570801272,4.36425192384761,2.9121663971323));
#2509=CARTESIAN_POINT('',(5.49811711861672,6.0705644684762,3.59098890707139));
#2510=CARTESIAN_POINT('',(6.42822944560835,4.75641415014186,3.59098890707138));
#2511=CARTESIAN_POINT('',(4.9440333810211,5.67840224218195,2.9121663971323));
#2512=CARTESIAN_POINT('',(5.49811711861672,6.0705644684762,3.59098890707139));
#2513=CARTESIAN_POINT('',(6.45132704720564,4.74825934784804,3.6051310426951));
#2514=CARTESIAN_POINT('',(6.82736641579916,3.01745190816336,2.9121663971323));
#2515=CARTESIAN_POINT('',(5.89725408880754,4.3316022264977,2.9121663971323));
#2516=CARTESIAN_POINT('',(7.38145015339479,3.40961413445761,3.59098890707138));
#2517=CARTESIAN_POINT('',(6.45133782640317,4.72376445279195,3.59098890707138));
#2518=CARTESIAN_POINT('',(6.82736641579916,3.01745190816336,2.9121663971323));
#2519=CARTESIAN_POINT('',(5.89725408880754,4.3316022264977,2.9121663971323));
#2520=CARTESIAN_POINT('',(7.38145015339479,3.40961413445761,3.59098890707138));
#2521=CARTESIAN_POINT('',(6.82736641579916,3.01745190816336,2.9121663971323));
#2522=CARTESIAN_POINT('',(6.45133782640317,4.72376445279195,3.59098890707138));
#2523=CARTESIAN_POINT('',(7.38145015339479,3.40961413445761,3.59098890707138));
#2524=CARTESIAN_POINT('',(5.89725408880754,4.3316022264977,2.9121663971323));
#2525=CARTESIAN_POINT('',(6.45133782640317,4.72376445279195,3.59098890707138));
#2526=CARTESIAN_POINT('',(2.26239406826463,11.8907617453318,4.31223782388165));
#2527=CARTESIAN_POINT('',(2.63843343685814,10.1599543056472,3.61927317831883));
#2528=CARTESIAN_POINT('',(1.70832110986651,11.4741046239815,3.61927317831883));
#2529=CARTESIAN_POINT('',(3.19251717445376,10.5521165319414,4.29809568825792));
#2530=CARTESIAN_POINT('',(2.26240484746214,11.8662668502757,4.29809568825792));
#2531=CARTESIAN_POINT('',(2.63843343685814,10.1599543056472,3.61927317831883));
#2532=CARTESIAN_POINT('',(1.70832110986651,11.4741046239815,3.61927317831883));
#2533=CARTESIAN_POINT('',(3.19251717445376,10.5521165319414,4.29809568825792));
#2534=CARTESIAN_POINT('',(2.63843343685814,10.1599543056472,3.61927317831883));
#2535=CARTESIAN_POINT('',(2.26240484746214,11.8662668502757,4.29809568825792));
#2536=CARTESIAN_POINT('',(3.19251717445376,10.5521165319414,4.29809568825792));
#2537=CARTESIAN_POINT('',(1.70832110986651,11.4741046239815,3.61927317831883));
#2538=CARTESIAN_POINT('',(2.26240484746214,11.8662668502757,4.29809568825792));
#2539=CARTESIAN_POINT('',(3.21561477605107,10.5439617296476,4.31223782388165));
#2540=CARTESIAN_POINT('',(3.59165414464458,8.81315428996289,3.61927317831883));
#2541=CARTESIAN_POINT('',(2.66154181765295,10.1273046082972,3.61927317831883));
#2542=CARTESIAN_POINT('',(4.1457378822402,9.20531651625713,4.29809568825792));
#2543=CARTESIAN_POINT('',(3.21562555524858,10.5194668345915,4.29809568825792));
#2544=CARTESIAN_POINT('',(3.59165414464458,8.81315428996289,3.61927317831883));
#2545=CARTESIAN_POINT('',(2.66154181765295,10.1273046082972,3.61927317831883));
#2546=CARTESIAN_POINT('',(4.1457378822402,9.20531651625713,4.29809568825792));
#2547=CARTESIAN_POINT('',(3.59165414464458,8.81315428996289,3.61927317831883));
#2548=CARTESIAN_POINT('',(3.21562555524858,10.5194668345915,4.29809568825792));
#2549=CARTESIAN_POINT('',(4.1457378822402,9.20531651625713,4.29809568825792));
#2550=CARTESIAN_POINT('',(2.66154181765295,10.1273046082972,3.61927317831883));
#2551=CARTESIAN_POINT('',(3.21562555524858,10.5194668345915,4.29809568825792));
#2552=CARTESIAN_POINT('',(4.16883548383752,9.19716171396331,4.31223782388165));
#2553=CARTESIAN_POINT('',(4.54487485243102,7.46635427427863,3.61927317831884));
#2554=CARTESIAN_POINT('',(3.6147625254394,8.78050459261297,3.61927317831884));
#2555=CARTESIAN_POINT('',(5.09895859002664,7.85851650057288,4.29809568825792));
#2556=CARTESIAN_POINT('',(4.16884626303502,9.17266681890722,4.29809568825792));
#2557=CARTESIAN_POINT('',(4.54487485243102,7.46635427427863,3.61927317831884));
#2558=CARTESIAN_POINT('',(3.6147625254394,8.78050459261297,3.61927317831884));
#2559=CARTESIAN_POINT('',(5.09895859002664,7.85851650057288,4.29809568825792));
#2560=CARTESIAN_POINT('',(4.54487485243102,7.46635427427863,3.61927317831884));
#2561=CARTESIAN_POINT('',(4.16884626303502,9.17266681890722,4.29809568825792));
#2562=CARTESIAN_POINT('',(5.09895859002664,7.85851650057288,4.29809568825792));
#2563=CARTESIAN_POINT('',(3.6147625254394,8.78050459261297,3.61927317831884));
#2564=CARTESIAN_POINT('',(4.16884626303502,9.17266681890722,4.29809568825792));
#2565=CARTESIAN_POINT('',(5.1220561916282,7.85036169827307,4.31223782388165));
#2566=CARTESIAN_POINT('',(5.49809556022172,6.11955425858838,3.61927317831885));
#2567=CARTESIAN_POINT('',(4.56798323323009,7.43370457692272,3.61927317831885));
#2568=CARTESIAN_POINT('',(6.05217929781734,6.51171648488262,4.29809568825793));
#2569=CARTESIAN_POINT('',(5.12206697082572,7.82586680321696,4.29809568825793));
#2570=CARTESIAN_POINT('',(5.49809556022172,6.11955425858838,3.61927317831885));
#2571=CARTESIAN_POINT('',(4.56798323323009,7.43370457692272,3.61927317831885));
#2572=CARTESIAN_POINT('',(6.05217929781734,6.51171648488262,4.29809568825793));
#2573=CARTESIAN_POINT('',(5.49809556022172,6.11955425858838,3.61927317831885));
#2574=CARTESIAN_POINT('',(5.12206697082572,7.82586680321696,4.29809568825793));
#2575=CARTESIAN_POINT('',(6.05217929781734,6.51171648488262,4.29809568825793));
#2576=CARTESIAN_POINT('',(4.56798323323009,7.43370457692272,3.61927317831885));
#2577=CARTESIAN_POINT('',(5.12206697082572,7.82586680321696,4.29809568825793));
#2578=CARTESIAN_POINT('',(6.07527689941467,6.5035616825888,4.31223782388165));
#2579=CARTESIAN_POINT('',(6.45131626800817,4.77275424290412,3.61927317831883));
#2580=CARTESIAN_POINT('',(5.52120394101655,6.08690456123846,3.61927317831883));
#2581=CARTESIAN_POINT('',(7.00540000560379,5.16491646919836,4.29809568825791));
#2582=CARTESIAN_POINT('',(6.07528767861217,6.4790667875327,4.29809568825792));
#2583=CARTESIAN_POINT('',(6.45131626800817,4.77275424290412,3.61927317831883));
#2584=CARTESIAN_POINT('',(5.52120394101655,6.08690456123846,3.61927317831883));
#2585=CARTESIAN_POINT('',(7.00540000560379,5.16491646919836,4.29809568825791));
#2586=CARTESIAN_POINT('',(6.45131626800817,4.77275424290412,3.61927317831883));
#2587=CARTESIAN_POINT('',(6.07528767861217,6.4790667875327,4.29809568825792));
#2588=CARTESIAN_POINT('',(7.00540000560379,5.16491646919836,4.29809568825791));
#2589=CARTESIAN_POINT('',(5.52120394101655,6.08690456123846,3.61927317831883));
#2590=CARTESIAN_POINT('',(6.07528767861217,6.4790667875327,4.29809568825792));
#2591=CARTESIAN_POINT('',(7.02849760720111,5.15676166690454,4.31223782388165));
#2592=CARTESIAN_POINT('',(7.40453697579461,3.42595422721987,3.61927317831884));
#2593=CARTESIAN_POINT('',(6.47442464880299,4.74010454555421,3.61927317831884));
#2594=CARTESIAN_POINT('',(7.95862071339023,3.81811645351411,4.29809568825792));
#2595=CARTESIAN_POINT('',(7.02850838639861,5.13226677184845,4.29809568825792));
#2596=CARTESIAN_POINT('',(7.40453697579461,3.42595422721987,3.61927317831884));
#2597=CARTESIAN_POINT('',(6.47442464880299,4.74010454555421,3.61927317831884));
#2598=CARTESIAN_POINT('',(7.95862071339023,3.81811645351411,4.29809568825792));
#2599=CARTESIAN_POINT('',(7.40453697579461,3.42595422721987,3.61927317831884));
#2600=CARTESIAN_POINT('',(7.02850838639861,5.13226677184845,4.29809568825792));
#2601=CARTESIAN_POINT('',(7.95862071339023,3.81811645351411,4.29809568825792));
#2602=CARTESIAN_POINT('',(6.47442464880299,4.74010454555421,3.61927317831884));
#2603=CARTESIAN_POINT('',(7.02850838639861,5.13226677184845,4.29809568825792));
#2604=CARTESIAN_POINT('',(2.83956462826007,12.2992640643883,5.0193446050682));
#2605=CARTESIAN_POINT('',(3.21560399685357,10.5684566247037,4.32637995950538));
#2606=CARTESIAN_POINT('',(2.28549166986195,11.882606943038,4.32637995950538));
#2607=CARTESIAN_POINT('',(3.7696877344492,10.9606188509979,5.00520246944447));
#2608=CARTESIAN_POINT('',(2.83957540745757,12.2747691693322,5.00520246944447));
#2609=CARTESIAN_POINT('',(3.21560399685357,10.5684566247037,4.32637995950538));
#2610=CARTESIAN_POINT('',(2.28549166986195,11.882606943038,4.32637995950538));
#2611=CARTESIAN_POINT('',(3.7696877344492,10.9606188509979,5.00520246944447));
#2612=CARTESIAN_POINT('',(3.21560399685357,10.5684566247037,4.32637995950538));
#2613=CARTESIAN_POINT('',(2.83957540745757,12.2747691693322,5.00520246944447));
#2614=CARTESIAN_POINT('',(3.7696877344492,10.9606188509979,5.00520246944447));
#2615=CARTESIAN_POINT('',(2.28549166986195,11.882606943038,4.32637995950538));
#2616=CARTESIAN_POINT('',(2.83957540745757,12.2747691693322,5.00520246944447));
#2617=CARTESIAN_POINT('',(3.79278533604654,10.9524640487041,5.0193446050682));
#2618=CARTESIAN_POINT('',(4.16882470464002,9.2216566090194,4.32637995950537));
#2619=CARTESIAN_POINT('',(3.2387123776484,10.5358069273537,4.32637995950537));
#2620=CARTESIAN_POINT('',(4.72290844223565,9.61381883531365,5.00520246944446));
#2621=CARTESIAN_POINT('',(3.79279611524402,10.927969153648,5.00520246944446));
#2622=CARTESIAN_POINT('',(4.16882470464002,9.2216566090194,4.32637995950537));
#2623=CARTESIAN_POINT('',(3.2387123776484,10.5358069273537,4.32637995950537));
#2624=CARTESIAN_POINT('',(4.72290844223565,9.61381883531365,5.00520246944446));
#2625=CARTESIAN_POINT('',(4.16882470464002,9.2216566090194,4.32637995950537));
#2626=CARTESIAN_POINT('',(3.79279611524402,10.927969153648,5.00520246944446));
#2627=CARTESIAN_POINT('',(4.72290844223565,9.61381883531365,5.00520246944446));
#2628=CARTESIAN_POINT('',(3.2387123776484,10.5358069273537,4.32637995950537));
#2629=CARTESIAN_POINT('',(3.79279611524402,10.927969153648,5.00520246944446));
#2630=CARTESIAN_POINT('',(4.74600604383298,9.60566403301982,5.0193446050682));
#2631=CARTESIAN_POINT('',(5.12204541242647,7.87485659333515,4.32637995950537));
#2632=CARTESIAN_POINT('',(4.19193308543484,9.18900691166949,4.32637995950537));
#2633=CARTESIAN_POINT('',(5.67612915002209,8.2670188196294,5.00520246944446));
#2634=CARTESIAN_POINT('',(4.74601682303047,9.58116913796373,5.00520246944446));
#2635=CARTESIAN_POINT('',(5.12204541242647,7.87485659333515,4.32637995950537));
#2636=CARTESIAN_POINT('',(4.19193308543484,9.18900691166949,4.32637995950537));
#2637=CARTESIAN_POINT('',(5.67612915002209,8.2670188196294,5.00520246944446));
#2638=CARTESIAN_POINT('',(5.12204541242647,7.87485659333515,4.32637995950537));
#2639=CARTESIAN_POINT('',(4.74601682303047,9.58116913796373,5.00520246944446));
#2640=CARTESIAN_POINT('',(5.67612915002209,8.2670188196294,5.00520246944446));
#2641=CARTESIAN_POINT('',(4.19193308543484,9.18900691166949,4.32637995950537));
#2642=CARTESIAN_POINT('',(4.74601682303047,9.58116913796373,5.00520246944446));
#2643=CARTESIAN_POINT('',(5.69922675162363,8.25886401732957,5.0193446050682));
#2644=CARTESIAN_POINT('',(6.07526612021715,6.52805657764489,4.3263799595054));
#2645=CARTESIAN_POINT('',(5.14515379322553,7.84220689597922,4.3263799595054));
#2646=CARTESIAN_POINT('',(6.62934985781278,6.92021880393913,5.00520246944448));
#2647=CARTESIAN_POINT('',(5.69923753082115,8.23436912227347,5.00520246944448));
#2648=CARTESIAN_POINT('',(6.07526612021715,6.52805657764489,4.3263799595054));
#2649=CARTESIAN_POINT('',(5.14515379322553,7.84220689597922,4.3263799595054));
#2650=CARTESIAN_POINT('',(6.62934985781278,6.92021880393913,5.00520246944448));
#2651=CARTESIAN_POINT('',(6.07526612021715,6.52805657764489,4.3263799595054));
#2652=CARTESIAN_POINT('',(5.69923753082115,8.23436912227347,5.00520246944448));
#2653=CARTESIAN_POINT('',(6.62934985781278,6.92021880393913,5.00520246944448));
#2654=CARTESIAN_POINT('',(5.14515379322553,7.84220689597922,4.3263799595054));
#2655=CARTESIAN_POINT('',(5.69923753082115,8.23436912227347,5.00520246944448));
#2656=CARTESIAN_POINT('',(6.6524474594101,6.9120640016453,5.0193446050682));
#2657=CARTESIAN_POINT('',(7.0284868280036,5.18125656196063,4.32637995950538));
#2658=CARTESIAN_POINT('',(6.09837450101198,6.49540688029497,4.32637995950538));
#2659=CARTESIAN_POINT('',(7.58257056559923,5.57341878825487,5.00520246944447));
#2660=CARTESIAN_POINT('',(6.65245823860761,6.88756910658921,5.00520246944447));
#2661=CARTESIAN_POINT('',(7.0284868280036,5.18125656196063,4.32637995950538));
#2662=CARTESIAN_POINT('',(6.09837450101198,6.49540688029497,4.32637995950538));
#2663=CARTESIAN_POINT('',(7.58257056559923,5.57341878825487,5.00520246944447));
#2664=CARTESIAN_POINT('',(7.0284868280036,5.18125656196063,4.32637995950538));
#2665=CARTESIAN_POINT('',(6.65245823860761,6.88756910658921,5.00520246944447));
#2666=CARTESIAN_POINT('',(7.58257056559923,5.57341878825487,5.00520246944447));
#2667=CARTESIAN_POINT('',(6.09837450101198,6.49540688029497,4.32637995950538));
#2668=CARTESIAN_POINT('',(6.65245823860761,6.88756910658921,5.00520246944447));
#2669=CARTESIAN_POINT('',(7.60566816719655,5.56526398596105,5.0193446050682));
#2670=CARTESIAN_POINT('',(7.98170753579005,3.83445654627637,4.32637995950538));
#2671=CARTESIAN_POINT('',(7.05159520879842,5.14860686461071,4.32637995950538));
#2672=CARTESIAN_POINT('',(8.53579127338567,4.22661877257062,5.00520246944447));
#2673=CARTESIAN_POINT('',(7.60567894639405,5.54076909090496,5.00520246944447));
#2674=CARTESIAN_POINT('',(7.98170753579005,3.83445654627637,4.32637995950538));
#2675=CARTESIAN_POINT('',(7.05159520879842,5.14860686461071,4.32637995950538));
#2676=CARTESIAN_POINT('',(8.53579127338567,4.22661877257062,5.00520246944447));
#2677=CARTESIAN_POINT('',(7.98170753579005,3.83445654627637,4.32637995950538));
#2678=CARTESIAN_POINT('',(7.60567894639405,5.54076909090496,5.00520246944447));
#2679=CARTESIAN_POINT('',(8.53579127338567,4.22661877257062,5.00520246944447));
#2680=CARTESIAN_POINT('',(7.05159520879842,5.14860686461071,4.32637995950538));
#2681=CARTESIAN_POINT('',(7.60567894639405,5.54076909090496,5.00520246944447));
#2682=CARTESIAN_POINT('',(3.41673518825551,12.7077663834448,5.72645138625475));
#2683=CARTESIAN_POINT('',(3.79277455684903,10.9769589437602,5.03348674069194));
#2684=CARTESIAN_POINT('',(2.86266222985741,12.2911092620945,5.03348674069194));
#2685=CARTESIAN_POINT('',(4.34685829444465,11.3691211700544,5.71230925063102));
#2686=CARTESIAN_POINT('',(3.41674596745303,12.6832714883887,5.71230925063102));
#2687=CARTESIAN_POINT('',(3.79277455684903,10.9769589437602,5.03348674069194));
#2688=CARTESIAN_POINT('',(2.86266222985741,12.2911092620945,5.03348674069194));
#2689=CARTESIAN_POINT('',(4.34685829444465,11.3691211700544,5.71230925063102));
#2690=CARTESIAN_POINT('',(3.79277455684903,10.9769589437602,5.03348674069194));
#2691=CARTESIAN_POINT('',(3.41674596745303,12.6832714883887,5.71230925063102));
#2692=CARTESIAN_POINT('',(4.34685829444465,11.3691211700544,5.71230925063102));
#2693=CARTESIAN_POINT('',(2.86266222985741,12.2911092620945,5.03348674069194));
#2694=CARTESIAN_POINT('',(3.41674596745303,12.6832714883887,5.71230925063102));
#2695=CARTESIAN_POINT('',(4.36995589604198,11.3609663677606,5.72645138625475));
#2696=CARTESIAN_POINT('',(4.74599526463548,9.63015892807589,5.03348674069193));
#2697=CARTESIAN_POINT('',(3.81588293764386,10.9443092464102,5.03348674069193));
#2698=CARTESIAN_POINT('',(5.30007900223111,10.0223211543701,5.71230925063101));
#2699=CARTESIAN_POINT('',(4.36996667523948,11.3364714727045,5.71230925063101));
#2700=CARTESIAN_POINT('',(4.74599526463548,9.63015892807589,5.03348674069193));
#2701=CARTESIAN_POINT('',(3.81588293764386,10.9443092464102,5.03348674069193));
#2702=CARTESIAN_POINT('',(5.30007900223111,10.0223211543701,5.71230925063101));
#2703=CARTESIAN_POINT('',(4.74599526463548,9.63015892807589,5.03348674069193));
#2704=CARTESIAN_POINT('',(4.36996667523948,11.3364714727045,5.71230925063101));
#2705=CARTESIAN_POINT('',(5.30007900223111,10.0223211543701,5.71230925063101));
#2706=CARTESIAN_POINT('',(3.81588293764386,10.9443092464102,5.03348674069193));
#2707=CARTESIAN_POINT('',(4.36996667523948,11.3364714727045,5.71230925063101));
#2708=CARTESIAN_POINT('',(5.32317660382842,10.0141663520763,5.72645138625475));
#2709=CARTESIAN_POINT('',(5.69921597242193,8.28335891239164,5.03348674069193));
#2710=CARTESIAN_POINT('',(4.7691036454303,9.59750923072598,5.03348674069193));
#2711=CARTESIAN_POINT('',(6.25329971001755,8.67552113868589,5.71230925063101));
#2712=CARTESIAN_POINT('',(5.32318738302593,9.98967145702022,5.71230925063101));
#2713=CARTESIAN_POINT('',(5.69921597242193,8.28335891239164,5.03348674069193));
#2714=CARTESIAN_POINT('',(4.7691036454303,9.59750923072598,5.03348674069193));
#2715=CARTESIAN_POINT('',(6.25329971001755,8.67552113868589,5.71230925063101));
#2716=CARTESIAN_POINT('',(5.69921597242193,8.28335891239164,5.03348674069193));
#2717=CARTESIAN_POINT('',(5.32318738302593,9.98967145702022,5.71230925063101));
#2718=CARTESIAN_POINT('',(6.25329971001755,8.67552113868589,5.71230925063101));
#2719=CARTESIAN_POINT('',(4.7691036454303,9.59750923072598,5.03348674069193));
#2720=CARTESIAN_POINT('',(5.32318738302593,9.98967145702022,5.71230925063101));
#2721=CARTESIAN_POINT('',(6.2763973116191,8.66736633638608,5.72645138625475));
#2722=CARTESIAN_POINT('',(6.65243668021262,6.93655889670139,5.03348674069194));
#2723=CARTESIAN_POINT('',(5.722324353221,8.25070921503572,5.03348674069194));
#2724=CARTESIAN_POINT('',(7.20652041780825,7.32872112299563,5.71230925063102));
#2725=CARTESIAN_POINT('',(6.27640809081662,8.64287144132997,5.71230925063102));
#2726=CARTESIAN_POINT('',(6.65243668021262,6.93655889670139,5.03348674069194));
#2727=CARTESIAN_POINT('',(5.722324353221,8.25070921503572,5.03348674069194));
#2728=CARTESIAN_POINT('',(7.20652041780825,7.32872112299563,5.71230925063102));
#2729=CARTESIAN_POINT('',(6.65243668021262,6.93655889670139,5.03348674069194));
#2730=CARTESIAN_POINT('',(6.27640809081662,8.64287144132997,5.71230925063102));
#2731=CARTESIAN_POINT('',(7.20652041780825,7.32872112299563,5.71230925063102));
#2732=CARTESIAN_POINT('',(5.722324353221,8.25070921503572,5.03348674069194));
#2733=CARTESIAN_POINT('',(6.27640809081662,8.64287144132997,5.71230925063102));
#2734=CARTESIAN_POINT('',(7.22961801940554,7.32056632070181,5.72645138625475));
#2735=CARTESIAN_POINT('',(7.60565738799907,5.58975888101712,5.03348674069194));
#2736=CARTESIAN_POINT('',(6.67554506100744,6.90390919935146,5.03348674069194));
#2737=CARTESIAN_POINT('',(8.15974112559469,5.98192110731136,5.71230925063102));
#2738=CARTESIAN_POINT('',(7.22962879860306,7.2960714256457,5.71230925063102));
#2739=CARTESIAN_POINT('',(7.60565738799907,5.58975888101712,5.03348674069194));
#2740=CARTESIAN_POINT('',(6.67554506100744,6.90390919935146,5.03348674069194));
#2741=CARTESIAN_POINT('',(8.15974112559469,5.98192110731136,5.71230925063102));
#2742=CARTESIAN_POINT('',(7.60565738799907,5.58975888101712,5.03348674069194));
#2743=CARTESIAN_POINT('',(7.22962879860306,7.2960714256457,5.71230925063102));
#2744=CARTESIAN_POINT('',(8.15974112559469,5.98192110731136,5.71230925063102));
#2745=CARTESIAN_POINT('',(6.67554506100744,6.90390919935146,5.03348674069194));
#2746=CARTESIAN_POINT('',(7.22962879860306,7.2960714256457,5.71230925063102));
#2747=CARTESIAN_POINT('',(8.18283872719198,5.97376630501756,5.72645138625475));
#2748=CARTESIAN_POINT('',(8.55887809578551,4.24295886533286,5.03348674069194));
#2749=CARTESIAN_POINT('',(7.62876576879388,5.5571091836672,5.03348674069194));
#2750=CARTESIAN_POINT('',(9.11296183338113,4.63512109162711,5.71230925063102));
#2751=CARTESIAN_POINT('',(8.18284950638951,5.94927140996145,5.71230925063102));
#2752=CARTESIAN_POINT('',(8.55887809578551,4.24295886533286,5.03348674069194));
#2753=CARTESIAN_POINT('',(7.62876576879388,5.5571091836672,5.03348674069194));
#2754=CARTESIAN_POINT('',(9.11296183338113,4.63512109162711,5.71230925063102));
#2755=CARTESIAN_POINT('',(8.55887809578551,4.24295886533286,5.03348674069194));
#2756=CARTESIAN_POINT('',(8.18284950638951,5.94927140996145,5.71230925063102));
#2757=CARTESIAN_POINT('',(9.11296183338113,4.63512109162711,5.71230925063102));
#2758=CARTESIAN_POINT('',(7.62876576879388,5.5571091836672,5.03348674069194));
#2759=CARTESIAN_POINT('',(8.18284950638951,5.94927140996145,5.71230925063102));
#2760=CARTESIAN_POINT('',(3.99390574825097,13.1162687025013,6.43355816744129));
#2761=CARTESIAN_POINT('',(4.36994511684447,11.3854612628167,5.74059352187848));
#2762=CARTESIAN_POINT('',(3.43983278985285,12.699611581151,5.74059352187848));
#2763=CARTESIAN_POINT('',(4.9240288544401,11.7776234891109,6.41941603181756));
#2764=CARTESIAN_POINT('',(3.99391652744848,13.0917738074452,6.41941603181756));
#2765=CARTESIAN_POINT('',(4.36994511684447,11.3854612628167,5.74059352187848));
#2766=CARTESIAN_POINT('',(3.43983278985285,12.699611581151,5.74059352187848));
#2767=CARTESIAN_POINT('',(4.9240288544401,11.7776234891109,6.41941603181756));
#2768=CARTESIAN_POINT('',(4.36994511684447,11.3854612628167,5.74059352187848));
#2769=CARTESIAN_POINT('',(3.99391652744848,13.0917738074452,6.41941603181756));
#2770=CARTESIAN_POINT('',(4.9240288544401,11.7776234891109,6.41941603181756));
#2771=CARTESIAN_POINT('',(3.43983278985285,12.699611581151,5.74059352187848));
#2772=CARTESIAN_POINT('',(3.99391652744848,13.0917738074452,6.41941603181756));
#2773=CARTESIAN_POINT('',(4.94712645603742,11.7694686868171,6.43355816744129));
#2774=CARTESIAN_POINT('',(5.32316582463092,10.0386612471324,5.74059352187848));
#2775=CARTESIAN_POINT('',(4.39305349763929,11.3528115654667,5.74059352187848));
#2776=CARTESIAN_POINT('',(5.87724956222654,10.4308234734266,6.41941603181756));
#2777=CARTESIAN_POINT('',(4.94713723523492,11.744973791761,6.41941603181756));
#2778=CARTESIAN_POINT('',(5.32316582463092,10.0386612471324,5.74059352187848));
#2779=CARTESIAN_POINT('',(4.39305349763929,11.3528115654667,5.74059352187848));
#2780=CARTESIAN_POINT('',(5.87724956222654,10.4308234734266,6.41941603181756));
#2781=CARTESIAN_POINT('',(5.32316582463092,10.0386612471324,5.74059352187848));
#2782=CARTESIAN_POINT('',(4.94713723523492,11.744973791761,6.41941603181756));
#2783=CARTESIAN_POINT('',(5.87724956222654,10.4308234734266,6.41941603181756));
#2784=CARTESIAN_POINT('',(4.39305349763929,11.3528115654667,5.74059352187848));
#2785=CARTESIAN_POINT('',(4.94713723523492,11.744973791761,6.41941603181756));
#2786=CARTESIAN_POINT('',(5.90034716382386,10.4226686711328,6.43355816744129));
#2787=CARTESIAN_POINT('',(6.27638653241736,8.69186123144815,5.74059352187847));
#2788=CARTESIAN_POINT('',(5.34627420542574,10.0060115497825,5.74059352187848));
#2789=CARTESIAN_POINT('',(6.83047027001298,9.0840234577424,6.41941603181756));
#2790=CARTESIAN_POINT('',(5.90035794302136,10.3981737760767,6.41941603181756));
#2791=CARTESIAN_POINT('',(6.27638653241736,8.69186123144815,5.74059352187847));
#2792=CARTESIAN_POINT('',(5.34627420542574,10.0060115497825,5.74059352187848));
#2793=CARTESIAN_POINT('',(6.83047027001298,9.0840234577424,6.41941603181756));
#2794=CARTESIAN_POINT('',(6.27638653241736,8.69186123144815,5.74059352187847));
#2795=CARTESIAN_POINT('',(5.90035794302136,10.3981737760767,6.41941603181756));
#2796=CARTESIAN_POINT('',(6.83047027001298,9.0840234577424,6.41941603181756));
#2797=CARTESIAN_POINT('',(5.34627420542574,10.0060115497825,5.74059352187848));
#2798=CARTESIAN_POINT('',(5.90035794302136,10.3981737760767,6.41941603181756));
#2799=CARTESIAN_POINT('',(6.85356787161454,9.07586865544257,6.43355816744129));
#2800=CARTESIAN_POINT('',(7.22960724020806,7.34506121575789,5.74059352187849));
#2801=CARTESIAN_POINT('',(6.29949491321643,8.65921153409223,5.74059352187849));
#2802=CARTESIAN_POINT('',(7.78369097780368,7.73722344205214,6.41941603181757));
#2803=CARTESIAN_POINT('',(6.85357865081206,9.05137376038647,6.41941603181757));
#2804=CARTESIAN_POINT('',(7.22960724020806,7.34506121575789,5.74059352187849));
#2805=CARTESIAN_POINT('',(6.29949491321643,8.65921153409223,5.74059352187849));
#2806=CARTESIAN_POINT('',(7.78369097780368,7.73722344205214,6.41941603181757));
#2807=CARTESIAN_POINT('',(7.22960724020806,7.34506121575789,5.74059352187849));
#2808=CARTESIAN_POINT('',(6.85357865081206,9.05137376038647,6.41941603181757));
#2809=CARTESIAN_POINT('',(7.78369097780368,7.73722344205214,6.41941603181757));
#2810=CARTESIAN_POINT('',(6.29949491321643,8.65921153409223,5.74059352187849));
#2811=CARTESIAN_POINT('',(6.85357865081206,9.05137376038647,6.41941603181757));
#2812=CARTESIAN_POINT('',(7.80678857940101,7.7290686397583,6.43355816744129));
#2813=CARTESIAN_POINT('',(8.18282794799451,5.99826120007363,5.74059352187848));
#2814=CARTESIAN_POINT('',(7.25271562100288,7.31241151840797,5.74059352187848));
#2815=CARTESIAN_POINT('',(8.73691168559013,6.39042342636788,6.41941603181756));
#2816=CARTESIAN_POINT('',(7.80679935859851,7.70457374470221,6.41941603181756));
#2817=CARTESIAN_POINT('',(8.18282794799451,5.99826120007363,5.74059352187848));
#2818=CARTESIAN_POINT('',(7.25271562100288,7.31241151840797,5.74059352187848));
#2819=CARTESIAN_POINT('',(8.73691168559013,6.39042342636788,6.41941603181756));
#2820=CARTESIAN_POINT('',(8.18282794799451,5.99826120007363,5.74059352187848));
#2821=CARTESIAN_POINT('',(7.80679935859851,7.70457374470221,6.41941603181756));
#2822=CARTESIAN_POINT('',(8.73691168559013,6.39042342636788,6.41941603181756));
#2823=CARTESIAN_POINT('',(7.25271562100288,7.31241151840797,5.74059352187848));
#2824=CARTESIAN_POINT('',(7.80679935859851,7.70457374470221,6.41941603181756));
#2825=CARTESIAN_POINT('',(8.76000928718745,6.38226862407407,6.43355816744129));
#2826=CARTESIAN_POINT('',(9.13604865578096,4.65146118438938,5.74059352187848));
#2827=CARTESIAN_POINT('',(8.20593632878933,5.96561150272372,5.74059352187848));
#2828=CARTESIAN_POINT('',(9.69013239337658,5.04362341068363,6.41941603181756));
#2829=CARTESIAN_POINT('',(8.76002006638496,6.35777372901797,6.41941603181756));
#2830=CARTESIAN_POINT('',(9.13604865578096,4.65146118438938,5.74059352187848));
#2831=CARTESIAN_POINT('',(8.20593632878933,5.96561150272372,5.74059352187848));
#2832=CARTESIAN_POINT('',(9.69013239337658,5.04362341068363,6.41941603181756));
#2833=CARTESIAN_POINT('',(9.13604865578096,4.65146118438938,5.74059352187848));
#2834=CARTESIAN_POINT('',(8.76002006638496,6.35777372901797,6.41941603181756));
#2835=CARTESIAN_POINT('',(9.69013239337658,5.04362341068363,6.41941603181756));
#2836=CARTESIAN_POINT('',(8.20593632878933,5.96561150272372,5.74059352187848));
#2837=CARTESIAN_POINT('',(8.76002006638496,6.35777372901797,6.41941603181756));
#2838=CARTESIAN_POINT('',(4.57107630824641,13.5247710215578,7.14066494862784));
#2839=CARTESIAN_POINT('',(4.94711567683991,11.7939635818732,6.44770030306503));
#2840=CARTESIAN_POINT('',(4.01700334984829,13.1081139002075,6.44770030306503));
#2841=CARTESIAN_POINT('',(5.50119941443554,12.1861258081674,7.12652281300411));
#2842=CARTESIAN_POINT('',(4.57108708744391,13.5002761265018,7.12652281300411));
#2843=CARTESIAN_POINT('',(4.94711567683991,11.7939635818732,6.44770030306503));
#2844=CARTESIAN_POINT('',(4.01700334984829,13.1081139002075,6.44770030306503));
#2845=CARTESIAN_POINT('',(5.50119941443554,12.1861258081674,7.12652281300411));
#2846=CARTESIAN_POINT('',(4.94711567683991,11.7939635818732,6.44770030306503));
#2847=CARTESIAN_POINT('',(4.57108708744391,13.5002761265018,7.12652281300411));
#2848=CARTESIAN_POINT('',(5.50119941443554,12.1861258081674,7.12652281300411));
#2849=CARTESIAN_POINT('',(4.01700334984829,13.1081139002075,6.44770030306503));
#2850=CARTESIAN_POINT('',(4.57108708744391,13.5002761265018,7.12652281300411));
#2851=CARTESIAN_POINT('',(5.52429701603285,12.1779710058736,7.14066494862784));
#2852=CARTESIAN_POINT('',(5.90033638462636,10.4471635661889,6.44770030306503));
#2853=CARTESIAN_POINT('',(4.97022405763473,11.7613138845232,6.44770030306503));
#2854=CARTESIAN_POINT('',(6.45442012222198,10.8393257924832,7.12652281300411));
#2855=CARTESIAN_POINT('',(5.52430779523035,12.1534761108175,7.12652281300411));
#2856=CARTESIAN_POINT('',(5.90033638462636,10.4471635661889,6.44770030306503));
#2857=CARTESIAN_POINT('',(4.97022405763473,11.7613138845232,6.44770030306503));
#2858=CARTESIAN_POINT('',(6.45442012222198,10.8393257924832,7.12652281300411));
#2859=CARTESIAN_POINT('',(5.90033638462636,10.4471635661889,6.44770030306503));
#2860=CARTESIAN_POINT('',(5.52430779523035,12.1534761108175,7.12652281300411));
#2861=CARTESIAN_POINT('',(6.45442012222198,10.8393257924832,7.12652281300411));
#2862=CARTESIAN_POINT('',(4.97022405763473,11.7613138845232,6.44770030306503));
#2863=CARTESIAN_POINT('',(5.52430779523035,12.1534761108175,7.12652281300411));
#2864=CARTESIAN_POINT('',(6.4775177238193,10.8311709901893,7.14066494862784));
#2865=CARTESIAN_POINT('',(6.8535570924128,9.10036355050466,6.44770030306503));
#2866=CARTESIAN_POINT('',(5.92344476542117,10.414513868839,6.44770030306503));
#2867=CARTESIAN_POINT('',(7.40764083000842,9.4925257767989,7.12652281300411));
#2868=CARTESIAN_POINT('',(6.4775285030168,10.8066760951332,7.12652281300411));
#2869=CARTESIAN_POINT('',(6.8535570924128,9.10036355050466,6.44770030306503));
#2870=CARTESIAN_POINT('',(5.92344476542117,10.414513868839,6.44770030306503));
#2871=CARTESIAN_POINT('',(7.40764083000842,9.4925257767989,7.12652281300411));
#2872=CARTESIAN_POINT('',(6.8535570924128,9.10036355050466,6.44770030306503));
#2873=CARTESIAN_POINT('',(6.4775285030168,10.8066760951332,7.12652281300411));
#2874=CARTESIAN_POINT('',(7.40764083000842,9.4925257767989,7.12652281300411));
#2875=CARTESIAN_POINT('',(5.92344476542117,10.414513868839,6.44770030306503));
#2876=CARTESIAN_POINT('',(6.4775285030168,10.8066760951332,7.12652281300411));
#2877=CARTESIAN_POINT('',(7.43073843160997,9.48437097449908,7.14066494862784));
#2878=CARTESIAN_POINT('',(7.80677780020349,7.7535635348144,6.44770030306504));
#2879=CARTESIAN_POINT('',(6.87666547321187,9.06771385314874,6.44770030306504));
#2880=CARTESIAN_POINT('',(8.36086153779912,8.14572576110865,7.12652281300412));
#2881=CARTESIAN_POINT('',(7.43074921080749,9.45987607944299,7.12652281300412));
#2882=CARTESIAN_POINT('',(7.80677780020349,7.7535635348144,6.44770030306504));
#2883=CARTESIAN_POINT('',(6.87666547321187,9.06771385314874,6.44770030306504));
#2884=CARTESIAN_POINT('',(8.36086153779912,8.14572576110865,7.12652281300412));
#2885=CARTESIAN_POINT('',(7.80677780020349,7.7535635348144,6.44770030306504));
#2886=CARTESIAN_POINT('',(7.43074921080749,9.45987607944299,7.12652281300412));
#2887=CARTESIAN_POINT('',(8.36086153779912,8.14572576110865,7.12652281300412));
#2888=CARTESIAN_POINT('',(6.87666547321187,9.06771385314874,6.44770030306504));
#2889=CARTESIAN_POINT('',(7.43074921080749,9.45987607944299,7.12652281300412));
#2890=CARTESIAN_POINT('',(8.38395913939644,8.13757095881481,7.14066494862784));
#2891=CARTESIAN_POINT('',(8.75999850798995,6.40676351913014,6.44770030306503));
#2892=CARTESIAN_POINT('',(7.82988618099832,7.72091383746448,6.44770030306503));
#2893=CARTESIAN_POINT('',(9.31408224558557,6.79892574542438,7.12652281300411));
#2894=CARTESIAN_POINT('',(8.38396991859395,8.11307606375872,7.12652281300411));
#2895=CARTESIAN_POINT('',(8.75999850798995,6.40676351913014,6.44770030306503));
#2896=CARTESIAN_POINT('',(7.82988618099832,7.72091383746448,6.44770030306503));
#2897=CARTESIAN_POINT('',(9.31408224558557,6.79892574542438,7.12652281300411));
#2898=CARTESIAN_POINT('',(8.75999850798995,6.40676351913014,6.44770030306503));
#2899=CARTESIAN_POINT('',(8.38396991859395,8.11307606375872,7.12652281300411));
#2900=CARTESIAN_POINT('',(9.31408224558557,6.79892574542438,7.12652281300411));
#2901=CARTESIAN_POINT('',(7.82988618099832,7.72091383746448,6.44770030306503));
#2902=CARTESIAN_POINT('',(8.38396991859395,8.11307606375872,7.12652281300411));
#2903=CARTESIAN_POINT('',(9.33717984718289,6.79077094313056,7.14066494862784));
#2904=CARTESIAN_POINT('',(9.71321921577639,5.05996350344589,6.44770030306502));
#2905=CARTESIAN_POINT('',(8.78310688878476,6.37411382178023,6.44770030306502));
#2906=CARTESIAN_POINT('',(10.267302953372,5.45212572974013,7.12652281300411));
#2907=CARTESIAN_POINT('',(9.33719062638039,6.76627604807447,7.12652281300411));
#2908=CARTESIAN_POINT('',(9.71321921577639,5.05996350344589,6.44770030306502));
#2909=CARTESIAN_POINT('',(8.78310688878476,6.37411382178023,6.44770030306502));
#2910=CARTESIAN_POINT('',(10.267302953372,5.45212572974013,7.12652281300411));
#2911=CARTESIAN_POINT('',(9.71321921577639,5.05996350344589,6.44770030306502));
#2912=CARTESIAN_POINT('',(9.33719062638039,6.76627604807447,7.12652281300411));
#2913=CARTESIAN_POINT('',(10.267302953372,5.45212572974013,7.12652281300411));
#2914=CARTESIAN_POINT('',(8.78310688878476,6.37411382178023,6.44770030306502));
#2915=CARTESIAN_POINT('',(9.33719062638039,6.76627604807447,7.12652281300411));
#2916=CARTESIAN_POINT('',(11.3962287131808,0.0330807607345103,4.85990776177651));
#2917=CARTESIAN_POINT('',(11.4565845889165,0.0947214873831323,4.90234531803289));
#2918=CARTESIAN_POINT('',(18.3844806850406,4.99805824362995,4.90234720535558));
#2919=CARTESIAN_POINT('',(13.1260600615351,2.50475838614865,7.65731758198088));
#2920=CARTESIAN_POINT('',(15.5564856855581,4.22493359875949,7.65731819374861));
#2921=CARTESIAN_POINT('',(11.4565845889165,0.0947214873831323,4.90234531803289));
#2922=CARTESIAN_POINT('',(18.3844806850406,4.99805824362995,4.90234720535558));
#2923=CARTESIAN_POINT('',(18.3844806850406,4.99805824362995,4.90234720535558));
#2924=CARTESIAN_POINT('',(15.5564856855581,4.22493359875949,7.65731819374861));
#2925=CARTESIAN_POINT('',(13.1260600615351,2.50475838614865,7.65731758198088));
#2926=CARTESIAN_POINT('',(15.5564856855581,4.22493359875949,7.65731819374861));
#2927=CARTESIAN_POINT('',(13.1260600615351,2.50475838614865,7.65731758198088));
#2928=CARTESIAN_POINT('',(11.4565845889165,0.0947214873831323,4.90234531803289));
#2929=CARTESIAN_POINT('',(11.3962287131808,0.0330807607345103,4.85990776177651));
#2930=CARTESIAN_POINT('',(14.0282418233982,3.80713830795311,9.14610000001436));
#2931=CARTESIAN_POINT('',(13.1260600615351,2.50475838614865,7.65731758198088));
#2932=CARTESIAN_POINT('',(15.5564856855581,4.22493359875949,7.65731819374861));
#2933=CARTESIAN_POINT('',(14.0282418233982,3.80713830795311,9.14610000001436));
#2934=CARTESIAN_POINT('',(13.1260600615351,2.50475838614865,7.65731758198088));
#2935=CARTESIAN_POINT('',(13.1260600615351,2.50475838614865,7.65731758198088));
#2936=CARTESIAN_POINT('',(15.5564856855581,4.22493359875949,7.65731819374861));
#2937=CARTESIAN_POINT('',(15.5564856855581,4.22493359875949,7.65731819374861));
#2938=CARTESIAN_POINT('',(14.0282418233982,3.80713830795311,9.14610000001436));
#2939=CARTESIAN_POINT('',(17.7873169525795,5.80383946700639,-0.588381000000068));
#2940=CARTESIAN_POINT('',(17.7201157946332,5.7562767000063,5.00664310860734));
#2941=CARTESIAN_POINT('',(10.9999999999999,1.00000000000004,5.05256737011163));
#2942=CARTESIAN_POINT('',(16.4390477821368,4.84957893985364,4.05500000000681));
#2943=CARTESIAN_POINT('',(15.5917881359051,4.24991645822709,4.0550000000068));
#2944=CARTESIAN_POINT('',(13.7519532029612,2.94774186915129,4.0550000000068));
#2945=CARTESIAN_POINT('',(12.9046935567295,2.34807938752476,4.0550000000068));
#2946=CARTESIAN_POINT('',(17.3818077931172,5.51683343530514,1.07500000000238));
#2947=CARTESIAN_POINT('',(12.8516377985358,2.31052826873314,1.07500000000237));
#2948=CARTESIAN_POINT('',(16.4390477821368,4.84957893985364,5.3350000000087));
#2949=CARTESIAN_POINT('',(15.7778914107999,4.38163422875779,5.3350000000087));
#2950=CARTESIAN_POINT('',(15.7778914107999,4.38163422875779,4.0550000000068));
#2951=CARTESIAN_POINT('',(15.591788135905,4.24991645822709,5.3350000000087));
#2952=CARTESIAN_POINT('',(14.9306072772951,3.78195441584563,5.3350000000087));
#2953=CARTESIAN_POINT('',(14.9306072772952,3.78195441584563,4.0550000000068));
#2954=CARTESIAN_POINT('',(13.7519532029612,2.94774186915132,5.3350000000087));
#2955=CARTESIAN_POINT('',(13.0907968316243,2.47979715805545,5.3350000000087));
#2956=CARTESIAN_POINT('',(13.0907968316243,2.47979715805545,4.0550000000068));
#2957=CARTESIAN_POINT('',(12.9046935567295,2.34807938752478,5.33500000000869));
#2958=CARTESIAN_POINT('',(12.2435371853926,1.88013467642891,5.33500000000869));
#2959=CARTESIAN_POINT('',(12.2435371853926,1.8801346764289,4.05500000000679));
#2960=CARTESIAN_POINT('',(17.3818077931171,5.51683343530514,2.27500000000416));
#2961=CARTESIAN_POINT('',(15.8309471689936,4.41918534754943,2.27500000000416));
#2962=CARTESIAN_POINT('',(15.8309471689936,4.41918534754943,1.07500000000238));
#2963=CARTESIAN_POINT('',(12.8516377985358,2.31052826873311,2.27500000000415));
#2964=CARTESIAN_POINT('',(11.3007771744122,1.21288018097741,2.27500000000415));
#2965=CARTESIAN_POINT('',(11.3007771744122,1.21288018097742,1.07500000000237));
#2966=CARTESIAN_POINT('',(17.7201157946332,5.75627670000627,4.52970994047064E-14));
#2967=CARTESIAN_POINT('',(11.,1.,2.8421709430404E-14));
#2968=CARTESIAN_POINT('',(13.1260738841265,2.50476509432161,7.65730333740129));
#2969=CARTESIAN_POINT('',(15.5564990399648,4.2249399980122,7.65731910067633));
#2970=CARTESIAN_POINT('',(17.7201157946332,5.7562767000063,5.00664310860734));
#2971=CARTESIAN_POINT('',(17.7201157946332,5.75627670000627,4.52970994047064E-14));
#2972=CARTESIAN_POINT('',(10.9999999999999,1.00000000000004,5.05256737011163));
#2973=CARTESIAN_POINT('',(13.1260738841265,2.50476509432161,7.65730333740129));
#2974=CARTESIAN_POINT('',(16.4390477821368,4.84957893985364,4.05500000000681));
#2975=CARTESIAN_POINT('',(15.7778914107999,4.38163422875779,4.0550000000068));
#2976=CARTESIAN_POINT('',(15.5917881359051,4.24991645822709,4.0550000000068));
#2977=CARTESIAN_POINT('',(14.9306072772952,3.78195441584563,4.0550000000068));
#2978=CARTESIAN_POINT('',(13.7519532029612,2.94774186915129,4.0550000000068));
#2979=CARTESIAN_POINT('',(13.0907968316243,2.47979715805545,4.0550000000068));
#2980=CARTESIAN_POINT('',(12.9046935567295,2.34807938752476,4.0550000000068));
#2981=CARTESIAN_POINT('',(12.2435371853926,1.8801346764289,4.05500000000679));
#2982=CARTESIAN_POINT('',(17.3818077931172,5.51683343530514,1.07500000000238));
#2983=CARTESIAN_POINT('',(15.8309471689936,4.41918534754943,1.07500000000238));
#2984=CARTESIAN_POINT('',(12.8516377985358,2.31052826873314,1.07500000000237));
#2985=CARTESIAN_POINT('',(11.3007771744122,1.21288018097742,1.07500000000237));
#2986=CARTESIAN_POINT('',(16.4390477821368,4.84957893985364,5.3350000000087));
#2987=CARTESIAN_POINT('',(16.4390477821368,4.84957893985364,4.05500000000681));
#2988=CARTESIAN_POINT('',(15.7778914107999,4.38163422875779,5.3350000000087));
#2989=CARTESIAN_POINT('',(16.4390477821368,4.84957893985364,5.3350000000087));
#2990=CARTESIAN_POINT('',(15.7778914107999,4.38163422875779,4.0550000000068));
#2991=CARTESIAN_POINT('',(15.7778914107999,4.38163422875779,5.3350000000087));
#2992=CARTESIAN_POINT('',(15.591788135905,4.24991645822709,5.3350000000087));
#2993=CARTESIAN_POINT('',(15.5917881359051,4.24991645822709,4.0550000000068));
#2994=CARTESIAN_POINT('',(14.9306072772951,3.78195441584563,5.3350000000087));
#2995=CARTESIAN_POINT('',(15.591788135905,4.24991645822709,5.3350000000087));
#2996=CARTESIAN_POINT('',(14.9306072772952,3.78195441584563,4.0550000000068));
#2997=CARTESIAN_POINT('',(14.9306072772951,3.78195441584563,5.3350000000087));
#2998=CARTESIAN_POINT('',(13.7519532029612,2.94774186915132,5.3350000000087));
#2999=CARTESIAN_POINT('',(13.7519532029612,2.94774186915129,4.0550000000068));
#3000=CARTESIAN_POINT('',(13.0907968316243,2.47979715805545,5.3350000000087));
#3001=CARTESIAN_POINT('',(13.7519532029612,2.94774186915132,5.3350000000087));
#3002=CARTESIAN_POINT('',(13.0907968316243,2.47979715805545,4.0550000000068));
#3003=CARTESIAN_POINT('',(13.0907968316243,2.47979715805545,5.3350000000087));
#3004=CARTESIAN_POINT('',(12.9046935567295,2.34807938752478,5.33500000000869));
#3005=CARTESIAN_POINT('',(12.9046935567295,2.34807938752476,4.0550000000068));
#3006=CARTESIAN_POINT('',(12.2435371853926,1.88013467642891,5.33500000000869));
#3007=CARTESIAN_POINT('',(12.9046935567295,2.34807938752478,5.33500000000869));
#3008=CARTESIAN_POINT('',(12.2435371853926,1.8801346764289,4.05500000000679));
#3009=CARTESIAN_POINT('',(12.2435371853926,1.88013467642891,5.33500000000869));
#3010=CARTESIAN_POINT('',(17.3818077931171,5.51683343530514,2.27500000000416));
#3011=CARTESIAN_POINT('',(17.3818077931172,5.51683343530514,1.07500000000238));
#3012=CARTESIAN_POINT('',(15.8309471689936,4.41918534754943,2.27500000000416));
#3013=CARTESIAN_POINT('',(17.3818077931171,5.51683343530514,2.27500000000416));
#3014=CARTESIAN_POINT('',(15.8309471689936,4.41918534754943,1.07500000000238));
#3015=CARTESIAN_POINT('',(15.8309471689936,4.41918534754943,2.27500000000416));
#3016=CARTESIAN_POINT('',(12.8516377985358,2.31052826873311,2.27500000000415));
#3017=CARTESIAN_POINT('',(12.8516377985358,2.31052826873314,1.07500000000237));
#3018=CARTESIAN_POINT('',(11.3007771744122,1.21288018097741,2.27500000000415));
#3019=CARTESIAN_POINT('',(12.8516377985358,2.31052826873311,2.27500000000415));
#3020=CARTESIAN_POINT('',(11.3007771744122,1.21288018097742,1.07500000000237));
#3021=CARTESIAN_POINT('',(11.3007771744122,1.21288018097741,2.27500000000415));
#3022=CARTESIAN_POINT('',(17.7201157946332,5.75627670000627,4.52970994047064E-14));
#3023=CARTESIAN_POINT('',(11.,1.,2.8421709430404E-14));
#3024=CARTESIAN_POINT('',(11.,1.,2.8421709430404E-14));
#3025=CARTESIAN_POINT('',(10.9999999999999,1.00000000000004,5.05256737011163));
#3026=CARTESIAN_POINT('',(13.1260738841265,2.50476509432161,7.65730333740129));
#3027=CARTESIAN_POINT('',(15.5564990399648,4.2249399980122,7.65731910067633));
#3028=CARTESIAN_POINT('',(15.5564990399648,4.2249399980122,7.65731910067633));
#3029=CARTESIAN_POINT('',(17.7201157946332,5.7562767000063,5.00664310860734));
#3030=CARTESIAN_POINT('',(10.0983883218743,16.5249712908845,5.00664310860733));
#3031=CARTESIAN_POINT('',(6.71955276736927,14.1335427333767,9.14610000001439));
#3032=CARTESIAN_POINT('',(10.0983883218743,16.5249712908845,5.00664310860733));
#3033=CARTESIAN_POINT('',(17.7201157946332,5.75627670000628,5.00664310860734));
#3034=CARTESIAN_POINT('',(15.5564929674107,4.22493570005823,7.65732654024427));
#3035=CARTESIAN_POINT('',(14.0282418233983,3.80713830795317,9.1461000000144));
#3036=CARTESIAN_POINT('',(6.71955276736927,14.1335427333767,9.14610000001439));
#3037=CARTESIAN_POINT('',(14.0282418233983,3.80713830795317,9.1461000000144));
#3038=CARTESIAN_POINT('',(10.0983883218743,16.5249712908845,5.00664310860733));
#3039=CARTESIAN_POINT('',(17.7201157946332,5.75627670000628,5.00664310860734));
#3040=CARTESIAN_POINT('',(10.0983883218743,16.5249712908845,5.00664310860733));
#3041=CARTESIAN_POINT('',(6.71955276736927,14.1335427333767,9.14610000001439));
#3042=CARTESIAN_POINT('',(17.7201157946332,5.75627670000628,5.00664310860734));
#3043=CARTESIAN_POINT('',(15.5564929674107,4.22493570005823,7.65732654024427));
#3044=CARTESIAN_POINT('',(15.5564929674107,4.22493570005823,7.65732654024427));
#3045=CARTESIAN_POINT('',(15.0470759847548,4.08566994894119,8.15358420004971));
#3046=CARTESIAN_POINT('',(14.5376590020989,3.94640419782416,8.64984185985516));
#3047=CARTESIAN_POINT('',(14.0282418233983,3.80713830795317,9.1461000000144));
#3048=CARTESIAN_POINT('',(10.9999999999999,1.00000000000004,5.05256737011163));
#3049=CARTESIAN_POINT('',(6.71955276736927,14.1335427333767,9.14610000001439));
#3050=CARTESIAN_POINT('',(10.9999999999999,1.00000000000004,5.05256737011163));
#3051=CARTESIAN_POINT('',(3.37827252724097,11.7686945908782,5.05256737011165));
#3052=CARTESIAN_POINT('',(14.0282418233982,3.80713830795311,9.14610000001436));
#3053=CARTESIAN_POINT('',(13.126067512847,2.50476058493978,7.65729553169855));
#3054=CARTESIAN_POINT('',(10.9999999999999,1.00000000000004,5.05256737011163));
#3055=CARTESIAN_POINT('',(3.37827252724097,11.7686945908782,5.05256737011165));
#3056=CARTESIAN_POINT('',(10.9999999999999,1.00000000000004,5.05256737011163));
#3057=CARTESIAN_POINT('',(13.126067512847,2.50476058493978,7.65729553169855));
#3058=CARTESIAN_POINT('',(3.37827252724097,11.7686945908782,5.05256737011165));
#3059=CARTESIAN_POINT('',(6.71955276736927,14.1335427333767,9.14610000001439));
#3060=CARTESIAN_POINT('',(14.0282418233982,3.80713830795311,9.14610000001436));
#3061=CARTESIAN_POINT('',(13.727516922518,3.37301230777935,8.6498315236665));
#3062=CARTESIAN_POINT('',(13.4267922176826,2.93888644635957,8.15356352768253));
#3063=CARTESIAN_POINT('',(13.126067512847,2.50476058493978,7.65729553169855));
#3064=CARTESIAN_POINT('',(14.0282418233982,3.80713830795311,9.14610000001436));
#3065=CARTESIAN_POINT('',(6.71955276736927,14.1335427333767,9.14610000001439));
#3066=CARTESIAN_POINT('',(15.0611270183855,2.45895348083663,9.2103261850319));
#3067=CARTESIAN_POINT('',(3.37827252724096,11.7686945908782,5.05256737011165));
#3068=CARTESIAN_POINT('',(10.9999999999999,1.00000000000004,5.05256737011164));
#3069=CARTESIAN_POINT('',(11.4231155509906,0.0710332043053919,4.86125809403585));
#3070=CARTESIAN_POINT('',(8.58702397603777,4.07813056006718,4.86125809403587));
#3071=CARTESIAN_POINT('',(6.84209883814948,2.84312999903202,2.72348149826518));
#3072=CARTESIAN_POINT('',(0.8628053074802,11.2912391883367,2.72348149826521));
#3073=CARTESIAN_POINT('',(6.10516447008118,15.0016083992447,9.1461000000144));
#3074=CARTESIAN_POINT('',(6.71955276736927,14.1335427333767,9.1461000000144));
#3075=CARTESIAN_POINT('',(13.126067512847,2.50476058493968,7.6572955316984));
#3076=CARTESIAN_POINT('',(11.4566184663694,0.0947454647288895,4.90230381348992));
#3077=CARTESIAN_POINT('',(3.37827252724096,11.7686945908782,5.05256737011165));
#3078=CARTESIAN_POINT('',(6.71955276736927,14.1335427333767,9.1461000000144));
#3079=CARTESIAN_POINT('',(10.9999999999999,1.00000000000004,5.05256737011164));
#3080=CARTESIAN_POINT('',(3.37827252724096,11.7686945908782,5.05256737011165));
#3081=CARTESIAN_POINT('',(11.4231155509906,0.0710332043053919,4.86125809403585));
#3082=CARTESIAN_POINT('',(11.4566184663694,0.0947454647288895,4.90230381348992));
#3083=CARTESIAN_POINT('',(8.58702397603777,4.07813056006718,4.86125809403587));
#3084=CARTESIAN_POINT('',(11.4231155509906,0.0710332043053919,4.86125809403585));
#3085=CARTESIAN_POINT('',(6.84209883814948,2.84312999903202,2.72348149826518));
#3086=CARTESIAN_POINT('',(8.58702397603777,4.07813056006718,4.86125809403587));
#3087=CARTESIAN_POINT('',(0.8628053074802,11.2912391883367,2.72348149826521));
#3088=CARTESIAN_POINT('',(6.84209883814948,2.84312999903202,2.72348149826518));
#3089=CARTESIAN_POINT('',(6.10516447008118,15.0016083992447,9.1461000000144));
#3090=CARTESIAN_POINT('',(0.8628053074802,11.2912391883367,2.72348149826521));
#3091=CARTESIAN_POINT('',(6.71955276736927,14.1335427333767,9.1461000000144));
#3092=CARTESIAN_POINT('',(6.10516447008118,15.0016083992447,9.1461000000144));
#3093=CARTESIAN_POINT('',(13.126067512847,2.50476058493968,7.6572955316984));
#3094=CARTESIAN_POINT('',(12.5695846300303,1.70142240306688,6.73896491028464));
#3095=CARTESIAN_POINT('',(12.0131017472137,0.898084221194074,5.82063428887087));
#3096=CARTESIAN_POINT('',(11.4566184663694,0.0947454647288895,4.90230381348992));
#3097=CARTESIAN_POINT('',(13.126067512847,2.50476058493968,7.6572955316984));
#3098=CARTESIAN_POINT('',(10.9999999999999,1.00000000000004,5.05256737011164));
#3099=CARTESIAN_POINT('',(18.5411133626896,4.92197323698008,4.81845200000799));
#3100=CARTESIAN_POINT('',(17.7201157946332,5.75627670000628,5.00664310860734));
#3101=CARTESIAN_POINT('',(10.0983883218743,16.5249712908845,5.00664310860733));
#3102=CARTESIAN_POINT('',(6.71955276736927,14.1335427333767,9.14610000001439));
#3103=CARTESIAN_POINT('',(6.10516447008118,15.0016083992447,9.1461000000144));
#3104=CARTESIAN_POINT('',(9.60260005020994,17.4769781499898,4.86130000000804));
#3105=CARTESIAN_POINT('',(18.417985155832,5.0217716049233,4.86130000000805));
#3106=CARTESIAN_POINT('',(18.3844806850406,4.99805824362995,4.90234720535558));
#3107=CARTESIAN_POINT('',(15.5564929673777,4.22493570003492,7.65732654028458));
#3108=CARTESIAN_POINT('',(17.7201157946332,5.75627670000628,5.00664310860734));
#3109=CARTESIAN_POINT('',(15.5564929673777,4.22493570003492,7.65732654028458));
#3110=CARTESIAN_POINT('',(10.0983883218743,16.5249712908845,5.00664310860733));
#3111=CARTESIAN_POINT('',(17.7201157946332,5.75627670000628,5.00664310860734));
#3112=CARTESIAN_POINT('',(6.71955276736927,14.1335427333767,9.14610000001439));
#3113=CARTESIAN_POINT('',(10.0983883218743,16.5249712908845,5.00664310860733));
#3114=CARTESIAN_POINT('',(6.10516447008118,15.0016083992447,9.1461000000144));
#3115=CARTESIAN_POINT('',(6.71955276736927,14.1335427333767,9.14610000001439));
#3116=CARTESIAN_POINT('',(9.60260005020994,17.4769781499898,4.86130000000804));
#3117=CARTESIAN_POINT('',(6.10516447008118,15.0016083992447,9.1461000000144));
#3118=CARTESIAN_POINT('',(18.417985155832,5.0217716049233,4.86130000000805));
#3119=CARTESIAN_POINT('',(9.60260005020994,17.4769781499898,4.86130000000804));
#3120=CARTESIAN_POINT('',(18.3844806850406,4.99805824362995,4.90234720535558));
#3121=CARTESIAN_POINT('',(17.4418181124863,4.74035072909827,5.82066848226763));
#3122=CARTESIAN_POINT('',(16.499155539932,4.48264321456659,6.73898975917965));
#3123=CARTESIAN_POINT('',(15.5564929673777,4.22493570003492,7.65732654028458));
#3124=CARTESIAN_POINT('',(18.3844806850406,4.99805824362995,4.90234720535558));
#3125=CARTESIAN_POINT('',(18.417985155832,5.0217716049233,4.86130000000805));
#3126=CARTESIAN_POINT('',(18.8337790515839,5.31605683434581,2.46480000000448));
#3127=CARTESIAN_POINT('',(18.8337790515839,5.31605683434581,2.46480000000448));
#3128=CARTESIAN_POINT('',(10.0183939459618,17.7712633794123,2.46480000000447));
#3129=CARTESIAN_POINT('',(9.60260005020994,17.4769781499898,4.86130000000804));
#3130=CARTESIAN_POINT('',(18.417985155832,5.0217716049233,4.86130000000805));
#3131=CARTESIAN_POINT('',(18.8337790515839,5.31605683434581,2.46480000000448));
#3132=CARTESIAN_POINT('',(10.0183939459618,17.7712633794123,2.46480000000447));
#3133=CARTESIAN_POINT('',(10.0183939459618,17.7712633794123,2.46480000000447));
#3134=CARTESIAN_POINT('',(9.60260005020994,17.4769781499898,4.86130000000804));
#3135=CARTESIAN_POINT('',(9.60260005020994,17.4769781499898,4.86130000000804));
#3136=CARTESIAN_POINT('',(18.417985155832,5.0217716049233,4.86130000000805));
#3137=CARTESIAN_POINT('',(18.417985155832,5.0217716049233,4.86130000000805));
#3138=CARTESIAN_POINT('',(18.8337790515839,5.31605683434581,2.46480000000448));
#3139=CARTESIAN_POINT('',(11.0072956125496,-0.223270457274982,2.46480000000449));
#3140=CARTESIAN_POINT('',(11.0072956125496,-0.223270457274982,2.46480000000449));
#3141=CARTESIAN_POINT('',(11.4230813458772,0.0710089950523126,4.86130000000805));
#3142=CARTESIAN_POINT('',(8.58698977092435,4.0781063508141,4.86130000000805));
#3143=CARTESIAN_POINT('',(8.17120403759684,3.78382689848681,2.46480000000449));
#3144=CARTESIAN_POINT('',(11.0072956125496,-0.223270457274982,2.46480000000449));
#3145=CARTESIAN_POINT('',(11.4230813458772,0.0710089950523126,4.86130000000805));
#3146=CARTESIAN_POINT('',(11.4230813458772,0.0710089950523126,4.86130000000805));
#3147=CARTESIAN_POINT('',(8.58698977092435,4.0781063508141,4.86130000000805));
#3148=CARTESIAN_POINT('',(8.17120403759684,3.78382689848681,2.46480000000449));
#3149=CARTESIAN_POINT('',(8.58698977092435,4.0781063508141,4.86130000000805));
#3150=CARTESIAN_POINT('',(11.0072956125496,-0.223270457274982,2.46480000000449));
#3151=CARTESIAN_POINT('',(8.17120403759684,3.78382689848681,2.46480000000449));
#3152=CARTESIAN_POINT('',(9.51926956807492,16.1150857734563,0.0740000000009031));
#3153=CARTESIAN_POINT('',(9.51926956807492,16.1150857734563,0.0740000000009031));
#3154=CARTESIAN_POINT('',(7.33582105779564,14.5697128078003,0.0740000000009031));
#3155=CARTESIAN_POINT('',(7.33582105779564,14.5697128078003,2.66500000000476));
#3156=CARTESIAN_POINT('',(9.51926956807492,16.1150857734563,2.66500000000476));
#3157=CARTESIAN_POINT('',(9.51926956807492,16.1150857734563,0.0740000000009031));
#3158=CARTESIAN_POINT('',(7.33582105779564,14.5697128078003,0.0740000000009031));
#3159=CARTESIAN_POINT('',(7.33582105779564,14.5697128078003,0.0740000000009031));
#3160=CARTESIAN_POINT('',(7.33582105779564,14.5697128078003,2.66500000000476));
#3161=CARTESIAN_POINT('',(7.33582105779564,14.5697128078003,2.66500000000476));
#3162=CARTESIAN_POINT('',(9.51926956807492,16.1150857734563,2.66500000000476));
#3163=CARTESIAN_POINT('',(9.51926956807492,16.1150857734563,2.66500000000476));
#3164=CARTESIAN_POINT('',(9.51926956807492,16.1150857734563,0.0740000000009031));
#3165=CARTESIAN_POINT('',(6.10328972988856,13.6973714855535,0.0740000000009031));
#3166=CARTESIAN_POINT('',(6.10328972988856,13.6973714855535,0.0740000000009031));
#3167=CARTESIAN_POINT('',(3.91984121960929,12.1519985198975,0.0740000000009031));
#3168=CARTESIAN_POINT('',(3.91984121960929,12.1519985198975,2.66500000000476));
#3169=CARTESIAN_POINT('',(6.10328972988856,13.6973714855535,2.66500000000476));
#3170=CARTESIAN_POINT('',(6.10328972988856,13.6973714855535,0.0740000000009031));
#3171=CARTESIAN_POINT('',(3.91984121960929,12.1519985198975,0.0740000000009031));
#3172=CARTESIAN_POINT('',(3.91984121960929,12.1519985198975,0.0740000000009031));
#3173=CARTESIAN_POINT('',(3.91984121960929,12.1519985198975,2.66500000000476));
#3174=CARTESIAN_POINT('',(3.91984121960929,12.1519985198975,2.66500000000476));
#3175=CARTESIAN_POINT('',(6.10328972988856,13.6973714855535,2.66500000000476));
#3176=CARTESIAN_POINT('',(6.10328972988856,13.6973714855535,2.66500000000476));
#3177=CARTESIAN_POINT('',(6.10328972988856,13.6973714855535,0.0740000000009031));
#3178=CARTESIAN_POINT('',(14.4499852803058,10.3766251586682,0.0260000000000273));
#3179=CARTESIAN_POINT('',(14.4499852803058,10.3766251586682,0.0260000000000273));
#3180=CARTESIAN_POINT('',(13.5372042389089,11.6662882039921,0.0260000000000273));
#3181=CARTESIAN_POINT('',(13.5372042389089,11.6662882039921,2.42420000000359));
#3182=CARTESIAN_POINT('',(14.4499852803058,10.3766251586682,2.42420000000359));
#3183=CARTESIAN_POINT('',(14.4499852803058,10.3766251586682,0.0260000000000273));
#3184=CARTESIAN_POINT('',(13.5372042389089,11.6662882039921,0.0260000000000273));
#3185=CARTESIAN_POINT('',(13.5372042389089,11.6662882039921,0.0260000000000273));
#3186=CARTESIAN_POINT('',(13.5372042389089,11.6662882039921,2.42420000000359));
#3187=CARTESIAN_POINT('',(13.5372042389089,11.6662882039921,2.42420000000359));
#3188=CARTESIAN_POINT('',(14.4499852803058,10.3766251586682,2.42420000000359));
#3189=CARTESIAN_POINT('',(14.4499852803058,10.3766251586682,2.42420000000359));
#3190=CARTESIAN_POINT('',(14.4499852803058,10.3766251586682,0.0260000000000273));
#3191=CARTESIAN_POINT('',(15.8590187992722,8.38580986275383,0.0150000000000174));
#3192=CARTESIAN_POINT('',(15.8590187992722,8.38580986275383,0.0150000000000174));
#3193=CARTESIAN_POINT('',(15.2327816797316,9.27061666093802,0.0150000000000174));
#3194=CARTESIAN_POINT('',(15.2327816797316,9.27061666093802,2.41800000000358));
#3195=CARTESIAN_POINT('',(15.8590187992722,8.38580986275383,2.41800000000358));
#3196=CARTESIAN_POINT('',(15.8590187992722,8.38580986275383,0.0150000000000174));
#3197=CARTESIAN_POINT('',(15.2327816797316,9.27061666093802,0.0150000000000174));
#3198=CARTESIAN_POINT('',(15.2327816797316,9.27061666093802,0.0150000000000174));
#3199=CARTESIAN_POINT('',(15.2327816797316,9.27061666093802,2.41800000000358));
#3200=CARTESIAN_POINT('',(15.2327816797316,9.27061666093802,2.41800000000358));
#3201=CARTESIAN_POINT('',(15.8590187992722,8.38580986275383,2.41800000000358));
#3202=CARTESIAN_POINT('',(15.8590187992722,8.38580986275383,2.41800000000358));
#3203=CARTESIAN_POINT('',(15.8590187992722,8.38580986275383,0.0150000000000174));
#3204=CARTESIAN_POINT('',(3.37827252724096,11.7686945908782,0.));
#3205=CARTESIAN_POINT('',(6.72986008387031,7.03325594905753,0.0740000000001197));
#3206=CARTESIAN_POINT('',(7.84483945722218,5.45790805192149,0.0740000000001197));
#3207=CARTESIAN_POINT('',(7.84483945722218,5.45790805192149,2.39200000000356));
#3208=CARTESIAN_POINT('',(6.72986008387031,7.03325594905753,2.39200000000356));
#3209=CARTESIAN_POINT('',(6.72986008387031,7.03325594905753,0.0740000000001197));
#3210=CARTESIAN_POINT('',(7.84483945722218,5.45790805192149,0.0740000000001197));
#3211=CARTESIAN_POINT('',(7.84483945722218,5.45790805192149,0.0740000000001197));
#3212=CARTESIAN_POINT('',(7.84483945722218,5.45790805192149,2.39200000000356));
#3213=CARTESIAN_POINT('',(7.84483945722218,5.45790805192149,2.39200000000356));
#3214=CARTESIAN_POINT('',(6.72986008387031,7.03325594905753,2.39200000000356));
#3215=CARTESIAN_POINT('',(6.72986008387031,7.03325594905753,2.39200000000356));
#3216=CARTESIAN_POINT('',(6.72986008387031,7.03325594905753,0.0740000000001197));
#3217=CARTESIAN_POINT('',(15.8309469223022,4.4191837310791,1.07500000000238));
#3218=CARTESIAN_POINT('',(15.8309469223022,4.4191837310791,1.07500000000238));
#3219=CARTESIAN_POINT('',(17.3818075464258,5.51683181883481,1.07500000000238));
#3220=CARTESIAN_POINT('',(17.3818075464258,5.51683181883481,2.27500000000416));
#3221=CARTESIAN_POINT('',(15.8309469223023,4.4191837310791,2.27500000000416));
#3222=CARTESIAN_POINT('',(15.8309469223022,4.4191837310791,1.07500000000238));
#3223=CARTESIAN_POINT('',(17.3818075464258,5.51683181883481,1.07500000000238));
#3224=CARTESIAN_POINT('',(17.3818075464258,5.51683181883481,1.07500000000238));
#3225=CARTESIAN_POINT('',(17.3818075464258,5.51683181883481,2.27500000000416));
#3226=CARTESIAN_POINT('',(17.3818075464258,5.51683181883481,2.27500000000416));
#3227=CARTESIAN_POINT('',(15.8309469223023,4.4191837310791,2.27500000000416));
#3228=CARTESIAN_POINT('',(15.8309469223023,4.4191837310791,2.27500000000416));
#3229=CARTESIAN_POINT('',(15.8309469223022,4.4191837310791,1.07500000000238));
#3230=CARTESIAN_POINT('',(11.3007772161474,1.21288185952515,1.07500000000237));
#3231=CARTESIAN_POINT('',(11.3007772161474,1.21288185952515,1.07500000000237));
#3232=CARTESIAN_POINT('',(12.851637840271,2.31052994728087,1.07500000000237));
#3233=CARTESIAN_POINT('',(12.851637840271,2.31052994728088,2.27500000000415));
#3234=CARTESIAN_POINT('',(11.3007772161474,1.21288185952518,2.27500000000415));
#3235=CARTESIAN_POINT('',(11.3007772161474,1.21288185952515,1.07500000000237));
#3236=CARTESIAN_POINT('',(12.851637840271,2.31052994728087,1.07500000000237));
#3237=CARTESIAN_POINT('',(12.851637840271,2.31052994728087,1.07500000000237));
#3238=CARTESIAN_POINT('',(12.851637840271,2.31052994728088,2.27500000000415));
#3239=CARTESIAN_POINT('',(12.851637840271,2.31052994728088,2.27500000000415));
#3240=CARTESIAN_POINT('',(11.3007772161474,1.21288185952518,2.27500000000415));
#3241=CARTESIAN_POINT('',(11.3007772161474,1.21288185952518,2.27500000000415));
#3242=CARTESIAN_POINT('',(11.3007772161474,1.21288185952515,1.07500000000237));
#3243=CARTESIAN_POINT('',(10.9327978883794,0.952435948414135,-0.588381000000068));
#3244=CARTESIAN_POINT('',(10.9999990463257,0.999998715414252,-0.491999999999924));
#3245=CARTESIAN_POINT('',(17.7201148409589,5.75627541542054,-0.49199999999994));
#3246=CARTESIAN_POINT('',(10.9999990463257,0.999998715414252,4.52970994047064E-14));
#3247=CARTESIAN_POINT('',(17.7201148409589,5.75627541542054,2.8421709430404E-14));
#3248=CARTESIAN_POINT('',(10.9999990463257,0.999998715414252,-0.491999999999924));
#3249=CARTESIAN_POINT('',(17.7201148409589,5.75627541542054,-0.49199999999994));
#3250=CARTESIAN_POINT('',(17.7201148409589,5.75627541542054,-0.49199999999994));
#3251=CARTESIAN_POINT('',(17.7201148409589,5.75627541542054,2.8421709430404E-14));
#3252=CARTESIAN_POINT('',(10.9999990463257,0.999998715414252,4.52970994047064E-14));
#3253=CARTESIAN_POINT('',(17.7201148409589,5.75627541542054,2.8421709430404E-14));
#3254=CARTESIAN_POINT('',(10.9999990463257,0.999998715414252,4.52970994047064E-14));
#3255=CARTESIAN_POINT('',(10.9999990463257,0.999998715414252,-0.491999999999924));
#3256=CARTESIAN_POINT('',(17.7201157946332,5.75627670000626,-0.491999999999924));
#3257=CARTESIAN_POINT('',(17.7201157946332,5.75627670000627,-0.491999999999924));
#3258=CARTESIAN_POINT('',(10.0983883218742,16.5249712908844,-0.491999999999924));
#3259=CARTESIAN_POINT('',(17.7201157946332,5.75627670000627,3.10862446895044E-14));
#3260=CARTESIAN_POINT('',(10.0983883218742,16.5249712908844,3.10862446895044E-14));
#3261=CARTESIAN_POINT('',(17.7201157946332,5.75627670000627,-0.491999999999924));
#3262=CARTESIAN_POINT('',(10.0983883218742,16.5249712908844,-0.491999999999924));
#3263=CARTESIAN_POINT('',(10.0983883218742,16.5249712908844,-0.491999999999924));
#3264=CARTESIAN_POINT('',(10.0983883218742,16.5249712908844,3.10862446895044E-14));
#3265=CARTESIAN_POINT('',(17.7201157946332,5.75627670000627,3.10862446895044E-14));
#3266=CARTESIAN_POINT('',(10.0983883218742,16.5249712908844,3.10862446895044E-14));
#3267=CARTESIAN_POINT('',(17.7201157946332,5.75627670000627,3.10862446895044E-14));
#3268=CARTESIAN_POINT('',(17.7201157946332,5.75627670000627,-0.491999999999924));
#3269=CARTESIAN_POINT('',(3.31107136929472,11.7211318238781,9.24248100001452));
#3270=CARTESIAN_POINT('',(10.0983883218742,16.5249712908844,-0.491999999999924));
#3271=CARTESIAN_POINT('',(3.37827252724099,11.7686945908782,-0.491999999999924));
#3272=CARTESIAN_POINT('',(10.0983883218742,16.5249712908844,3.10862446895044E-14));
#3273=CARTESIAN_POINT('',(3.37827252724099,11.7686945908782,3.81916720471054E-14));
#3274=CARTESIAN_POINT('',(10.0983883218742,16.5249712908844,-0.491999999999924));
#3275=CARTESIAN_POINT('',(3.37827252724099,11.7686945908782,-0.491999999999924));
#3276=CARTESIAN_POINT('',(3.37827252724099,11.7686945908782,-0.491999999999924));
#3277=CARTESIAN_POINT('',(3.37827252724099,11.7686945908782,3.81916720471054E-14));
#3278=CARTESIAN_POINT('',(10.0983883218742,16.5249712908844,3.10862446895044E-14));
#3279=CARTESIAN_POINT('',(3.37827252724099,11.7686945908782,3.81916720471054E-14));
#3280=CARTESIAN_POINT('',(10.0983883218742,16.5249712908844,3.10862446895044E-14));
#3281=CARTESIAN_POINT('',(10.0983883218742,16.5249712908844,-0.491999999999924));
#3282=CARTESIAN_POINT('',(3.37827252724099,11.7686945908781,-0.49199999999994));
#3283=CARTESIAN_POINT('',(3.37827252724099,11.7686945908782,-0.49199999999994));
#3284=CARTESIAN_POINT('',(11.,1.,-0.49199999999994));
#3285=CARTESIAN_POINT('',(3.37827252724099,11.7686945908782,7.105427357601E-15));
#3286=CARTESIAN_POINT('',(11.,1.,0.));
#3287=CARTESIAN_POINT('',(3.37827252724099,11.7686945908782,-0.49199999999994));
#3288=CARTESIAN_POINT('',(11.,1.,-0.49199999999994));
#3289=CARTESIAN_POINT('',(11.,1.,-0.49199999999994));
#3290=CARTESIAN_POINT('',(11.,1.,0.));
#3291=CARTESIAN_POINT('',(3.37827252724099,11.7686945908782,7.105427357601E-15));
#3292=CARTESIAN_POINT('',(11.,1.,0.));
#3293=CARTESIAN_POINT('',(3.37827252724099,11.7686945908782,7.105427357601E-15));
#3294=CARTESIAN_POINT('',(3.37827252724099,11.7686945908782,-0.49199999999994));
#3295=CARTESIAN_POINT('',(3.31107136929472,11.7211318238781,9.24248100001452));
#3296=CARTESIAN_POINT('',(6.71955276736927,14.1335427333766,9.14610000001437));
#3297=CARTESIAN_POINT('',(10.0983883218743,16.5249712908844,5.00664310860734));
#3298=CARTESIAN_POINT('',(3.37827252724102,11.7686945908782,5.05256737011165));
#3299=CARTESIAN_POINT('',(3.91984121960928,12.1519990802177,0.0740000000009031));
#3300=CARTESIAN_POINT('',(4.67486547082734,12.6863803860988,3.19200000000553));
#3301=CARTESIAN_POINT('',(7.33581580484989,14.5697134208796,3.19200000000553));
#3302=CARTESIAN_POINT('',(7.33581580484989,14.5697134208796,0.0740000000009031));
#3303=CARTESIAN_POINT('',(3.91984121960928,12.1519990802177,2.66500000000476));
#3304=CARTESIAN_POINT('',(6.10328972988856,13.6973720458738,2.66500000000476));
#3305=CARTESIAN_POINT('',(6.10328972988856,13.6973720458738,0.0740000000009031));
#3306=CARTESIAN_POINT('',(4.67486547082734,12.6863803860988,5.40500000000881));
#3307=CARTESIAN_POINT('',(6.10328972988856,13.6973720458738,5.40500000000881));
#3308=CARTESIAN_POINT('',(6.10328972988856,13.6973720458738,3.19200000000553));
#3309=CARTESIAN_POINT('',(7.33581580484989,14.5697134208796,5.40500000000881));
#3310=CARTESIAN_POINT('',(8.7642400639111,15.5807050806546,5.40500000000881));
#3311=CARTESIAN_POINT('',(8.76424006391107,15.5807050806546,3.19200000000553));
#3312=CARTESIAN_POINT('',(7.33581580484989,14.5697134208796,2.66500000000476));
#3313=CARTESIAN_POINT('',(9.51926431512916,16.1150863865356,2.66500000000476));
#3314=CARTESIAN_POINT('',(9.51926431512916,16.1150863865356,0.0740000000009031));
#3315=CARTESIAN_POINT('',(10.0983883218742,16.5249712908844,3.10862446895044E-14));
#3316=CARTESIAN_POINT('',(3.37827252724099,11.7686945908782,3.81916720471054E-14));
#3317=CARTESIAN_POINT('',(6.71955276736927,14.1335427333766,9.14610000001437));
#3318=CARTESIAN_POINT('',(10.0983883218743,16.5249712908844,5.00664310860734));
#3319=CARTESIAN_POINT('',(10.0983883218743,16.5249712908844,5.00664310860734));
#3320=CARTESIAN_POINT('',(10.0983883218742,16.5249712908844,3.10862446895044E-14));
#3321=CARTESIAN_POINT('',(3.37827252724102,11.7686945908782,5.05256737011165));
#3322=CARTESIAN_POINT('',(6.71955276736927,14.1335427333766,9.14610000001437));
#3323=CARTESIAN_POINT('',(3.91984121960928,12.1519990802177,0.0740000000009031));
#3324=CARTESIAN_POINT('',(6.10328972988856,13.6973720458738,0.0740000000009031));
#3325=CARTESIAN_POINT('',(4.67486547082734,12.6863803860988,3.19200000000553));
#3326=CARTESIAN_POINT('',(6.10328972988856,13.6973720458738,3.19200000000553));
#3327=CARTESIAN_POINT('',(7.33581580484989,14.5697134208796,3.19200000000553));
#3328=CARTESIAN_POINT('',(8.76424006391107,15.5807050806546,3.19200000000553));
#3329=CARTESIAN_POINT('',(7.33581580484989,14.5697134208796,0.0740000000009031));
#3330=CARTESIAN_POINT('',(9.51926431512916,16.1150863865356,0.0740000000009031));
#3331=CARTESIAN_POINT('',(3.91984121960928,12.1519990802177,2.66500000000476));
#3332=CARTESIAN_POINT('',(3.91984121960928,12.1519990802177,0.0740000000009031));
#3333=CARTESIAN_POINT('',(6.10328972988856,13.6973720458738,2.66500000000476));
#3334=CARTESIAN_POINT('',(3.91984121960928,12.1519990802177,2.66500000000476));
#3335=CARTESIAN_POINT('',(6.10328972988856,13.6973720458738,0.0740000000009031));
#3336=CARTESIAN_POINT('',(6.10328972988856,13.6973720458738,2.66500000000476));
#3337=CARTESIAN_POINT('',(4.67486547082734,12.6863803860988,5.40500000000881));
#3338=CARTESIAN_POINT('',(4.67486547082734,12.6863803860988,3.19200000000553));
#3339=CARTESIAN_POINT('',(6.10328972988856,13.6973720458738,5.40500000000881));
#3340=CARTESIAN_POINT('',(4.67486547082734,12.6863803860988,5.40500000000881));
#3341=CARTESIAN_POINT('',(6.10328972988856,13.6973720458738,3.19200000000553));
#3342=CARTESIAN_POINT('',(6.10328972988856,13.6973720458738,5.40500000000881));
#3343=CARTESIAN_POINT('',(7.33581580484989,14.5697134208796,5.40500000000881));
#3344=CARTESIAN_POINT('',(7.33581580484989,14.5697134208796,3.19200000000553));
#3345=CARTESIAN_POINT('',(8.7642400639111,15.5807050806546,5.40500000000881));
#3346=CARTESIAN_POINT('',(7.33581580484989,14.5697134208796,5.40500000000881));
#3347=CARTESIAN_POINT('',(8.76424006391107,15.5807050806546,3.19200000000553));
#3348=CARTESIAN_POINT('',(8.7642400639111,15.5807050806546,5.40500000000881));
#3349=CARTESIAN_POINT('',(7.33581580484989,14.5697134208796,2.66500000000476));
#3350=CARTESIAN_POINT('',(7.33581580484989,14.5697134208796,0.0740000000009031));
#3351=CARTESIAN_POINT('',(9.51926431512916,16.1150863865356,2.66500000000476));
#3352=CARTESIAN_POINT('',(7.33581580484989,14.5697134208796,2.66500000000476));
#3353=CARTESIAN_POINT('',(9.51926431512916,16.1150863865356,0.0740000000009031));
#3354=CARTESIAN_POINT('',(9.51926431512916,16.1150863865356,2.66500000000476));
#3355=CARTESIAN_POINT('',(10.0983883218742,16.5249712908844,3.10862446895044E-14));
#3356=CARTESIAN_POINT('',(3.37827252724099,11.7686945908782,3.81916720471054E-14));
#3357=CARTESIAN_POINT('',(3.37827252724099,11.7686945908782,3.81916720471054E-14));
#3358=CARTESIAN_POINT('',(3.37827252724102,11.7686945908782,5.05256737011165));
#3359=CARTESIAN_POINT('',(17.7201157946332,5.75627670000626,-0.491999999999924));
#3360=CARTESIAN_POINT('',(10.0983883218743,16.5249712908844,5.00664310860733));
#3361=CARTESIAN_POINT('',(17.7201157946332,5.75627670000627,5.00664310860733));
#3362=CARTESIAN_POINT('',(15.8590187992722,8.38580986275383,0.0150000000000174));
#3363=CARTESIAN_POINT('',(14.4499852803058,10.3766251586682,0.0260000000000273));
#3364=CARTESIAN_POINT('',(15.8590187992722,8.38580986275383,2.41800000000358));
#3365=CARTESIAN_POINT('',(15.2327816797316,9.27061666093802,2.41800000000358));
#3366=CARTESIAN_POINT('',(15.2327816797316,9.27061666093802,0.0150000000000174));
#3367=CARTESIAN_POINT('',(14.4499852803058,10.3766251586682,2.42420000000359));
#3368=CARTESIAN_POINT('',(13.5372042389089,11.6662882039921,2.42420000000359));
#3369=CARTESIAN_POINT('',(13.5372042389089,11.6662882039921,0.0260000000000273));
#3370=CARTESIAN_POINT('',(17.7201157946332,5.75627670000627,3.10862446895044E-14));
#3371=CARTESIAN_POINT('',(10.0983883218742,16.5249712908844,3.10862446895044E-14));
#3372=CARTESIAN_POINT('',(10.0983883218743,16.5249712908844,5.00664310860733));
#3373=CARTESIAN_POINT('',(17.7201157946332,5.75627670000627,5.00664310860733));
#3374=CARTESIAN_POINT('',(17.7201157946332,5.75627670000627,5.00664310860733));
#3375=CARTESIAN_POINT('',(17.7201157946332,5.75627670000627,3.10862446895044E-14));
#3376=CARTESIAN_POINT('',(15.8590187992722,8.38580986275383,0.0150000000000174));
#3377=CARTESIAN_POINT('',(15.2327816797316,9.27061666093802,0.0150000000000174));
#3378=CARTESIAN_POINT('',(14.4499852803058,10.3766251586682,0.0260000000000273));
#3379=CARTESIAN_POINT('',(13.5372042389089,11.6662882039921,0.0260000000000273));
#3380=CARTESIAN_POINT('',(15.8590187992722,8.38580986275383,2.41800000000358));
#3381=CARTESIAN_POINT('',(15.8590187992722,8.38580986275383,0.0150000000000174));
#3382=CARTESIAN_POINT('',(15.2327816797316,9.27061666093802,2.41800000000358));
#3383=CARTESIAN_POINT('',(15.8590187992722,8.38580986275383,2.41800000000358));
#3384=CARTESIAN_POINT('',(15.2327816797316,9.27061666093802,0.0150000000000174));
#3385=CARTESIAN_POINT('',(15.2327816797316,9.27061666093802,2.41800000000358));
#3386=CARTESIAN_POINT('',(14.4499852803058,10.3766251586682,2.42420000000359));
#3387=CARTESIAN_POINT('',(14.4499852803058,10.3766251586682,0.0260000000000273));
#3388=CARTESIAN_POINT('',(13.5372042389089,11.6662882039921,2.42420000000359));
#3389=CARTESIAN_POINT('',(14.4499852803058,10.3766251586682,2.42420000000359));
#3390=CARTESIAN_POINT('',(13.5372042389089,11.6662882039921,0.0260000000000273));
#3391=CARTESIAN_POINT('',(13.5372042389089,11.6662882039921,2.42420000000359));
#3392=CARTESIAN_POINT('',(17.7201157946332,5.75627670000627,3.10862446895044E-14));
#3393=CARTESIAN_POINT('',(10.0983883218742,16.5249712908844,3.10862446895044E-14));
#3394=CARTESIAN_POINT('',(10.0983883218742,16.5249712908844,3.10862446895044E-14));
#3395=CARTESIAN_POINT('',(10.0983883218743,16.5249712908844,5.00664310860733));
#3396=CARTESIAN_POINT('',(3.37827252724096,11.7686945908782,0.));
#3397=CARTESIAN_POINT('',(11.,1.,0.));
#3398=CARTESIAN_POINT('',(10.9999999999999,1.00000000000004,5.05256737011163));
#3399=CARTESIAN_POINT('',(3.37827252724102,11.7686945908782,5.05256737011165));
#3400=CARTESIAN_POINT('',(3.37827252724099,11.7686945908782,3.81916720471054E-14));
#3401=CARTESIAN_POINT('',(6.72986008387031,7.03325594905753,0.0740000000001197));
#3402=CARTESIAN_POINT('',(7.84483945722218,5.45790805192149,0.0740000000001197));
#3403=CARTESIAN_POINT('',(7.84483945722218,5.45790805192149,2.39200000000356));
#3404=CARTESIAN_POINT('',(6.72986008387031,7.03325594905753,2.39200000000356));
#3405=CARTESIAN_POINT('',(11.,1.,0.));
#3406=CARTESIAN_POINT('',(10.9999999999999,1.00000000000004,5.05256737011163));
#3407=CARTESIAN_POINT('',(10.9999999999999,1.00000000000004,5.05256737011163));
#3408=CARTESIAN_POINT('',(3.37827252724102,11.7686945908782,5.05256737011165));
#3409=CARTESIAN_POINT('',(3.37827252724102,11.7686945908782,5.05256737011165));
#3410=CARTESIAN_POINT('',(3.37827252724099,11.7686945908782,3.81916720471054E-14));
#3411=CARTESIAN_POINT('',(3.37827252724099,11.7686945908782,3.81916720471054E-14));
#3412=CARTESIAN_POINT('',(11.,1.,0.));
#3413=CARTESIAN_POINT('',(6.72986008387031,7.03325594905753,0.0740000000001197));
#3414=CARTESIAN_POINT('',(7.84483945722218,5.45790805192149,0.0740000000001197));
#3415=CARTESIAN_POINT('',(7.84483945722218,5.45790805192149,0.0740000000001197));
#3416=CARTESIAN_POINT('',(7.84483945722218,5.45790805192149,2.39200000000356));
#3417=CARTESIAN_POINT('',(7.84483945722218,5.45790805192149,2.39200000000356));
#3418=CARTESIAN_POINT('',(6.72986008387031,7.03325594905753,2.39200000000356));
#3419=CARTESIAN_POINT('',(6.72986008387031,7.03325594905753,2.39200000000356));
#3420=CARTESIAN_POINT('',(6.72986008387031,7.03325594905753,0.0740000000001197));
#3421=CARTESIAN_POINT('',(3.37827252724102,11.7686945908781,-0.491999999999924));
#3422=CARTESIAN_POINT('',(3.37827252724102,11.7686945908781,-0.491999999999924));
#3423=CARTESIAN_POINT('',(11.,1.,-0.491999999999924));
#3424=CARTESIAN_POINT('',(17.7201157946332,5.75627670000628,-0.491999999999924));
#3425=CARTESIAN_POINT('',(10.0983883218742,16.5249712908844,-0.491999999999924));
#3426=CARTESIAN_POINT('',(3.37827252724102,11.7686945908781,-0.491999999999924));
#3427=CARTESIAN_POINT('',(11.,1.,-0.491999999999924));
#3428=CARTESIAN_POINT('',(11.,1.,-0.491999999999924));
#3429=CARTESIAN_POINT('',(17.7201157946332,5.75627670000628,-0.491999999999924));
#3430=CARTESIAN_POINT('',(17.7201157946332,5.75627670000628,-0.491999999999924));
#3431=CARTESIAN_POINT('',(10.0983883218742,16.5249712908844,-0.491999999999924));
#3432=CARTESIAN_POINT('',(10.0983883218742,16.5249712908844,-0.491999999999924));
#3433=CARTESIAN_POINT('',(3.37827252724102,11.7686945908781,-0.491999999999924));
#3434=CARTESIAN_POINT('',(15.777892395753,4.38163422875779,4.05500000000681));
#3435=CARTESIAN_POINT('',(15.777892395753,4.38163422875779,4.05500000000681));
#3436=CARTESIAN_POINT('',(16.4390487670899,4.84957893985364,4.0550000000068));
#3437=CARTESIAN_POINT('',(16.4390487670899,4.84957893985364,5.3350000000087));
#3438=CARTESIAN_POINT('',(15.777892395753,4.38163422875779,5.3350000000087));
#3439=CARTESIAN_POINT('',(15.777892395753,4.38163422875779,4.05500000000681));
#3440=CARTESIAN_POINT('',(16.4390487670899,4.84957893985364,4.0550000000068));
#3441=CARTESIAN_POINT('',(16.4390487670899,4.84957893985364,4.0550000000068));
#3442=CARTESIAN_POINT('',(16.4390487670899,4.84957893985364,5.3350000000087));
#3443=CARTESIAN_POINT('',(16.4390487670899,4.84957893985364,5.3350000000087));
#3444=CARTESIAN_POINT('',(15.777892395753,4.38163422875779,5.3350000000087));
#3445=CARTESIAN_POINT('',(15.777892395753,4.38163422875779,5.3350000000087));
#3446=CARTESIAN_POINT('',(15.777892395753,4.38163422875779,4.05500000000681));
#3447=CARTESIAN_POINT('',(14.9306074333212,3.78195557584578,4.0550000000068));
#3448=CARTESIAN_POINT('',(14.9306074333212,3.78195557584578,4.0550000000068));
#3449=CARTESIAN_POINT('',(15.5917882919311,4.24991761822724,4.0550000000068));
#3450=CARTESIAN_POINT('',(15.5917882919312,4.24991761822724,5.3350000000087));
#3451=CARTESIAN_POINT('',(14.9306074333212,3.78195557584578,5.3350000000087));
#3452=CARTESIAN_POINT('',(14.9306074333212,3.78195557584578,4.0550000000068));
#3453=CARTESIAN_POINT('',(15.5917882919311,4.24991761822724,4.0550000000068));
#3454=CARTESIAN_POINT('',(15.5917882919311,4.24991761822724,4.0550000000068));
#3455=CARTESIAN_POINT('',(15.5917882919312,4.24991761822724,5.3350000000087));
#3456=CARTESIAN_POINT('',(15.5917882919312,4.24991761822724,5.3350000000087));
#3457=CARTESIAN_POINT('',(14.9306074333212,3.78195557584578,5.3350000000087));
#3458=CARTESIAN_POINT('',(14.9306074333212,3.78195557584578,5.3350000000087));
#3459=CARTESIAN_POINT('',(14.9306074333212,3.78195557584578,4.0550000000068));
#3460=CARTESIAN_POINT('',(13.0907964706421,2.47979569435122,4.0550000000068));
#3461=CARTESIAN_POINT('',(13.0907964706421,2.47979569435122,4.0550000000068));
#3462=CARTESIAN_POINT('',(13.751952841979,2.94774040544706,4.0550000000068));
#3463=CARTESIAN_POINT('',(13.751952841979,2.94774040544706,5.3350000000087));
#3464=CARTESIAN_POINT('',(13.0907964706421,2.4797956943512,5.3350000000087));
#3465=CARTESIAN_POINT('',(13.0907964706421,2.47979569435122,4.0550000000068));
#3466=CARTESIAN_POINT('',(13.751952841979,2.94774040544706,4.0550000000068));
#3467=CARTESIAN_POINT('',(13.751952841979,2.94774040544706,4.0550000000068));
#3468=CARTESIAN_POINT('',(13.751952841979,2.94774040544706,5.3350000000087));
#3469=CARTESIAN_POINT('',(13.751952841979,2.94774040544706,5.3350000000087));
#3470=CARTESIAN_POINT('',(13.0907964706421,2.4797956943512,5.3350000000087));
#3471=CARTESIAN_POINT('',(13.0907964706421,2.4797956943512,5.3350000000087));
#3472=CARTESIAN_POINT('',(13.0907964706421,2.47979569435122,4.0550000000068));
#3473=CARTESIAN_POINT('',(12.2435369491577,1.88013291358949,4.0550000000068));
#3474=CARTESIAN_POINT('',(12.2435369491577,1.88013291358949,4.0550000000068));
#3475=CARTESIAN_POINT('',(12.9046933204946,2.34807762468536,4.05500000000679));
#3476=CARTESIAN_POINT('',(12.9046933204946,2.34807762468534,5.33500000000869));
#3477=CARTESIAN_POINT('',(12.2435369491577,1.88013291358948,5.33500000000869));
#3478=CARTESIAN_POINT('',(12.2435369491577,1.88013291358949,4.0550000000068));
#3479=CARTESIAN_POINT('',(12.9046933204946,2.34807762468536,4.05500000000679));
#3480=CARTESIAN_POINT('',(12.9046933204946,2.34807762468536,4.05500000000679));
#3481=CARTESIAN_POINT('',(12.9046933204946,2.34807762468534,5.33500000000869));
#3482=CARTESIAN_POINT('',(12.9046933204946,2.34807762468534,5.33500000000869));
#3483=CARTESIAN_POINT('',(12.2435369491577,1.88013291358948,5.33500000000869));
#3484=CARTESIAN_POINT('',(12.2435369491577,1.88013291358948,5.33500000000869));
#3485=CARTESIAN_POINT('',(12.2435369491577,1.88013291358949,4.0550000000068));
#3486=CARTESIAN_POINT('',(6.10328902804316,13.6973720458738,3.19200000000553));
#3487=CARTESIAN_POINT('',(6.10328902804316,13.6973720458738,3.19200000000553));
#3488=CARTESIAN_POINT('',(4.67486476898193,12.6863803860988,3.19200000000553));
#3489=CARTESIAN_POINT('',(4.67486476898193,12.6863803860988,5.40500000000881));
#3490=CARTESIAN_POINT('',(6.10328902804316,13.6973720458738,5.40500000000881));
#3491=CARTESIAN_POINT('',(6.10328902804316,13.6973720458738,3.19200000000553));
#3492=CARTESIAN_POINT('',(4.67486476898193,12.6863803860988,3.19200000000553));
#3493=CARTESIAN_POINT('',(4.67486476898193,12.6863803860988,3.19200000000553));
#3494=CARTESIAN_POINT('',(4.67486476898193,12.6863803860988,5.40500000000881));
#3495=CARTESIAN_POINT('',(4.67486476898193,12.6863803860988,5.40500000000881));
#3496=CARTESIAN_POINT('',(6.10328902804316,13.6973720458738,5.40500000000881));
#3497=CARTESIAN_POINT('',(6.10328902804316,13.6973720458738,5.40500000000881));
#3498=CARTESIAN_POINT('',(6.10328902804316,13.6973720458738,3.19200000000553));
#3499=CARTESIAN_POINT('',(8.7642387350744,15.5807033449557,3.19200000000553));
#3500=CARTESIAN_POINT('',(8.7642387350744,15.5807033449557,3.19200000000553));
#3501=CARTESIAN_POINT('',(7.33581447601321,14.5697116851807,3.19200000000553));
#3502=CARTESIAN_POINT('',(7.33581447601319,14.5697116851807,5.40500000000881));
#3503=CARTESIAN_POINT('',(8.7642387350744,15.5807033449557,5.40500000000881));
#3504=CARTESIAN_POINT('',(8.7642387350744,15.5807033449557,3.19200000000553));
#3505=CARTESIAN_POINT('',(7.33581447601321,14.5697116851807,3.19200000000553));
#3506=CARTESIAN_POINT('',(7.33581447601321,14.5697116851807,3.19200000000553));
#3507=CARTESIAN_POINT('',(7.33581447601319,14.5697116851807,5.40500000000881));
#3508=CARTESIAN_POINT('',(7.33581447601319,14.5697116851807,5.40500000000881));
#3509=CARTESIAN_POINT('',(8.7642387350744,15.5807033449557,5.40500000000881));
#3510=CARTESIAN_POINT('',(8.7642387350744,15.5807033449557,5.40500000000881));
#3511=CARTESIAN_POINT('',(8.7642387350744,15.5807033449557,3.19200000000553));
#3512=CARTESIAN_POINT('',(0.,0.,0.));
ENDSEC;
END-ISO-10303-21;
